province,date,cases,year,population,temp_mean,temp_max,temp_min,precip_total,rh_mean,oni,dmi,month,incidence_per_100k,time_index
BALI,2004-01-01,69.0,2004,3380000,26.05161290322581,27.94838709677419,24.40967741935484,339.4,87.64516129032258,0.37,0.044,1,2.0414201183431953,0
BALI,2004-02-01,439.0,2004,3380000,26.337931034482757,28.120689655172413,24.920689655172417,293.4,86.24137931034483,0.31,0.114,2,12.988165680473372,1
BALI,2004-03-01,890.0,2004,3380000,26.24516129032258,27.870967741935484,24.83225806451613,343.9,87.38709677419355,0.23,0.077,3,26.331360946745562,2
BALI,2004-04-01,429.0,2004,3380000,26.503333333333337,28.290000000000003,25.12,68.2,85.8,0.17,-0.08,4,12.692307692307692,3
BALI,2004-05-01,17.0,2004,3380000,25.88064516129032,27.55161290322581,24.593548387096774,124.0,86.61290322580645,0.17,-0.565,5,0.5029585798816568,4
BALI,2004-06-01,10.0,2004,3380000,24.973333333333336,26.526666666666664,23.88,11.9,80.23333333333333,0.28,-0.384,6,0.2958579881656805,5
BALI,2005-01-01,216.0,2005,3380000,26.11935483870968,27.83225806451613,24.73548387096774,273.2,86.51612903225806,0.64,-0.124,1,6.390532544378698,6
BALI,2005-02-01,379.0,2005,3380000,26.61785714285714,28.667857142857144,24.946428571428573,243.5,86.46428571428571,0.58,-0.56,2,11.21301775147929,7
BALI,2005-03-01,299.0,2005,3380000,26.490322580645163,28.31935483870968,24.929032258064513,357.2,87.16129032258064,0.45,-0.432,3,8.846153846153847,8
BALI,2005-04-01,298.0,2005,3380000,26.426666666666662,28.303333333333335,24.883333333333333,283.8,86.33333333333333,0.43,0.084,4,8.816568047337277,9
BALI,2005-05-01,327.0,2005,3380000,26.151612903225807,28.074193548387097,24.69032258064516,12.5,83.38709677419355,0.29,-0.033,5,9.674556213017752,10
BALI,2005-06-01,259.0,2005,3380000,25.69333333333333,27.676666666666662,24.216666666666665,72.8,86.9,0.11,-0.176,6,7.662721893491124,11
BALI,2005-07-01,178.0,2005,3380000,25.003225806451617,26.677419354838708,23.89032258064516,70.60000000000001,82.58064516129032,-0.06,-0.384,7,5.266272189349112,12
BALI,2005-08-01,109.0,2005,3380000,24.41290322580645,26.287096774193547,23.016129032258064,38.2,84.29032258064517,-0.14,-0.345,8,3.224852071005917,13
BALI,2005-09-01,112.0,2005,3380000,24.80666666666667,26.77,23.413333333333338,36.7,86.46666666666667,-0.11,-0.534,9,3.3136094674556213,14
BALI,2005-10-01,111.0,2005,3380000,25.26774193548387,27.074193548387097,23.75483870967742,234.8,87.74193548387096,-0.29,-0.436,10,3.2840236686390534,15
BALI,2005-11-01,135.0,2005,3380000,25.836666666666662,27.83,24.223333333333336,123.2,83.53333333333333,-0.57,-0.272,11,3.9940828402366866,16
BALI,2006-01-01,1023.0,2006,3482200,25.91290322580645,27.61935483870968,24.509677419354837,485.1,87.93548387096774,-0.85,-0.135,1,29.37797943828614,17
BALI,2006-02-01,1061.0,2006,3482200,25.925,27.717857142857145,24.364285714285717,274.6,86.64285714285714,-0.77,-0.305,2,30.469243581643788,18
BALI,2006-03-01,811.0,2006,3482200,26.216129032258067,28.203225806451613,24.625806451612902,325.3,86.93548387096774,-0.57,-0.226,3,23.28987421744874,19
BALI,2006-04-01,689.0,2006,3482200,25.886666666666667,27.676666666666662,24.486666666666668,257.5,86.76666666666667,-0.37,-0.015,4,19.786341967721555,20
BALI,2007-01-01,276.0,2007,3584400,26.135483870967743,27.887096774193548,24.84193548387097,120.2,84.54838709677419,0.66,0.224,1,7.700033478406428,21
BALI,2007-02-01,466.0,2007,3584400,26.428571428571427,28.417857142857144,24.832142857142856,281.7,86.03571428571429,0.22,0.15,2,13.00078116281665,22
BALI,2007-03-01,575.0,2007,3584400,26.39032258064516,28.34193548387097,24.851612903225806,413.9,85.74193548387096,-0.12,0.116,3,16.041736413346726,23
BALI,2007-04-01,784.0,2007,3584400,26.13,27.91,24.63,208.0,87.93333333333334,-0.32,0.1,4,21.87255886619797,24
BALI,2007-05-01,1387.0,2007,3584400,26.006451612903227,27.716129032258067,24.83225806451613,98.1,87.64516129032258,-0.38,0.27,5,38.69545809619462,25
BALI,2007-06-01,995.0,2007,3584400,24.996666666666663,26.39333333333333,24.096666666666668,105.2,86.63333333333334,-0.47,0.03,6,27.759178663095636,26
BALI,2007-07-01,585.0,2007,3584400,24.141935483870967,25.741935483870968,23.096774193548388,36.3,86.61290322580645,-0.56,0.045,7,16.32072313357884,27
BALI,2007-08-01,376.0,2007,3584400,23.73225806451613,25.496774193548383,22.638709677419353,54.7,85.38709677419355,-0.81,0.236,8,10.489900680727597,28
BALI,2007-09-01,192.0,2007,3584400,24.040000000000003,26.243333333333332,22.376666666666665,4.5,84.63333333333334,-1.07,0.235,9,5.356545028456646,29
BALI,2007-10-01,171.0,2007,3584400,25.067741935483873,27.216129032258067,23.27741935483871,70.5,87.35483870967742,-1.34,0.068,10,4.7706729159692,30
BALI,2007-11-01,203.0,2007,3584400,25.84333333333333,27.716666666666665,24.373333333333335,142.0,84.93333333333334,-1.5,-0.023,11,5.663430420711974,31
BALI,2007-12-01,365.0,2007,3584400,25.77741935483871,27.635483870967743,24.270967741935483,533.6,89.64516129032258,-1.6,-0.227,12,10.18301528847227,32
BALI,2008-01-01,600.0,2008,3686600,26.016129032258064,27.693548387096776,24.606451612903225,307.7,85.80645161290323,-1.64,0.115,1,16.27515868279716,33
BALI,2008-02-01,903.0,2008,3686600,26.07586206896552,27.99655172413793,24.50689655172414,375.5,86.0,-1.52,-0.072,2,24.494113817609723,34
BALI,2008-03-01,980.0,2008,3686600,25.648387096774194,27.700000000000003,23.887096774193548,543.0,88.64516129032258,-1.29,0.097,3,26.582759181902023,35
BALI,2008-04-01,1022.0,2008,3686600,25.89333333333333,27.82,24.41,237.2,86.16666666666667,-1.01,-0.153,4,27.722020289697824,36
BALI,2008-05-01,1126.0,2008,3686600,25.34193548387097,26.94516129032258,24.20967741935484,81.7,83.61290322580645,-0.84,0.178,5,30.543047794716,37
BALI,2008-06-01,581.0,2008,3686600,24.82,26.573333333333338,23.733333333333334,15.3,84.96666666666667,-0.61,0.215,6,15.759778657841913,38
BALI,2008-07-01,280.0,2008,3686600,23.990322580645163,25.75483870967742,22.925806451612903,17.3,81.19354838709677,-0.37,0.246,7,7.595074051972007,39
BALI,2008-08-01,108.0,2008,3686600,24.299999999999997,26.280645161290323,23.106451612903225,47.6,84.80645161290323,-0.23,0.124,8,2.929528562903488,40
BALI,2008-09-01,116.0,2008,3686600,24.77,26.94,23.256666666666668,36.1,85.33333333333333,-0.24,0.086,9,3.146530678674117,41
BALI,2008-10-01,115.0,2008,3686600,25.893548387096775,28.01290322580645,24.34193548387097,102.5,87.61290322580645,-0.35,0.029,10,3.1194054142027885,42
BALI,2008-11-01,161.0,2008,3686600,25.94333333333333,27.84333333333333,24.533333333333335,332.3,88.86666666666666,-0.55,-0.128,11,4.367167579883904,43
BALI,2008-12-01,262.0,2008,3686600,25.83225806451613,27.406451612903226,24.56451612903226,289.1,85.96774193548387,-0.73,-0.053,12,7.106819291488092,44
BALI,2009-01-01,400.0,2009,3788800,25.916129032258063,27.638709677419353,24.593548387096774,361.4,86.96774193548387,-0.85,0.031,1,10.557432432432432,45
BALI,2009-02-01,456.0,2009,3788800,25.767857142857142,27.660714285714285,24.292857142857144,375.4,87.60714285714286,-0.79,0.163,2,12.035472972972974,46
BALI,2009-03-01,587.0,2009,3788800,26.23870967741935,28.106451612903225,24.46451612903226,223.1,85.12903225806451,-0.61,0.1,3,15.493032094594595,47
BALI,2009-04-01,862.0,2009,3788800,26.65666666666667,28.543333333333333,25.27,114.1,85.76666666666667,-0.33,0.126,4,22.75126689189189,48
BALI,2009-05-01,1006.0,2009,3788800,26.09032258064516,27.748387096774195,24.845161290322583,200.4,86.90322580645162,0.01,0.256,5,26.55194256756757,49
BALI,2009-06-01,818.0,2009,3788800,25.773333333333333,27.55,24.59333333333333,26.6,83.3,0.28,0.1,6,21.589949324324323,50
BALI,2009-07-01,451.0,2009,3788800,24.838709677419356,26.593548387096774,23.674193548387095,48.4,81.35483870967742,0.45,-0.192,7,11.903505067567568,51
BALI,2009-08-01,287.0,2009,3788800,24.387096774193548,26.25483870967742,23.24516129032258,13.8,84.83870967741936,0.58,-0.104,8,7.57495777027027,52
BALI,2009-09-01,158.0,2009,3788800,24.38,26.41,22.85666666666667,107.9,88.93333333333334,0.71,-0.103,9,4.1701858108108105,53
BALI,2009-10-01,187.0,2009,3788800,25.23225806451613,27.274193548387096,23.561290322580643,74.0,86.96774193548387,1.01,-0.013,10,4.935599662162162,54
BALI,2009-11-01,277.0,2009,3788800,26.493333333333332,28.433333333333337,24.813333333333333,98.2,85.4,1.36,-0.067,11,7.31102195945946,55
BALI,2009-12-01,321.0,2009,3788800,26.77741935483871,28.838709677419356,25.23548387096774,129.6,82.7741935483871,1.56,0.16,12,8.472339527027026,56
BALI,2010-01-01,682.0,2010,3891000,26.37741935483871,28.293548387096777,24.919354838709676,313.4,86.41935483870968,1.5,0.294,1,17.52762785916217,57
BALI,2010-02-01,1048.0,2010,3891000,26.63214285714286,28.435714285714287,25.067857142857143,343.2,87.71428571428571,1.22,0.023,2,26.933950141351836,58
BALI,2010-03-01,1221.0,2010,3891000,26.97741935483871,28.919354838709676,25.348387096774193,229.3,85.70967741935483,0.84,0.458,3,31.38010794140324,59
BALI,2010-04-01,1482.0,2010,3891000,26.61,28.46333333333333,25.003333333333337,348.4,88.43333333333334,0.35,0.37,4,38.08789514263685,60
BALI,2010-05-01,1373.0,2010,3891000,26.54516129032258,28.193548387096776,25.270967741935483,358.7,89.54838709677419,-0.17,-0.03,5,35.286558725263426,61
BALI,2010-06-01,1645.0,2010,3891000,26.023333333333333,27.483333333333334,24.90666666666667,128.3,86.43333333333334,-0.66,-0.14,6,42.27704960164482,62
BALI,2010-07-01,1578.0,2010,3891000,25.33225806451613,26.990322580645163,24.12258064516129,167.5,88.16129032258064,-1.05,-0.001,7,40.555127216653815,63
BALI,2010-08-01,868.0,2010,3891000,25.177419354838708,26.94193548387097,24.0258064516129,92.5,87.19354838709677,-1.35,-0.062,8,22.307890002570034,64
BALI,2010-09-01,530.0,2010,3891000,25.59,27.446666666666665,24.136666666666667,330.9,88.83333333333333,-1.56,-0.268,9,13.62117707530198,65
BALI,2010-10-01,582.0,2010,3891000,26.006451612903227,27.75483870967742,24.612903225806452,237.3,87.38709677419355,-1.64,-0.437,10,14.957594448727834,66
BALI,2010-11-01,662.0,2010,3891000,26.373333333333335,28.383333333333333,24.653333333333332,261.7,86.7,-1.64,-0.495,11,17.0136211770753,67
BALI,2010-12-01,26.0,2010,3891000,26.174193548387095,28.15806451612903,24.606451612903225,357.4,86.51612903225806,-1.54,-0.212,12,0.6682086867129272,68
BALI,2011-01-01,649.0,2011,3943200,26.0,28.080645161290324,24.37741935483871,379.5,86.64516129032258,-1.31,0.192,1,16.458713735037534,69
BALI,2011-02-01,589.0,2011,3943200,26.325,28.517857142857142,24.642857142857142,320.7,85.07142857142857,-1.04,0.242,2,14.937106918238994,70
BALI,2011-03-01,488.0,2011,3943200,25.938709677419357,27.58709677419355,24.612903225806452,295.9,87.12903225806451,-0.8,0.367,3,12.375735443294786,71
BALI,2011-05-01,283.0,2011,3943200,25.700000000000003,27.374193548387098,24.43548387096774,244.5,86.45161290322581,-0.46,-0.089,5,7.176912152566444,72
BALI,2011-06-01,188.0,2011,3943200,24.503333333333337,26.1,23.55,44.0,82.66666666666667,-0.37,0.055,6,4.76770135930209,73
BALI,2011-07-01,105.0,2011,3943200,24.112903225806452,25.88064516129032,22.938709677419357,34.5,85.58064516129032,-0.43,0.223,7,2.6628119293974435,74
BALI,2011-08-01,65.0,2011,3943200,24.05806451612903,26.03548387096774,22.81935483870968,8.8,82.48387096774194,-0.58,0.344,8,1.6484073848650842,75
BALI,2011-09-01,40.0,2011,3943200,24.19,26.376666666666665,22.6,27.9,86.36666666666666,-0.79,0.202,9,1.0144045445323595,76
BALI,2011-10-01,80.0,2011,3943200,24.98709677419355,27.006451612903227,23.351612903225806,68.3,88.03225806451613,-0.96,0.356,10,2.028809089064719,77
BALI,2011-11-01,82.0,2011,3943200,25.926666666666662,27.743333333333332,24.39333333333333,266.9,88.2,-1.02,0.336,11,2.079529316291337,78
BALI,2011-12-01,128.0,2011,3943200,26.032258064516128,27.69677419354839,24.648387096774194,320.2,88.38709677419355,-0.92,-0.128,12,3.2460945425035503,79
BALI,2012-01-01,186.0,2012,3995400,25.838709677419356,27.812903225806455,24.351612903225806,584.3,88.09677419354838,-0.72,0.046,1,4.655353656705211,80
BALI,2012-02-01,371.0,2012,3995400,25.917241379310347,28.02758620689655,24.320689655172412,317.0,87.65517241379311,-0.57,-0.078,2,9.285678530309855,81
BALI,2012-03-01,327.0,2012,3995400,25.748387096774195,27.606451612903225,24.280645161290323,472.3,87.54838709677419,-0.46,0.026,3,8.184412073884967,82
BALI,2012-04-01,383.0,2012,3995400,26.206666666666667,28.076666666666664,24.69,118.7,85.46666666666667,-0.36,-0.271,4,9.586023927516644,83
BALI,2012-05-01,389.0,2012,3995400,25.532258064516128,27.14516129032258,24.335483870967742,111.6,85.35483870967742,-0.17,-0.37,5,9.736196626120037,84
BALI,2012-06-01,294.0,2012,3995400,24.68,26.386666666666667,23.503333333333337,24.3,84.23333333333333,0.06,0.001,6,7.3584622315663015,85
BALI,2012-07-01,176.0,2012,3995400,23.616129032258065,25.270967741935483,22.570967741935487,44.5,84.38709677419355,0.3,0.546,7,4.4050658256995545,86
BALI,2012-08-01,111.0,2012,3995400,23.66774193548387,25.61935483870968,22.432258064516127,10.3,83.0,0.41,0.652,8,2.7781949241627872,87
BALI,2012-09-01,83.0,2012,3995400,24.2,26.53,22.346666666666668,16.7,86.33333333333333,0.41,0.453,9,2.077388997346949,88
BALI,2012-10-01,96.0,2012,3995400,25.496774193548383,27.780645161290323,23.693548387096776,39.2,86.6774193548387,0.31,0.11,10,2.4027631776543026,89
BALI,2012-11-01,100.0,2012,3995400,26.34,28.373333333333335,24.576666666666664,146.7,86.3,0.13,-0.1,11,2.5028783100565652,90
BALI,2012-12-01,134.0,2012,3995400,26.23225806451613,28.641935483870967,24.583870967741937,506.4,88.54838709677419,-0.1,0.268,12,3.353856935475797,91
BALI,2013-01-01,311.0,2013,4047600,26.103225806451615,27.80322580645161,24.858064516129033,396.9,88.0,-0.29,-0.065,1,7.6835655697203284,92
BALI,2013-02-01,569.0,2013,4047600,26.55,28.525,24.97142857142857,264.0,85.92857142857143,-0.29,0.189,2,14.05771321276806,93
BALI,2013-03-01,590.0,2013,4047600,26.393548387096775,28.141935483870967,24.938709677419357,281.7,87.51612903225806,-0.21,0.083,3,14.576539183713805,94
BALI,2013-04-01,862.0,2013,4047600,26.586666666666662,28.38,25.066666666666663,229.7,86.6,-0.19,-0.297,4,21.296570807392033,95
BALI,2013-05-01,960.0,2013,4047600,26.358064516129033,28.274193548387096,24.86774193548387,295.0,87.64516129032258,-0.27,-0.506,5,23.717758671805516,96
BALI,2013-06-01,779.0,2013,4047600,26.076666666666664,27.959999999999997,24.45,311.4,88.53333333333333,-0.34,-0.497,6,19.245972922225516,97
BALI,2013-07-01,902.0,2013,4047600,24.932258064516127,26.419354838709676,23.967741935483872,82.5,83.87096774193549,-0.35,-0.18,7,22.284810752050596,98
BALI,2013-08-01,615.0,2013,4047600,24.51290322580645,26.406451612903226,23.306451612903224,19.2,82.12903225806451,-0.28,-0.194,8,15.194189149125407,99
BALI,2013-09-01,402.0,2013,4047600,24.34,26.503333333333337,22.75,32.4,84.9,-0.21,-0.31,9,9.931811443818559,100
BALI,2013-10-01,268.0,2013,4047600,25.41290322580645,27.677419354838708,23.541935483870965,33.8,85.87096774193549,-0.13,-0.168,10,6.621207629212373,101
BALI,2013-11-01,294.0,2013,4047600,25.82,27.78,24.086666666666662,288.7,87.8,-0.1,0.199,11,7.2635635932404385,102
BALI,2013-12-01,261.0,2013,4047600,25.83225806451613,27.57741935483871,24.406451612903226,555.2,87.7741935483871,-0.15,0.141,12,6.448265638897124,103
BALI,2014-01-01,861.0,2014,4099800,25.85483870967742,27.580645161290324,24.451612903225808,350.7,87.61290322580645,-0.28,-0.101,1,21.001024440216597,104
BALI,2014-02-01,1087.0,2014,4099800,26.017857142857142,27.646428571428572,24.739285714285717,309.9,86.67857142857143,-0.32,-0.089,2,26.513488462851846,105
BALI,2014-03-01,957.0,2014,4099800,26.36774193548387,28.274193548387096,24.570967741935487,209.7,85.35483870967742,-0.14,-0.151,3,23.342602078150154,106
BALI,2014-04-01,1065.0,2014,4099800,26.353333333333335,28.17,24.86,174.5,86.7,0.15,-0.058,4,25.976876920825408,107
BALI,2014-05-01,1019.0,2014,4099800,26.77741935483871,28.55806451612903,25.39032258064516,41.1,84.6774193548387,0.31,-0.092,5,24.854870969315577,108
BALI,2014-06-01,985.0,2014,4099800,25.823333333333338,27.596666666666668,24.666666666666668,25.2,84.93333333333334,0.23,-0.028,6,24.025562222547443,109
BALI,2014-07-01,689.0,2014,4099800,24.61935483870968,26.274193548387096,23.470967741935485,66.7,84.90322580645162,0.1,-0.363,7,16.80569783891897,110
BALI,2014-08-01,545.0,2014,4099800,24.403225806451612,26.283870967741933,23.27741935483871,28.8,84.2258064516129,0.11,-0.372,8,13.293331382018636,111
BALI,2014-09-01,410.0,2014,4099800,24.51,26.883333333333333,22.823333333333338,2.6,83.5,0.28,-0.145,9,10.000487828674569,112
BALI,2014-10-01,347.0,2014,4099800,25.425806451612903,27.90967741935484,23.370967741935484,7.4,85.3225806451613,0.54,0.141,10,8.463827503780673,113
BALI,2014-11-01,318.0,2014,4099800,26.39,28.66,24.45,147.0,85.93333333333334,0.71,0.01,11,7.75647592565491,114
BALI,2014-12-01,346.0,2014,4099800,25.896774193548385,27.490322580645163,24.53548387096774,622.9,89.54838709677419,0.77,0.046,12,8.439436070052198,115
BALI,2015-01-01,1001.0,2015,4152000,26.05161290322581,27.69032258064516,24.85483870967742,284.5,85.54838709677419,0.69,-0.1,1,24.108863198458575,116
BALI,2015-02-01,1619.0,2015,4152000,26.00714285714286,27.79642857142857,24.457142857142856,297.2,87.28571428571429,0.61,-0.345,2,38.99325626204239,117
BALI,2015-03-01,1494.0,2015,4152000,26.335483870967742,28.29032258064516,24.687096774193545,266.7,86.0,0.65,-0.241,3,35.982658959537574,118
BALI,2015-04-01,1685.0,2015,4152000,26.266666666666666,28.246666666666663,24.566666666666663,368.1,88.83333333333333,0.81,-0.008,4,40.58285163776493,119
BALI,2015-05-01,1394.0,2015,4152000,25.883870967741935,27.606451612903225,24.583870967741937,47.9,84.51612903225806,1.02,0.24,5,33.57418111753372,120
BALI,2015-06-01,1269.0,2015,4152000,25.209999999999997,26.91,24.18,23.2,84.46666666666667,1.25,0.296,6,30.563583815028903,121
BALI,2015-07-01,725.0,2015,4152000,24.458064516129035,26.48064516129032,23.074193548387097,9.5,85.16129032258064,1.57,0.225,7,17.461464354527937,122
BALI,2015-08-01,411.0,2015,4152000,24.26129032258065,26.383870967741935,22.874193548387098,5.800000000000001,84.29032258064517,1.91,0.567,8,9.898843930635838,123
BALI,2015-09-01,286.0,2015,4152000,24.503333333333337,26.87,22.88,13.9,85.26666666666667,2.21,0.294,9,6.8882466281310215,124
BALI,2015-10-01,219.0,2015,4152000,25.606451612903225,28.29032258064516,23.61935483870968,5.2,86.6774193548387,2.47,0.483,10,5.27456647398844,125
BALI,2015-11-01,212.0,2015,4152000,26.476666666666667,28.766666666666666,24.583333333333332,65.2,85.53333333333333,2.64,0.347,11,5.105973025048169,126
BALI,2015-12-01,389.0,2015,4152000,26.490322580645163,28.30967741935484,25.083870967741937,308.6,87.51612903225806,2.75,0.272,12,9.36897880539499,127
BALI,2016-01-01,1025.0,2016,4185000,27.006451612903227,28.903225806451612,25.322580645161292,291.3,86.06451612903226,2.63,0.266,1,24.492234169653525,128
BALI,2016-03-01,2831.0,2016,4185000,27.24516129032258,29.009677419354837,25.60967741935484,225.0,86.16129032258064,1.71,-0.009,3,67.6463560334528,129
BALI,2016-04-01,3414.0,2016,4185000,27.41,29.28,25.84,174.5,84.86666666666666,1.05,0.146,4,81.57706093189964,130
BALI,2016-05-01,3019.0,2016,4185000,27.03548387096774,28.799999999999997,25.725806451612904,135.1,87.06451612903226,0.49,-0.113,5,72.13859020310633,131
BALI,2016-06-01,2254.0,2016,4185000,26.526666666666664,28.256666666666668,25.11,110.4,85.73333333333333,0.0,-0.443,6,53.85902031063321,132
BALI,2016-07-01,1761.0,2016,4185000,25.903225806451612,27.51935483870968,24.583870967741937,153.9,86.38709677419355,-0.31,-0.758,7,42.07885304659498,133
BALI,2016-08-01,1654.0,2016,4185000,25.25483870967742,27.080645161290324,23.870967741935484,68.0,85.70967741935483,-0.5,-0.444,8,39.5221027479092,134
BALI,2016-09-01,1131.0,2016,4185000,25.93,27.913333333333338,24.483333333333334,182.2,88.06666666666666,-0.58,-0.437,9,27.025089605734767,135
BALI,2016-10-01,1014.0,2016,4185000,26.425806451612903,28.364516129032257,24.693548387096776,305.1,87.45161290322581,-0.64,-0.372,10,24.229390681003583,136
BALI,2016-11-01,1038.0,2016,4185000,26.446666666666665,28.253333333333337,24.94,283.0,88.16666666666667,-0.6,-0.382,11,24.802867383512545,137
BALI,2016-12-01,919.0,2016,4185000,26.24516129032258,28.02258064516129,24.94193548387097,536.0,88.12903225806451,-0.45,-0.31,12,21.959378733572283,138
BALI,2017-01-01,809.0,2017,4218000,26.080645161290324,28.651612903225807,24.316129032258065,481.7999999999999,88.48387096774194,-0.19,-0.086,1,19.179706021811285,139
BALI,2017-02-01,734.0,2017,4218000,26.02857142857143,28.435714285714287,24.1,457.9,87.10714285714286,-0.02,0.101,2,17.401612138454244,140
BALI,2017-03-01,766.0,2017,4218000,26.345161290322583,29.02258064516129,24.348387096774193,254.3,87.96774193548387,0.18,0.357,3,18.16026552868658,141
BALI,2017-04-01,485.0,2017,4218000,26.30666666666667,28.85,23.996666666666663,226.8,87.4,0.31,0.499,4,11.498340445708866,142
BALI,2017-05-01,499.0,2017,4218000,26.429032258064513,28.370967741935484,24.69032258064516,157.4,83.16129032258064,0.4,0.536,5,11.830251303935514,143
BALI,2017-06-01,333.0,2017,4218000,25.723333333333336,27.533333333333335,24.196666666666665,152.1,84.66666666666667,0.39,0.424,6,7.894736842105263,144
BALI,2017-07-01,195.0,2017,4218000,25.258064516129032,26.80967741935484,23.958064516129035,124.3,81.90322580645162,0.19,0.52,7,4.623044096728307,145
BALI,2017-08-01,183.0,2017,4218000,24.97741935483871,26.816129032258065,23.396774193548385,59.1,81.0,-0.07,0.349,8,4.338549075391181,146
BALI,2017-09-01,122.0,2017,4218000,25.496666666666663,27.85666666666667,23.426666666666662,68.9,81.8,-0.34,0.034,9,2.892366050260787,147
BALI,2017-10-01,142.0,2017,4218000,25.970967741935485,28.570967741935487,23.85483870967742,106.7,85.90322580645162,-0.6,0.016,10,3.366524419155998,148
BALI,2017-11-01,131.0,2017,4218000,26.06,28.823333333333338,24.073333333333338,462.7,90.43333333333334,-0.77,0.289,11,3.105737316263632,149
BALI,2017-12-01,100.0,2017,4218000,26.041935483870965,28.52258064516129,24.241935483870968,367.4,89.16129032258064,-0.86,0.109,12,2.370791844476055,150
BALI,2018-01-01,145.0,2018,4251000,25.89032258064516,28.496774193548383,24.15806451612903,423.8,88.70967741935483,-0.77,-0.2,1,3.4109621265584567,151
BALI,2018-02-01,113.0,2018,4251000,25.725,28.24285714285714,23.9,424.2,88.92857142857143,-0.71,0.215,2,2.658198071042108,152
BALI,2018-03-01,92.0,2018,4251000,26.070967741935487,28.94193548387097,23.796774193548387,168.3,87.6774193548387,-0.57,-0.12,3,2.1641966596095035,153
BALI,2018-04-01,83.0,2018,4251000,26.85,29.676666666666662,24.183333333333337,51.7,84.03333333333333,-0.39,-0.083,4,1.9524817689955305,154
BALI,2018-05-01,39.0,2018,4251000,26.55806451612903,29.01935483870968,24.493548387096773,72.0,79.61290322580645,-0.13,0.122,5,0.9174311926605505,155
BALI,2018-06-01,46.0,2018,4251000,25.623333333333335,27.673333333333336,23.75,82.7,82.36666666666666,0.06,0.155,6,1.0820983298047517,156
BALI,2018-07-01,45.0,2018,4251000,24.748387096774195,26.73548387096774,22.76451612903226,45.9,80.70967741935483,0.14,0.053,7,1.058574453069866,157
BALI,2018-08-01,44.0,2018,4251000,24.24516129032258,26.39032258064516,22.26129032258065,71.3,82.09677419354838,0.27,0.122,8,1.03505057633498,158
BALI,2018-09-01,76.0,2018,4251000,25.016666666666666,27.85,22.296666666666667,35.6,81.8,0.53,0.604,9,1.787814631851329,159
BALI,2018-10-01,72.0,2018,4251000,25.993548387096773,29.241935483870968,22.94838709677419,39.4,81.64516129032258,0.81,0.685,10,1.6937191249117856,160
BALI,2018-11-01,71.0,2018,4251000,26.43,29.35666666666667,24.05666666666667,205.5,86.5,0.97,0.5,11,1.6701952481768996,161
BALI,2018-12-01,78.0,2018,4251000,26.51935483870968,28.83225806451613,24.403225806451612,187.4,85.54838709677419,0.92,0.309,12,1.834862385321101,162
BALI,2019-01-01,347.0,2019,4284000,26.39032258064516,29.074193548387097,24.416129032258063,290.3,88.38709677419355,0.89,0.387,1,8.099906629318394,163
BALI,2019-02-01,713.0,2019,4284000,26.52857142857143,29.235714285714288,24.282142857142855,158.1,88.07142857142857,0.86,0.416,2,16.643323996265174,164
BALI,2019-03-01,639.0,2019,4284000,26.06451612903226,28.929032258064513,23.870967741935484,356.8,90.06451612903226,0.84,0.224,3,14.915966386554622,165
BALI,2019-04-01,714.0,2019,4284000,26.493333333333332,29.003333333333337,24.36,210.9,88.2,0.77,0.258,4,16.666666666666668,166
BALI,2019-05-01,975.0,2019,4284000,26.04516129032258,27.961290322580645,24.216129032258067,71.3,85.0,0.64,0.539,5,22.759103641456583,167
BALI,2019-06-01,589.0,2019,4284000,24.993333333333332,27.043333333333333,23.043333333333333,54.3,84.43333333333334,0.52,0.605,6,13.748832866479924,168
BALI,2019-07-01,338.0,2019,4284000,24.280645161290323,26.32903225806452,22.429032258064513,58.4,84.38709677419355,0.33,0.597,7,7.889822595704949,169
BALI,2019-08-01,238.0,2019,4284000,24.06451612903226,26.383870967741935,21.938709677419357,45.1,84.45161290322581,0.19,0.436,8,5.555555555555555,170
BALI,2019-09-01,172.0,2019,4284000,24.446666666666665,26.94,22.290000000000003,39.2,85.06666666666666,0.23,0.893,9,4.014939309056956,171
BALI,2019-10-01,158.0,2019,4284000,25.76774193548387,28.94193548387097,22.848387096774193,35.8,84.48387096774194,0.39,0.964,10,3.6881419234360413,172
BALI,2019-11-01,96.0,2019,4284000,26.796666666666667,30.0,23.89,46.6,82.86666666666666,0.58,0.835,11,2.2408963585434174,173
BALI,2019-12-01,0.0,2019,4284000,27.470967741935485,31.06451612903226,24.65806451612903,151.3,84.09677419354838,0.66,0.243,12,0.0,174
BALI,2020-01-01,800.0,2020,4317000,27.138709677419353,30.251612903225805,24.625806451612902,162.5,84.06451612903226,0.64,0.173,1,18.53138753764188,175
BALI,2020-02-01,1151.0,2020,4317000,26.941379310344825,30.07586206896552,24.558620689655175,182.7,86.34482758620689,0.63,0.054,2,26.662033819782256,176
BALI,2020-03-01,2170.0,2020,4317000,26.751612903225805,29.693548387096776,24.5,215.3,88.58064516129032,0.53,0.019,3,50.2663886958536,177
BALI,2020-04-01,2858.0,2020,4317000,26.92,29.69333333333333,24.416666666666668,166.1,86.2,0.3,-0.011,4,66.20338197822562,178
BALI,2020-05-01,2262.0,2020,4317000,26.848387096774193,29.36774193548387,24.64516129032258,212.7,84.74193548387096,0.01,0.298,5,52.39749826268242,179
BALI,2020-06-01,1120.0,2020,4317000,25.95,27.9,24.09,110.1,82.76666666666667,-0.23,0.454,6,25.943942552698633,180
BALI,2020-07-01,604.0,2020,4317000,25.10967741935484,26.929032258064513,23.425806451612903,65.8,82.41935483870968,-0.36,0.32,7,13.99119759091962,181
BALI,2020-08-01,344.0,2020,4317000,24.970967741935485,27.07741935483871,22.961290322580645,73.5,85.09677419354838,-0.53,-0.183,8,7.968496641186009,182
BALI,2020-10-01,120.0,2020,4317000,25.94838709677419,28.325806451612905,23.780645161290323,130.1,86.58064516129032,-1.12,0.074,10,2.779708130646282,183
BALI,2020-11-01,171.0,2020,4317000,26.58,29.253333333333337,24.30666666666667,168.1,87.8,-1.2,0.02,11,3.961084086170952,184
BALI,2020-12-01,225.0,2020,4317000,26.05806451612903,28.48064516129032,24.18064516129032,259.5,87.93548387096774,-1.08,0.03,12,5.211952744961779,185
BALI,2021-01-01,364.0,2021,4342750,25.629032258064516,28.032258064516128,23.96451612903226,517.0,90.61290322580643,-0.91,0.051,1,8.381785734845431,186
BALI,2021-02-01,331.0,2021,4342750,25.942857142857143,28.50714285714286,24.089285714285715,266.3,88.89285714285714,-0.79,0.243,2,7.621898566576478,187
BALI,2021-03-01,394.0,2021,4342750,26.003225806451617,28.84193548387097,23.812903225806455,286.8,88.96774193548387,-0.71,0.266,3,9.072592251453573,188
BALI,2021-04-01,377.0,2021,4342750,26.27,28.936666666666667,23.586666666666662,46.2,83.2,-0.55,0.25,4,8.681135225375627,189
BALI,2021-05-01,376.0,2021,4342750,26.58709677419355,29.074193548387097,24.25483870967742,46.8,82.51612903225806,-0.39,0.009,5,8.658108341488688,190
BALI,2021-06-01,224.0,2021,4342750,26.1,28.763333333333332,23.69333333333333,127.5,86.0,-0.3,-0.002,6,5.158021990674112,191
BALI,2021-07-01,91.0,2021,4342750,25.55806451612903,27.596774193548388,23.73225806451613,53.4,81.03225806451613,-0.35,-0.228,7,2.095446433711358,192
BALI,2021-08-01,57.0,2021,4342750,25.251612903225805,27.258064516129032,23.361290322580647,104.3,85.41935483870968,-0.45,-0.099,8,1.312532381555466,193
BALI,2021-09-01,55.0,2021,4342750,25.5,27.673333333333336,23.57,112.1,85.23333333333333,-0.63,-0.058,9,1.26647861378159,194
BALI,2021-10-01,73.0,2021,4342750,25.887096774193548,28.677419354838708,23.22258064516129,92.2,83.48387096774194,-0.76,-0.091,10,1.680962523746474,195
BALI,2021-11-01,130.0,2021,4342750,25.973333333333336,28.84333333333333,23.69333333333333,268.2,88.7,-0.91,0.069,11,2.99349490530194,196
BALI,2021-12-01,201.0,2021,4342750,26.274193548387096,29.05483870967742,24.05806451612903,276.7,88.0,-0.87,-0.12,12,4.628403661274538,197
BALI,2022-01-01,562.0,2022,4368500,25.967741935483872,28.638709677419353,23.94838709677419,295.1,86.48387096774194,-0.82,-0.056,1,12.864827744076914,198
BALI,2022-02-01,311.0,2022,4368500,26.0,28.960714285714285,23.67142857142857,227.5,87.75,-0.79,-0.083,2,7.119148449124413,199
BALI,2022-03-01,376.0,2022,4368500,26.42258064516129,29.35483870967742,24.032258064516128,217.6,87.64516129032258,-0.86,-0.093,3,8.607073366143986,200
BALI,2022-04-01,575.0,2022,4368500,26.513333333333332,29.436666666666667,23.81,125.7,84.46666666666667,-0.95,-0.068,4,13.16241272748083,201
BALI,2022-05-01,773.0,2022,4368500,26.932258064516127,29.89032258064516,24.161290322580644,131.7,83.06451612903226,-0.9,-0.122,5,17.69486093624814,202
BALI,2022-06-01,628.0,2022,4368500,26.2,28.73,23.923333333333336,150.6,82.4,-0.78,-0.335,6,14.375643813666018,203
BALI,2022-07-01,407.0,2022,4368500,25.306451612903224,27.458064516129035,23.316129032258065,123.4,80.48387096774194,-0.76,-0.195,7,9.316699095799473,204
BALI,2022-08-01,341.0,2022,4368500,25.387096774193548,27.796774193548387,23.083870967741937,68.5,81.51612903225806,-0.87,-0.246,8,7.80588302621037,205
BALI,2022-09-01,311.0,2022,4368500,25.486666666666668,28.12,22.92,100.8,84.0,-0.97,-0.322,9,7.119148449124413,206
BALI,2022-10-01,320.0,2022,4368500,25.538709677419355,28.283870967741933,23.10967741935484,220.6,86.7741935483871,-0.94,-0.691,10,7.3251688222502,207
BALI,2022-11-01,437.0,2022,4368500,25.83,28.666666666666668,23.55,251.2,89.06666666666666,-0.85,-0.269,11,10.00343367288543,208
BALI,2022-12-01,720.0,2022,4368500,25.76774193548387,28.58709677419355,23.374193548387098,359.7,86.29032258064517,-0.71,-0.092,12,16.48162985006295,209
BALI,2023-01-01,965.0,2023,4394250,26.01290322580645,28.5258064516129,23.84193548387097,195.0,84.41935483870968,-0.54,0.109,1,21.9605165841725,210
BALI,2023-02-01,963.0,2023,4394250,25.589285714285715,28.307142857142857,23.75714285714286,428.2,88.57142857142857,-0.29,0.157,2,21.91500256016385,211
BALI,2023-03-01,1005.0,2023,4394250,26.148387096774194,29.164516129032258,23.496774193548383,109.5,85.45161290322581,-0.02,0.415,3,22.870797064345453,212
BALI,2023-04-01,870.0,2023,4394250,26.07,28.69333333333333,23.756666666666668,210.3,87.33333333333333,0.27,0.56,4,19.798600443761735,213
BALI,2023-05-01,851.0,2023,4394250,26.187096774193545,28.56451612903226,23.96451612903226,96.9,80.58064516129032,0.57,0.443,5,19.36621721567958,214
BALI,2023-06-01,603.0,2023,4394250,25.77,28.376666666666665,23.233333333333334,51.3,81.66666666666667,0.84,0.665,6,13.722478238607271,215
BALI,2023-07-01,471.0,2023,4394250,24.825806451612905,26.961290322580645,22.73225806451613,108.9,81.87096774193549,1.12,0.498,7,10.718552654036525,216
BALI,2023-08-01,339.0,2023,4394250,24.348387096774193,27.26451612903226,21.529032258064515,35.3,84.06451612903226,1.37,0.825,8,7.714627069465779,217
BALI,2023-09-01,276.0,2023,4394250,24.853333333333335,28.073333333333338,21.80666666666667,33.8,82.26666666666667,1.6,0.946,9,6.280935313193377,218
BALI,2023-10-01,251.0,2023,4394250,26.638709677419353,30.416129032258063,23.11935483870968,36.6,82.06451612903226,1.83,0.804,10,5.712010013085282,219
BALI,2023-11-01,238.0,2023,4394250,27.1,30.86,23.9,91.7,81.36666666666666,1.99,0.92,11,5.4161688570290725,220
BALI,2023-12-01,267.0,2023,4394250,27.270967741935483,30.951612903225808,24.032258064516128,102.7,79.12903225806451,2.06,0.851,12,6.076122205154463,221
BALI,2024-01-01,709.0,2024,4420000,27.54516129032258,30.99032258064516,24.9,152.7,80.16129032258064,1.92,0.765,1,16.040723981900452,222
BALI,2024-02-01,908.0,2024,4420000,26.93103448275862,30.682758620689658,24.344827586206897,246.0,85.34482758620689,1.62,0.328,2,20.542986425339368,223
BALI,2024-03-01,1659.0,2024,4420000,27.241935483870968,30.516129032258064,24.703225806451613,285.7,83.51612903225806,1.26,0.421,3,37.53393665158371,224
BALI,2024-04-01,2623.0,2024,4420000,26.78,29.486666666666668,24.516666666666666,230.3,87.36666666666666,0.82,0.44,4,59.34389140271493,225
BALI,2024-05-01,3339.0,2024,4420000,26.425806451612903,28.94838709677419,24.229032258064517,90.3,85.48387096774194,0.49,0.297,5,75.54298642533936,226
BALI,2024-06-01,2177.0,2024,4420000,25.763333333333332,28.113333333333333,23.596666666666668,80.8,83.7,0.22,0.197,6,49.25339366515837,227
BALI,2024-07-01,1243.0,2024,4420000,25.13225806451613,27.612903225806452,22.97741935483871,80.8,81.41935483870968,0.08,0.033,7,28.122171945701357,228
BANTEN,2004-01-01,328.0,2004,9310000,26.24516129032258,29.009677419354837,24.193548387096776,223.3,86.35483870967742,0.37,0.044,1,3.523093447905478,0
BANTEN,2004-02-01,789.0,2004,9310000,26.082758620689653,28.82758620689655,24.193103448275863,251.7,87.37931034482759,0.31,0.114,2,8.474758324382385,1
BANTEN,2004-03-01,925.0,2004,9310000,26.23870967741935,29.141935483870967,24.345161290322583,297.7,87.80645161290323,0.23,0.077,3,9.935553168635876,2
BANTEN,2004-04-01,155.0,2004,9310000,26.78,29.88,24.373333333333335,119.2,86.13333333333334,0.17,-0.08,4,1.664876476906552,3
BANTEN,2004-05-01,84.0,2004,9310000,26.48064516129032,29.69677419354839,24.141935483870967,174.2,86.64516129032258,0.17,-0.565,5,0.9022556390977443,4
BANTEN,2004-06-01,20.0,2004,9310000,25.903333333333332,29.36,22.973333333333336,37.2,83.53333333333333,0.28,-0.384,6,0.21482277121374865,5
BANTEN,2004-07-01,14.0,2004,9310000,25.90967741935484,29.39032258064516,22.893548387096775,45.2,83.0,0.47,-0.301,7,0.15037593984962405,6
BANTEN,2006-01-01,220.0,2006,9574400,25.51935483870968,28.01290322580645,23.874193548387098,292.9,88.64516129032258,-0.85,-0.135,1,2.297794117647059,7
BANTEN,2006-02-01,200.0,2006,9574400,26.185714285714287,29.025,24.175,268.6,87.10714285714286,-0.77,-0.305,2,2.088903743315508,8
BANTEN,2007-01-01,594.0,2007,9838800,26.470967741935485,29.280645161290323,24.206451612903223,147.4,83.25806451612904,0.66,0.224,1,6.0373216245883645,9
BANTEN,2007-02-01,822.0,2007,9838800,26.164285714285715,28.857142857142858,24.114285714285717,214.7,86.75,0.22,0.15,2,8.354677399682888,10
BANTEN,2007-03-01,695.0,2007,9838800,26.25483870967742,28.9,24.48064516129032,198.8,86.74193548387096,-0.12,0.116,3,7.063869577590763,11
BANTEN,2007-04-01,671.0,2007,9838800,26.326666666666664,29.2,24.296666666666667,204.5,88.33333333333333,-0.32,0.1,4,6.819937390738708,12
BANTEN,2007-05-01,648.0,2007,9838800,26.606451612903225,29.61935483870968,24.164516129032258,137.6,86.3225806451613,-0.38,0.27,5,6.586169045005488,13
BANTEN,2007-06-01,584.0,2007,9838800,26.27,29.226666666666667,23.923333333333336,151.2,86.4,-0.47,0.03,6,5.935683213400008,14
BANTEN,2007-07-01,457.0,2007,9838800,26.24516129032258,29.358064516129033,23.4,59.0,83.87096774193549,-0.56,0.045,7,4.644875391307883,15
BANTEN,2007-08-01,238.0,2007,9838800,26.425806451612903,29.925806451612903,23.438709677419357,53.2,80.35483870967742,-0.81,0.236,8,2.41899418628288,16
BANTEN,2007-09-01,252.0,2007,9838800,27.146666666666665,30.983333333333334,23.74,28.9,76.06666666666666,-1.07,0.235,9,2.561287961946579,17
BANTEN,2007-10-01,169.0,2007,9838800,27.36774193548387,31.05483870967742,24.23225806451613,100.2,77.64516129032258,-1.34,0.068,10,1.7176891490832216,18
BANTEN,2007-11-01,178.0,2007,9838800,27.086666666666662,30.84333333333333,24.266666666666666,76.0,77.3,-1.5,-0.023,11,1.809163719152742,19
BANTEN,2007-12-01,279.0,2007,9838800,26.083870967741937,28.751612903225805,24.312903225806455,310.9,86.87096774193549,-1.6,-0.227,12,2.8357116721551408,20
BANTEN,2008-01-01,393.0,2008,10103200,26.106451612903225,28.80322580645161,24.183870967741935,185.8,86.41935483870968,-1.64,0.115,1,3.8898566790719773,21
BANTEN,2008-02-01,370.0,2008,10103200,25.686206896551724,28.044827586206896,23.979310344827585,294.2,87.17241379310344,-1.52,-0.072,2,3.662206033731887,22
BANTEN,2008-03-01,377.0,2008,10103200,25.887096774193548,28.72258064516129,23.85483870967742,257.2,87.6774193548387,-1.29,0.097,3,3.731491012748436,23
BANTEN,2008-04-01,384.0,2008,10103200,26.290000000000003,29.30666666666667,24.006666666666668,189.2,86.46666666666667,-1.01,-0.153,4,3.8007759917649855,24
BANTEN,2008-05-01,381.0,2008,10103200,26.59032258064516,29.774193548387096,23.70967741935484,35.6,82.70967741935483,-0.84,0.178,5,3.7710824293293213,25
BANTEN,2008-06-01,244.0,2008,10103200,26.216666666666665,29.413333333333338,23.540000000000003,63.9,83.8,-0.61,0.215,6,2.415076411434001,26
BANTEN,2008-07-01,420.0,2008,10103200,26.70967741935484,30.674193548387095,23.05161290322581,7.8,76.2258064516129,-0.37,0.246,7,4.157098740992953,27
BANTEN,2008-08-01,246.0,2008,10103200,26.635483870967743,30.200000000000003,23.770967741935483,106.3,79.35483870967742,-0.23,0.124,8,2.4348721197244436,28
BANTEN,2008-09-01,169.0,2008,10103200,27.016666666666666,30.653333333333332,23.926666666666662,48.8,79.63333333333334,-0.24,0.086,9,1.6727373505424024,29
BANTEN,2008-10-01,299.0,2008,10103200,26.93548387096774,30.387096774193548,24.316129032258065,151.8,82.19354838709677,-0.35,0.029,10,2.9594583894211737,30
BANTEN,2008-11-01,255.0,2008,10103200,26.19333333333333,29.13,24.16,299.6,87.06666666666666,-0.55,-0.128,11,2.5239528070314354,31
BANTEN,2008-12-01,416.0,2008,10103200,25.80322580645161,28.316129032258065,24.10967741935484,298.8,87.64516129032258,-0.73,-0.053,12,4.117507324412068,32
BANTEN,2009-01-01,492.0,2009,10367600,25.72258064516129,28.39032258064516,23.851612903225806,228.6,86.93548387096774,-0.85,0.031,1,4.745553454994406,33
BANTEN,2009-02-01,600.0,2009,10367600,25.57857142857143,27.932142857142857,23.95,275.0,88.14285714285714,-0.79,0.163,2,5.7872603109687875,34
BANTEN,2009-03-01,533.0,2009,10367600,26.429032258064513,29.47741935483871,24.164516129032258,172.7,85.83870967741936,-0.61,0.1,3,5.141016242910606,35
BANTEN,2009-04-01,591.0,2009,10367600,26.613333333333333,29.766666666666666,24.336666666666662,150.3,87.1,-0.33,0.126,4,5.700451406304255,36
BANTEN,2009-05-01,631.0,2009,10367600,26.70967741935484,29.69677419354839,24.31935483870968,154.3,86.48387096774194,0.01,0.256,5,6.086268760368841,37
BANTEN,2009-06-01,539.0,2009,10367600,26.43,29.613333333333333,23.89333333333333,78.39999999999999,85.16666666666667,0.28,0.1,6,5.198888846020294,38
BANTEN,2009-07-01,560.0,2009,10367600,26.26774193548387,29.88064516129032,23.07741935483871,48.7,81.7741935483871,0.45,-0.192,7,5.4014429569042015,39
BANTEN,2009-08-01,272.0,2009,10367600,26.693548387096776,30.30322580645161,23.55483870967742,31.299999999999997,79.41935483870968,0.58,-0.104,8,2.6235580076391836,40
BANTEN,2009-09-01,221.0,2009,10367600,27.65666666666667,31.933333333333337,23.92,30.3,75.33333333333333,0.71,-0.103,9,2.131640881206837,41
BANTEN,2009-10-01,274.0,2009,10367600,27.451612903225808,31.103225806451615,24.509677419354837,129.8,79.64516129032258,1.01,-0.013,10,2.642848875342413,42
BANTEN,2009-11-01,239.0,2009,10367600,26.746666666666663,29.956666666666667,24.506666666666668,252.9,84.2,1.36,-0.067,11,2.3052586905359003,43
BANTEN,2009-12-01,298.0,2009,10367600,26.467741935483872,29.16774193548387,24.425806451612903,228.2,86.7741935483871,1.56,0.16,12,2.874339287781164,44
BANTEN,2010-01-01,428.0,2010,10632000,25.961290322580645,28.67096774193548,24.112903225806452,294.9,87.61290322580645,1.5,0.294,1,4.0255831452219715,45
BANTEN,2010-02-01,451.0,2010,10632000,26.642857142857142,29.34642857142857,24.589285714285715,271.2,87.82142857142857,1.22,0.023,2,4.241911211437171,46
BANTEN,2010-03-01,487.0,2010,10632000,26.69032258064516,29.461290322580645,24.76451612903226,301.8,87.87096774193549,0.84,0.458,3,4.580511662904439,47
BANTEN,2010-04-01,512.0,2010,10632000,27.38,30.433333333333337,25.083333333333332,85.2,84.93333333333334,0.35,0.37,4,4.815650865312265,48
BANTEN,2010-05-01,396.0,2010,10632000,27.116129032258065,30.13225806451613,25.0258064516129,182.4,87.41935483870968,-0.17,-0.03,5,3.724604966139955,49
BANTEN,2010-06-01,517.0,2010,10632000,26.33,29.096666666666668,24.293333333333333,205.3,88.56666666666666,-0.66,-0.14,6,4.86267870579383,50
BANTEN,2010-07-01,539.0,2010,10632000,25.929032258064513,28.848387096774193,23.751612903225805,248.4,88.2258064516129,-1.05,-0.001,7,5.0696012039127165,51
BANTEN,2010-08-01,544.0,2010,10632000,26.274193548387096,29.348387096774193,23.9,111.5,86.61290322580645,-1.35,-0.062,8,5.116629044394282,52
BANTEN,2010-09-01,498.0,2010,10632000,26.243333333333332,29.35,23.96333333333333,171.9,87.33333333333333,-1.56,-0.268,9,4.683972911963883,53
BANTEN,2010-10-01,471.0,2010,10632000,26.33225806451613,29.567741935483873,24.103225806451615,161.2,86.61290322580645,-1.64,-0.437,10,4.4300225733634315,54
BANTEN,2010-11-01,402.0,2010,10632000,26.15,29.123333333333335,24.23,238.9,87.16666666666667,-1.64,-0.495,11,3.781038374717833,55
BANTEN,2010-12-01,299.0,2010,10632000,25.70967741935484,28.029032258064515,24.05161290322581,253.1,87.12903225806451,-1.54,-0.212,12,2.812264860797592,56
BANTEN,2011-01-01,254.0,2011,10896600,25.94193548387097,28.6,23.9,163.1,85.96774193548387,-1.31,0.192,1,2.331002331002331,57
BANTEN,2011-02-01,211.0,2011,10896600,26.12857142857143,28.7,24.09642857142857,179.0,85.60714285714286,-1.04,0.242,2,1.9363838261476056,58
BANTEN,2011-03-01,181.0,2011,10896600,25.906451612903226,28.516129032258064,24.206451612903223,165.7,87.29032258064517,-0.8,0.367,3,1.6610685902024485,59
BANTEN,2011-05-01,125.0,2011,10896600,26.361290322580647,29.148387096774194,24.135483870967743,144.7,87.16129032258064,-0.46,-0.089,5,1.147146816438155,60
BANTEN,2011-06-01,161.0,2011,10896600,26.416666666666668,29.486666666666668,23.746666666666663,64.5,84.13333333333334,-0.37,0.055,6,1.4775250995723437,61
BANTEN,2011-07-01,96.0,2011,10896600,26.20967741935484,29.387096774193548,23.393548387096775,40.1,82.06451612903226,-0.43,0.223,7,0.881008755024503,62
BANTEN,2011-08-01,118.0,2011,10896600,26.906451612903226,30.687096774193545,23.61935483870968,17.2,76.2258064516129,-0.58,0.344,8,1.0829065947176184,63
BANTEN,2011-09-01,82.0,2011,10896600,27.383333333333333,31.266666666666666,24.06,31.8,75.06666666666666,-0.79,0.202,9,0.7525283115834297,64
BANTEN,2011-10-01,91.0,2011,10896600,27.125806451612902,30.938709677419357,24.19032258064516,153.7,79.6774193548387,-0.96,0.356,10,0.8351228823669768,65
BANTEN,2011-11-01,142.0,2011,10896600,26.51,29.60666666666667,24.22,174.5,83.83333333333333,-1.02,0.336,11,1.3031587834737441,66
BANTEN,2011-12-01,134.0,2011,10896600,26.516129032258064,29.161290322580644,24.548387096774192,192.6,85.80645161290323,-0.92,-0.128,12,1.2297413872217022,67
BANTEN,2012-01-01,303.0,2012,11161200,25.93548387096774,28.45483870967742,24.216129032258067,273.8,87.45161290322581,-0.72,0.046,1,2.714761853564133,68
BANTEN,2012-02-01,386.0,2012,11161200,26.155172413793103,29.03448275862069,23.98965517241379,238.3,87.17241379310344,-0.57,-0.078,2,3.4584094900189943,69
BANTEN,2012-03-01,338.0,2012,11161200,26.56451612903226,29.293548387096777,24.55161290322581,105.8,83.70967741935483,-0.46,0.026,3,3.0283482062860623,70
BANTEN,2012-04-01,321.0,2012,11161200,26.290000000000003,29.336666666666662,24.05,206.5,86.93333333333334,-0.36,-0.271,4,2.876034834963982,71
BANTEN,2012-05-01,380.0,2012,11161200,26.561290322580643,29.677419354838708,23.93548387096774,104.2,85.83870967741936,-0.17,-0.37,5,3.4046518295523778,72
BANTEN,2012-06-01,408.0,2012,11161200,26.476666666666667,29.6,23.993333333333332,89.3,84.96666666666667,0.06,0.001,6,3.6555209117299214,73
BANTEN,2012-07-01,358.0,2012,11161200,26.26774193548387,29.429032258064513,23.51935483870968,43.1,82.19354838709677,0.3,0.546,7,3.2075404078414507,74
BANTEN,2012-08-01,202.0,2012,11161200,26.848387096774193,30.80322580645161,23.416129032258063,21.5,76.0,0.41,0.652,8,1.809841235709422,75
BANTEN,2012-09-01,121.0,2012,11161200,27.353333333333335,31.703333333333333,23.486666666666668,36.4,74.8,0.41,0.453,9,1.0841128194100993,76
BANTEN,2012-10-01,135.0,2012,11161200,27.30967741935484,31.032258064516128,24.43548387096774,90.9,79.41935483870968,0.31,0.11,10,1.2095473604988711,77
BANTEN,2012-11-01,164.0,2012,11161200,26.59,29.796666666666667,24.426666666666662,239.1,86.06666666666666,0.13,-0.1,11,1.4693760527541841,78
BANTEN,2012-12-01,246.0,2012,11161200,26.20967741935484,29.12258064516129,24.36774193548387,305.8,87.58064516129032,-0.1,0.268,12,2.204064079131276,79
BANTEN,2013-01-01,416.0,2013,11425800,25.77741935483871,28.287096774193547,24.129032258064516,363.9,88.58064516129032,-0.29,-0.065,1,3.6408829141066708,80
BANTEN,2013-02-01,455.0,2013,11425800,26.360714285714288,29.039285714285715,24.435714285714287,223.8,86.75,-0.29,0.189,2,3.9822156873041714,81
BANTEN,2013-03-01,289.0,2013,11425800,26.87741935483871,29.84193548387097,24.483870967741936,186.3,85.19354838709677,-0.21,0.083,3,2.5293633706173746,82
BANTEN,2013-04-01,271.0,2013,11425800,26.59333333333333,29.53,24.53666666666667,296.0,87.63333333333334,-0.19,-0.297,4,2.3718251676031437,83
BANTEN,2013-05-01,324.0,2013,11425800,26.661290322580644,29.67096774193548,24.458064516129035,185.6,87.61290322580645,-0.27,-0.506,5,2.8356876542561573,84
BANTEN,2013-06-01,324.0,2013,11425800,26.483333333333334,29.44,24.313333333333333,119.9,87.66666666666667,-0.34,-0.497,6,2.8356876542561573,85
BANTEN,2013-07-01,353.0,2013,11425800,25.54516129032258,28.39032258064516,23.48064516129032,294.4,88.06451612903226,-0.35,-0.18,7,3.0894992035568625,86
BANTEN,2013-08-01,277.0,2013,11425800,26.30322580645161,29.648387096774194,23.361290322580647,46.8,81.74193548387096,-0.28,-0.194,8,2.424337901941221,87
BANTEN,2013-09-01,363.0,2013,11425800,26.773333333333333,30.176666666666662,23.996666666666663,51.8,80.4,-0.21,-0.31,9,3.1770204274536575,88
BANTEN,2013-10-01,276.0,2013,11425800,27.174193548387095,30.84193548387097,24.293548387096777,88.6,80.48387096774194,-0.13,-0.168,10,2.415585779551541,89
BANTEN,2013-11-01,308.0,2013,11425800,26.44,29.473333333333336,24.196666666666665,177.29999999999998,83.7,-0.1,0.199,11,2.695653696021285,90
BANTEN,2013-12-01,321.0,2013,11425800,26.016129032258064,28.612903225806452,24.219354838709677,347.3,88.03225806451613,-0.15,0.141,12,2.8094312870871185,91
BANTEN,2014-01-01,378.0,2014,11690400,25.39032258064516,27.9,23.61935483870968,244.0,87.70967741935483,-0.28,-0.101,1,3.233422295216588,92
BANTEN,2014-02-01,350.0,2014,11690400,25.935714285714287,28.614285714285717,23.87857142857143,209.3,86.75,-0.32,-0.089,2,2.993909532607952,93
BANTEN,2014-03-01,298.0,2014,11690400,26.345161290322583,29.1,24.125806451612902,254.4,87.09677419354838,-0.14,-0.151,3,2.5491001163347704,94
BANTEN,2014-04-01,355.0,2014,11690400,26.633333333333333,29.76,24.60666666666667,162.1,86.66666666666667,0.15,-0.058,4,3.0366796687880653,95
BANTEN,2014-05-01,306.0,2014,11690400,26.851612903225806,30.009677419354837,24.44516129032258,125.7,86.7741935483871,0.31,-0.092,5,2.617532334222952,96
BANTEN,2014-06-01,261.0,2014,11690400,26.626666666666665,29.673333333333336,24.276666666666664,167.6,86.8,0.23,-0.028,6,2.23260110860193,97
BANTEN,2014-07-01,234.0,2014,11690400,26.148387096774194,29.05161290322581,23.751612903225805,112.4,85.58064516129032,0.1,-0.363,7,2.0016423732293163,98
BANTEN,2014-08-01,252.0,2014,11690400,26.306451612903224,29.55483870967742,23.51935483870968,43.5,81.70967741935483,0.11,-0.372,8,2.1556148634777252,99
BANTEN,2014-09-01,248.0,2014,11690400,27.25,31.483333333333334,23.55,16.4,74.8,0.28,-0.145,9,2.1213987545336344,100
BANTEN,2014-10-01,160.0,2014,11690400,27.76774193548387,31.893548387096775,24.403225806451612,59.2,75.74193548387096,0.54,0.141,10,1.3686443577636351,101
BANTEN,2014-11-01,94.0,2014,11690400,26.89,30.18,24.563333333333333,184.6,84.3,0.71,0.01,11,0.8040785601861357,102
BANTEN,2014-12-01,66.0,2014,11690400,26.148387096774194,28.80322580645161,24.43548387096774,328.6,87.61290322580645,0.77,0.046,12,0.5645657975774995,103
BANTEN,2015-01-01,343.0,2015,11955000,25.706451612903223,28.12258064516129,24.01935483870968,264.6,87.51612903225806,0.69,-0.1,1,2.8690924299456295,104
BANTEN,2015-02-01,349.0,2015,11955000,25.864285714285717,28.603571428571428,23.771428571428572,252.4,87.25,0.61,-0.345,2,2.919280635717273,105
BANTEN,2015-03-01,352.0,2015,11955000,26.161290322580644,28.996774193548383,24.05161290322581,253.1,87.16129032258064,0.65,-0.241,3,2.944374738603095,106
BANTEN,2015-04-01,365.0,2015,11955000,26.35666666666667,29.136666666666667,24.38,238.5,87.73333333333333,0.81,-0.008,4,3.053115851108323,107
BANTEN,2015-05-01,429.0,2015,11955000,26.799999999999997,30.038709677419355,24.174193548387095,51.7,84.58064516129032,1.02,0.24,5,3.5884567126725218,108
BANTEN,2015-06-01,253.0,2015,11955000,26.73,30.08,23.846666666666668,50.1,83.1,1.25,0.296,6,2.1162693433709743,109
BANTEN,2015-07-01,214.0,2015,11955000,26.76774193548387,30.55483870967742,23.54516129032258,16.7,77.83870967741936,1.57,0.225,7,1.7900460058552907,110
BANTEN,2015-08-01,148.0,2015,11955000,27.11935483870968,31.183870967741935,23.780645161290323,16.1,75.48387096774194,1.91,0.567,8,1.2379757423672104,111
BANTEN,2015-09-01,117.0,2015,11955000,27.886666666666667,32.54666666666667,24.113333333333333,17.799999999999997,70.8,2.21,0.294,9,0.9786700125470514,112
BANTEN,2015-10-01,98.0,2015,11955000,28.4,33.10322580645161,24.496774193548383,9.6,70.70967741935483,2.47,0.483,10,0.8197406942701798,113
BANTEN,2015-11-01,186.0,2015,11955000,27.55,31.043333333333333,25.076666666666664,130.79999999999998,80.9,2.64,0.347,11,1.5558343789209537,114
BANTEN,2015-12-01,157.0,2015,11955000,26.496774193548383,29.116129032258065,24.48709677419355,334.6,86.83870967741936,2.75,0.272,12,1.3132580510246759,115
BANTEN,2016-01-01,1088.0,2016,11944800,26.787096774193547,29.496774193548383,24.683870967741935,296.0,87.6774193548387,2.63,0.266,1,9.108566070591387,116
BANTEN,2016-03-01,842.0,2016,11944800,27.038709677419355,29.85483870967742,25.103225806451615,338.8,87.70967741935483,1.71,-0.009,3,7.049092492130467,117
BANTEN,2016-04-01,756.0,2016,11944800,26.959999999999997,29.853333333333335,25.0,295.9,88.13333333333334,1.05,0.146,4,6.329113924050633,118
BANTEN,2016-05-01,510.0,2016,11944800,26.929032258064513,29.774193548387096,24.932258064516127,228.5,88.19354838709677,0.49,-0.113,5,4.269640345589712,119
BANTEN,2016-06-01,429.0,2016,11944800,26.6,29.596666666666668,24.31,131.4,87.06666666666666,0.0,-0.443,6,3.5915209965842876,120
BANTEN,2016-07-01,276.0,2016,11944800,26.406451612903226,29.467741935483872,24.01935483870968,107.9,86.38709677419355,-0.31,-0.758,7,2.3106288929073737,121
BANTEN,2016-08-01,301.0,2016,11944800,26.490322580645163,29.58709677419355,23.983870967741936,95.9,85.16129032258064,-0.5,-0.444,8,2.519924988279419,122
BANTEN,2016-09-01,257.0,2016,11944800,26.540000000000003,29.53,24.266666666666666,210.6,85.4,-0.58,-0.437,9,2.15156386042462,123
BANTEN,2016-10-01,193.0,2016,11944800,26.270967741935483,29.24516129032258,24.37741935483871,270.9,87.51612903225806,-0.64,-0.372,10,1.6157658562721855,124
BANTEN,2016-11-01,188.0,2016,11944800,26.53,29.60666666666667,24.533333333333335,211.2,86.93333333333334,-0.6,-0.382,11,1.5739066371977763,125
BANTEN,2016-12-01,110.0,2016,11944800,26.135483870967743,28.574193548387097,24.470967741935485,245.1,87.25806451612904,-0.45,-0.31,12,0.9209028196369968,126
BANTEN,2017-01-01,187.0,2017,11934600,26.02258064516129,29.148387096774194,23.567741935483873,233.6,84.70967741935483,-0.19,-0.086,1,1.5668727900390462,127
BANTEN,2017-02-01,188.0,2017,11934600,25.539285714285715,28.567857142857143,23.414285714285715,329.7,86.25,-0.02,0.101,2,1.5752517889162603,128
BANTEN,2017-03-01,169.0,2017,11934600,26.135483870967743,29.62258064516129,23.46451612903226,233.1,85.41935483870968,0.18,0.357,3,1.4160508102491913,129
BANTEN,2017-04-01,99.0,2017,11934600,26.266666666666666,29.756666666666668,23.586666666666662,238.4,85.1,0.31,0.499,4,0.8295208888442009,130
BANTEN,2017-05-01,123.0,2017,11934600,26.53548387096774,29.82903225806452,23.92258064516129,209.3,84.96774193548387,0.4,0.536,5,1.0306168618973406,131
BANTEN,2017-06-01,71.0,2017,11934600,26.12,29.33,23.576666666666664,158.5,84.93333333333334,0.39,0.424,6,0.5949089202822047,132
BANTEN,2017-07-01,87.0,2017,11934600,25.94193548387097,29.419354838709676,23.19032258064516,92.4,83.61290322580645,0.19,0.52,7,0.7289729023176311,133
BANTEN,2017-08-01,64.0,2017,11934600,26.470967741935485,30.31935483870968,23.13225806451613,27.7,77.09677419354838,-0.07,0.349,8,0.5362559281417056,134
BANTEN,2017-09-01,69.0,2017,11934600,27.16,31.39,23.81,109.7,75.36666666666666,-0.34,0.034,9,0.5781509225277763,135
BANTEN,2017-10-01,107.0,2017,11934600,26.783870967741933,30.66774193548387,23.83225806451613,249.5,81.3225806451613,-0.6,0.016,10,0.8965528798619141,136
BANTEN,2017-11-01,129.0,2017,11934600,26.703333333333333,30.63,24.003333333333337,251.4,81.4,-0.77,0.289,11,1.0808908551606253,137
BANTEN,2017-12-01,67.0,2017,11934600,26.138709677419353,29.664516129032258,23.532258064516128,202.7,82.87096774193549,-0.86,0.109,12,0.5613929247733481,138
BANTEN,2018-01-01,62.0,2018,11924400,25.94838709677419,28.932258064516127,23.73225806451613,229.5,82.25806451612904,-0.77,-0.2,1,0.5199423031766798,139
BANTEN,2018-02-01,70.0,2018,11924400,25.635714285714283,28.82857142857143,23.232142857142858,325.1,86.10714285714286,-0.71,0.215,2,0.587031632618832,140
BANTEN,2018-03-01,95.0,2018,11924400,26.01290322580645,29.683870967741935,23.183870967741935,274.7,85.41935483870968,-0.57,-0.12,3,0.7966857871255577,141
BANTEN,2018-04-01,94.0,2018,11924400,26.066666666666663,29.436666666666667,23.446666666666665,221.4,86.43333333333334,-0.39,-0.083,4,0.7882996209452886,142
BANTEN,2018-05-01,94.0,2018,11924400,26.396774193548385,29.864516129032257,23.548387096774192,124.7,84.06451612903226,-0.13,0.122,5,0.7882996209452886,143
BANTEN,2018-06-01,90.0,2018,11924400,26.113333333333333,29.57,23.183333333333337,91.3,84.43333333333334,0.06,0.155,6,0.7547549562242125,144
BANTEN,2018-07-01,159.0,2018,11924400,25.835483870967742,29.86774193548387,22.4,19.5,79.09677419354838,0.14,0.053,7,1.3334004226627756,145
BANTEN,2018-08-01,95.0,2018,11924400,26.548387096774192,30.864516129032257,22.925806451612903,38.4,74.38709677419355,0.27,0.122,8,0.7966857871255577,146
BANTEN,2018-09-01,72.0,2018,11924400,26.96333333333333,31.763333333333332,22.986666666666668,66.5,71.7,0.53,0.604,9,0.6038039649793701,147
BANTEN,2018-10-01,77.0,2018,11924400,27.44516129032258,32.038709677419355,23.81935483870968,120.0,75.19354838709677,0.81,0.685,10,0.6457347958807151,148
BANTEN,2018-11-01,60.0,2018,11924400,26.523333333333333,30.496666666666663,23.78666666666667,368.7,83.63333333333334,0.97,0.5,11,0.5031699708161417,149
BANTEN,2018-12-01,55.0,2018,11924400,26.348387096774193,29.76129032258065,23.706451612903223,210.5,82.58064516129032,0.92,0.309,12,0.46123913991479654,150
BANTEN,2019-01-01,410.0,2019,11914200,26.09032258064516,29.23870967741935,23.56451612903226,266.7,86.16129032258064,0.89,0.387,1,3.441271759748871,151
BANTEN,2019-02-01,550.0,2019,11914200,26.025,29.407142857142855,23.310714285714287,290.3,87.46428571428571,0.86,0.416,2,4.616340165516778,152
BANTEN,2019-03-01,367.0,2019,11914200,26.154838709677417,29.55161290322581,23.451612903225808,232.5,86.74193548387096,0.84,0.224,3,3.080357892263014,153
BANTEN,2019-04-01,303.0,2019,11914200,26.503333333333337,30.196666666666665,23.726666666666667,293.7,87.33333333333333,0.77,0.258,4,2.5431837639119705,154
BANTEN,2019-05-01,282.0,2019,11914200,26.57741935483871,30.080645161290324,23.716129032258067,144.79999999999998,84.74193548387096,0.64,0.539,5,2.3669235030467846,155
BANTEN,2019-06-01,253.0,2019,11914200,26.506666666666668,30.30666666666667,23.236666666666668,44.4,81.13333333333334,0.52,0.605,6,2.123516476137718,156
BANTEN,2019-07-01,240.0,2019,11914200,26.48064516129032,30.919354838709676,22.64516129032258,29.1,75.35483870967742,0.33,0.597,7,2.014402981316412,157
BANTEN,2019-08-01,132.0,2019,11914200,26.529032258064515,31.12258064516129,22.76129032258065,29.9,73.12903225806451,0.19,0.436,8,1.1079216397240268,158
BANTEN,2019-09-01,80.0,2019,11914200,27.14333333333333,32.17666666666666,22.846666666666668,27.299999999999997,70.53333333333333,0.23,0.893,9,0.6714676604388041,159
BANTEN,2019-10-01,81.0,2019,11914200,28.0,33.07096774193548,23.674193548387095,44.3,68.90322580645162,0.39,0.964,10,0.6798610061942891,160
BANTEN,2019-11-01,94.0,2019,11914200,27.98,33.09,24.02,129.4,72.96666666666667,0.58,0.835,11,0.7889745010155949,161
BANTEN,2019-12-01,123.0,2019,11914200,26.55161290322581,30.383870967741935,23.70967741935484,317.0,85.48387096774194,0.66,0.243,12,1.0323815279246613,162
BANTEN,2020-01-01,548.0,2020,11904000,26.177419354838708,29.161290322580644,23.80967741935484,533.0,87.54838709677419,0.64,0.173,1,4.603494623655914,163
BANTEN,2020-02-01,535.0,2020,11904000,26.08620689655172,29.127586206896552,23.82758620689655,404.1,88.48275862068965,0.63,0.054,2,4.494287634408602,164
BANTEN,2020-03-01,435.0,2020,11904000,26.18064516129032,29.44838709677419,23.65806451612903,490.9,88.61290322580645,0.53,0.019,3,3.654233870967742,165
BANTEN,2020-04-01,326.0,2020,11904000,26.503333333333337,29.673333333333336,23.923333333333336,291.5,88.2,0.3,-0.011,4,2.7385752688172045,166
BANTEN,2020-05-01,262.0,2020,11904000,26.63225806451613,29.94193548387097,24.009677419354837,223.9,86.90322580645162,0.01,0.298,5,2.200940860215054,167
BANTEN,2020-06-01,253.0,2020,11904000,26.27,29.85,23.42,174.9,85.66666666666667,-0.23,0.454,6,2.1253360215053765,168
BANTEN,2020-07-01,204.0,2020,11904000,26.26129032258065,30.125806451612902,23.05161290322581,113.4,81.16129032258064,-0.36,0.32,7,1.7137096774193548,169
BANTEN,2020-08-01,92.0,2020,11904000,26.641935483870967,30.98709677419355,23.14516129032258,108.0,78.61290322580645,-0.53,-0.183,8,0.7728494623655914,170
BANTEN,2020-10-01,58.0,2020,11904000,26.94516129032258,31.36774193548387,23.63225806451613,169.0,79.74193548387096,-1.12,0.074,10,0.48723118279569894,171
BANTEN,2020-11-01,91.0,2020,11904000,26.59333333333333,30.493333333333332,23.686666666666667,192.4,83.33333333333333,-1.2,0.02,11,0.7644489247311828,172
BANTEN,2020-12-01,60.0,2020,11904000,25.719354838709677,28.70967741935484,23.641935483870967,325.2,86.38709677419355,-1.08,0.03,12,0.5040322580645161,173
BANTEN,2021-01-01,72.0,2021,12015500,25.5,28.251612903225805,23.41290322580645,279.1,88.06451612903226,-0.91,0.051,1,0.5992259997503225,174
BANTEN,2021-02-01,66.0,2021,12015500,25.635714285714283,28.614285714285717,23.467857142857145,261.5,88.03571428571429,-0.79,0.243,2,0.549290499771129,175
BANTEN,2021-03-01,115.0,2021,12015500,26.11935483870968,29.883870967741935,23.148387096774194,222.8,85.51612903225806,-0.71,0.266,3,0.9570970829345429,176
BANTEN,2021-04-01,152.0,2021,12015500,26.17,29.6,23.19333333333333,217.9,86.0,-0.55,0.25,4,1.2650326661395697,177
BANTEN,2021-05-01,145.0,2021,12015500,26.67096774193548,30.274193548387096,23.706451612903223,166.6,85.3225806451613,-0.39,0.009,5,1.2067745828305105,178
BANTEN,2021-06-01,88.0,2021,12015500,25.913333333333338,29.6,23.123333333333335,226.9,87.1,-0.3,-0.002,6,0.7323873330281719,179
BANTEN,2021-07-01,82.0,2021,12015500,26.15806451612903,30.19032258064516,22.774193548387096,78.3,81.83870967741936,-0.35,-0.228,7,0.6824518330489784,180
BANTEN,2021-08-01,114.0,2021,12015500,26.383870967741935,30.24516129032258,23.1,131.7,81.2258064516129,-0.45,-0.099,8,0.9487744996046773,181
BANTEN,2021-09-01,153.0,2021,12015500,26.376666666666665,30.22,23.163333333333338,226.0,82.4,-0.63,-0.058,9,1.2733552494694353,182
BANTEN,2021-10-01,249.0,2021,12015500,26.990322580645163,31.793548387096777,23.38064516129032,161.4,79.03225806451613,-0.76,-0.091,10,2.0723232491365318,183
BANTEN,2021-11-01,419.0,2021,12015500,26.25,29.966666666666665,23.476666666666667,253.4,84.0,-0.91,0.069,11,3.487162415213682,184
BANTEN,2021-12-01,481.0,2021,12015500,26.13225806451613,29.94516129032258,23.38064516129032,332.4,85.25806451612904,-0.87,-0.12,12,4.003162581665349,185
BANTEN,2022-01-01,737.0,2022,12127000,26.15806451612903,30.03548387096774,23.05806451612903,190.8,83.48387096774194,-0.82,-0.056,1,6.077348066298343,186
BANTEN,2022-02-01,351.0,2022,12127000,26.057142857142857,29.714285714285715,23.32857142857143,238.6,83.46428571428571,-0.79,-0.083,2,2.89436793930898,187
BANTEN,2022-03-01,281.0,2022,12127000,26.348387096774193,30.19032258064516,23.33225806451613,230.2,84.09677419354838,-0.86,-0.093,3,2.3171435639482145,188
BANTEN,2022-04-01,425.0,2022,12127000,26.526666666666664,30.65666666666667,23.553333333333335,232.4,83.2,-0.95,-0.068,4,3.5045765646903604,189
BANTEN,2022-05-01,394.0,2022,12127000,26.4,30.41290322580645,23.529032258064515,227.9,85.58064516129032,-0.9,-0.122,5,3.2489486270305927,190
BANTEN,2022-06-01,508.0,2022,12127000,25.646666666666665,29.653333333333332,22.763333333333332,222.8,85.5,-0.78,-0.335,6,4.188999752618125,191
BANTEN,2022-07-01,526.0,2022,12127000,26.05806451612903,29.932258064516127,22.958064516129035,214.9,83.03225806451613,-0.76,-0.195,7,4.337428877710893,192
BANTEN,2022-08-01,459.0,2022,12127000,26.216129032258067,30.603225806451615,22.893548387096775,137.7,81.35483870967742,-0.87,-0.246,8,3.784942689865589,193
BANTEN,2022-09-01,420.0,2022,12127000,26.216666666666665,30.67,22.896666666666665,150.4,81.3,-0.97,-0.322,9,3.4633462521645915,194
BANTEN,2022-10-01,425.0,2022,12127000,26.01290322580645,30.203225806451613,23.106451612903225,409.2,84.12903225806451,-0.94,-0.691,10,3.5045765646903604,195
BANTEN,2022-11-01,447.0,2022,12127000,26.22,30.17,23.266666666666666,204.2,83.13333333333334,-0.85,-0.269,11,3.685989939803744,196
BANTEN,2022-12-01,310.0,2022,12127000,26.138709677419353,29.925806451612903,23.258064516129032,226.1,82.61290322580645,-0.71,-0.092,12,2.556279376597675,197
BANTEN,2023-01-01,378.0,2023,12238500,26.016129032258064,29.6,23.15806451612903,185.8,82.45161290322581,-0.54,0.109,1,3.0886138007108714,198
BANTEN,2023-02-01,313.0,2023,12238500,25.557142857142857,28.889285714285712,23.103571428571428,292.7,85.25,-0.29,0.157,2,2.557502961964293,199
BANTEN,2023-03-01,309.0,2023,12238500,25.780645161290323,29.30322580645161,23.09032258064516,234.1,86.19354838709677,-0.02,0.415,3,2.5248192180414266,200
BANTEN,2023-04-01,243.0,2023,12238500,26.63,30.69333333333333,23.386666666666667,88.6,81.83333333333333,0.27,0.56,4,1.9855374433141317,201
BANTEN,2023-05-01,274.0,2023,12238500,26.864516129032257,30.848387096774193,23.683870967741935,136.3,83.35483870967742,0.57,0.443,5,2.238836458716346,202
BANTEN,2023-06-01,260.0,2023,12238500,26.413333333333338,30.496666666666663,23.216666666666665,168.8,83.36666666666666,0.84,0.665,6,2.1244433549863135,203
BANTEN,2023-07-01,309.0,2023,12238500,26.603225806451615,31.293548387096777,23.183870967741935,134.3,79.25806451612904,1.12,0.498,7,2.5248192180414266,204
BANTEN,2023-08-01,392.0,2023,12238500,27.574193548387097,33.0258064516129,23.23225806451613,35.5,71.09677419354838,1.37,0.825,8,3.2030069044409037,205
BANTEN,2023-09-01,388.0,2023,12238500,28.276666666666664,34.25333333333333,23.513333333333332,45.2,63.3,1.6,0.946,9,3.1703231605180373,206
BANTEN,2023-10-01,261.0,2023,12238500,28.683870967741935,34.71935483870968,24.229032258064517,80.9,68.25806451612904,1.83,0.804,10,2.1326142909670303,207
BANTEN,2023-11-01,352.0,2023,12238500,27.78666666666667,33.23,24.223333333333336,200.4,78.23333333333333,1.99,0.92,11,2.8761694652122403,208
BANTEN,2023-12-01,675.0,2023,12238500,27.45483870967742,32.51935483870968,23.570967741935487,176.9,78.09677419354838,2.06,0.851,12,5.515381786983699,209
BANTEN,2024-01-01,1646.0,2024,12350000,26.638709677419353,30.67096774193548,23.774193548387096,378.2,85.3225806451613,1.92,0.765,1,13.327935222672064,210
BANTEN,2024-02-01,2109.0,2024,12350000,26.617241379310343,30.29310344827586,23.858620689655172,312.5,86.62068965517241,1.62,0.328,2,17.076923076923077,211
BANTEN,2024-03-01,2127.0,2024,12350000,26.683870967741935,30.461290322580645,24.01290322580645,288.2,85.80645161290323,1.26,0.421,3,17.222672064777328,212
BANTEN,2024-04-01,1661.0,2024,12350000,26.98,30.94,24.18,275.1,86.93333333333334,0.82,0.44,4,13.449392712550607,213
BANTEN,2024-05-01,1535.0,2024,12350000,27.26129032258065,31.032258064516128,24.496774193548383,237.7,84.48387096774194,0.49,0.297,5,12.429149797570851,214
BANTEN,2024-06-01,1291.0,2024,12350000,26.773333333333333,30.996666666666663,23.573333333333338,150.2,83.53333333333333,0.22,0.197,6,10.45344129554656,215
BANTEN,2024-07-01,790.0,2024,12350000,26.6,31.135483870967743,22.929032258064513,118.1,77.70967741935483,0.08,0.033,7,6.396761133603239,216
DI YOGYAKARTA,2004-01-01,472.0,2004,3290000,25.154838709677417,28.416129032258063,22.73870967741935,326.9,89.58064516129032,0.37,0.044,1,14.346504559270517,0
DI YOGYAKARTA,2004-02-01,585.0,2004,3290000,25.017241379310345,28.54827586206897,22.57241379310345,249.2,89.93103448275862,0.31,0.114,2,17.78115501519757,1
DI YOGYAKARTA,2004-03-01,604.0,2004,3290000,25.048387096774192,28.593548387096774,22.638709677419353,286.0,89.96774193548387,0.23,0.077,3,18.358662613981764,2
DI YOGYAKARTA,2004-04-01,85.0,2004,3290000,25.896666666666665,29.8,22.506666666666668,137.3,85.63333333333334,0.17,-0.08,4,2.5835866261398177,3
DI YOGYAKARTA,2004-05-01,53.0,2004,3290000,25.248387096774195,28.812903225806455,22.496774193548383,179.6,87.70967741935483,0.17,-0.565,5,1.6109422492401215,4
DI YOGYAKARTA,2005-01-01,45.0,2005,3290000,25.096774193548388,28.393548387096775,22.596774193548388,275.9,89.35483870967742,0.64,-0.124,1,1.3677811550151975,5
DI YOGYAKARTA,2005-02-01,83.0,2005,3290000,25.478571428571428,29.17142857142857,22.810714285714287,290.6,89.07142857142857,0.58,-0.56,2,2.522796352583587,6
DI YOGYAKARTA,2005-03-01,80.0,2005,3290000,25.67096774193548,29.287096774193547,22.887096774193548,219.1,88.58064516129032,0.45,-0.432,3,2.43161094224924,7
DI YOGYAKARTA,2005-04-01,70.0,2005,3290000,25.47,29.23,22.41,226.7,87.83333333333333,0.43,0.084,4,2.127659574468085,8
DI YOGYAKARTA,2005-05-01,60.0,2005,3290000,25.95483870967742,30.129032258064516,22.067741935483873,57.5,82.25806451612904,0.29,-0.033,5,1.8237082066869301,9
DI YOGYAKARTA,2005-06-01,51.0,2005,3290000,25.543333333333333,29.49,22.353333333333335,307.8,85.6,0.11,-0.176,6,1.5501519756838906,10
DI YOGYAKARTA,2005-07-01,26.0,2005,3290000,24.293548387096777,28.25483870967742,20.812903225806455,139.2,84.61290322580645,-0.06,-0.384,7,0.790273556231003,11
DI YOGYAKARTA,2005-08-01,42.0,2005,3290000,24.283870967741933,28.30322580645161,20.76451612903226,48.4,81.58064516129032,-0.14,-0.345,8,1.2765957446808511,12
DI YOGYAKARTA,2005-09-01,25.0,2005,3290000,24.99,29.16,21.7,83.4,82.0,-0.11,-0.534,9,0.7598784194528876,13
DI YOGYAKARTA,2005-10-01,32.0,2005,3290000,25.187096774193545,28.835483870967742,22.62258064516129,206.8,85.06451612903226,-0.29,-0.436,10,0.9726443768996961,14
DI YOGYAKARTA,2005-11-01,21.0,2005,3290000,25.39333333333333,28.953333333333333,22.72,207.2,83.66666666666667,-0.57,-0.272,11,0.6382978723404256,15
DI YOGYAKARTA,2006-01-01,523.0,2006,3323400,24.687096774193545,27.93548387096774,22.31935483870968,344.0,89.83870967741936,-0.85,-0.135,1,15.736895949930794,16
DI YOGYAKARTA,2006-02-01,483.0,2006,3323400,24.932142857142857,28.353571428571428,22.510714285714283,268.0,90.5,-0.77,-0.305,2,14.533309261599566,17
DI YOGYAKARTA,2006-03-01,421.0,2006,3323400,25.258064516129032,28.887096774193548,22.59032258064516,339.9,88.87096774193549,-0.57,-0.226,3,12.667749894686164,18
DI YOGYAKARTA,2006-04-01,164.0,2006,3323400,24.87,28.34333333333333,22.266666666666666,320.0,89.7,-0.37,-0.015,4,4.934705422158031,19
DI YOGYAKARTA,2007-01-01,252.0,2007,3356800,25.06451612903226,28.641935483870967,22.23548387096774,182.6,86.51612903225806,0.66,0.224,1,7.507149666348904,20
DI YOGYAKARTA,2007-02-01,348.0,2007,3356800,25.11785714285714,28.642857142857142,22.710714285714285,403.7,89.85714285714286,0.22,0.15,2,10.36701620591039,21
DI YOGYAKARTA,2007-03-01,452.0,2007,3356800,24.970967741935485,28.43548387096774,22.596774193548388,318.1,90.0,-0.12,0.116,3,13.465204957102001,22
DI YOGYAKARTA,2007-04-01,297.0,2007,3356800,25.27,28.783333333333335,22.68,386.9,90.46666666666668,-0.32,0.1,4,8.84771210676835,23
DI YOGYAKARTA,2007-05-01,305.0,2007,3356800,25.52258064516129,29.4,22.383870967741935,167.5,86.87096774193549,-0.38,0.27,5,9.086034318398475,24
DI YOGYAKARTA,2007-06-01,198.0,2007,3356800,24.540000000000003,28.323333333333338,21.28666666666667,106.5,86.63333333333334,-0.47,0.03,6,5.898474737845567,25
DI YOGYAKARTA,2007-07-01,186.0,2007,3356800,24.351612903225806,28.40967741935484,21.135483870967743,19.9,83.09677419354838,-0.56,0.045,7,5.540991420400381,26
DI YOGYAKARTA,2007-08-01,108.0,2007,3356800,23.893548387096775,28.37741935483871,20.280645161290323,18.7,79.93548387096774,-0.81,0.236,8,3.217349857006673,27
DI YOGYAKARTA,2007-09-01,61.0,2007,3356800,24.040000000000003,28.80666666666667,20.4,22.0,80.16666666666667,-1.07,0.235,9,1.817206863679695,28
DI YOGYAKARTA,2007-10-01,64.0,2007,3356800,25.05483870967742,29.283870967741933,22.135483870967743,146.8,83.06451612903226,-1.34,0.068,10,1.9065776930409915,29
DI YOGYAKARTA,2007-11-01,96.0,2007,3356800,24.853333333333335,28.253333333333337,22.246666666666663,269.8,86.76666666666667,-1.5,-0.023,11,2.8598665395614873,30
DI YOGYAKARTA,2007-12-01,95.0,2007,3356800,25.067741935483873,28.561290322580643,22.822580645161292,545.2,89.70967741935483,-1.6,-0.227,12,2.8300762631077214,31
DI YOGYAKARTA,2008-01-01,344.0,2008,3390200,24.896774193548385,28.212903225806453,22.416129032258063,304.0,89.09677419354838,-1.64,0.115,1,10.146893988555247,32
DI YOGYAKARTA,2008-02-01,337.0,2008,3390200,25.02758620689655,28.717241379310344,22.658620689655173,255.9,89.13793103448276,-1.52,-0.072,2,9.940416494602088,33
DI YOGYAKARTA,2008-03-01,266.0,2008,3390200,24.858064516129033,28.583870967741937,22.270967741935483,420.1,89.93548387096774,-1.29,0.097,3,7.846144770220046,34
DI YOGYAKARTA,2008-04-01,329.0,2008,3390200,25.34,29.203333333333333,22.196666666666665,224.4,86.73333333333333,-1.01,-0.153,4,9.704442215798478,35
DI YOGYAKARTA,2008-05-01,288.0,2008,3390200,24.641935483870967,28.60967741935484,20.993548387096773,78.7,84.19354838709677,-0.84,0.178,5,8.495074036929974,36
DI YOGYAKARTA,2008-06-01,140.0,2008,3390200,24.8,29.243333333333332,21.073333333333338,41.6,82.03333333333333,-0.61,0.215,6,4.129549879063182,37
DI YOGYAKARTA,2008-07-01,75.0,2008,3390200,23.55806451612903,28.596774193548388,19.30967741935484,4.5,79.41935483870968,-0.37,0.246,7,2.2122588637838474,38
DI YOGYAKARTA,2008-08-01,41.0,2008,3390200,24.66774193548387,29.32903225806452,21.34193548387097,24.0,79.45161290322581,-0.23,0.124,8,1.2093681788685033,39
DI YOGYAKARTA,2008-09-01,43.0,2008,3390200,25.16,30.02,21.91,24.0,79.8,-0.24,0.086,9,1.2683617485694059,40
DI YOGYAKARTA,2008-10-01,50.0,2008,3390200,25.706451612903223,29.870967741935484,22.845161290322583,252.7,84.58064516129032,-0.35,0.029,10,1.474839242522565,41
DI YOGYAKARTA,2008-11-01,81.0,2008,3390200,25.19333333333333,28.74,22.776666666666664,443.4,89.03333333333333,-0.55,-0.128,11,2.3892395728865554,42
DI YOGYAKARTA,2008-12-01,125.0,2008,3390200,24.674193548387095,27.429032258064513,22.55161290322581,253.4,89.06451612903226,-0.73,-0.053,12,3.6870981063064128,43
DI YOGYAKARTA,2009-01-01,294.0,2009,3423600,24.80322580645161,28.148387096774194,22.338709677419356,296.8,89.09677419354838,-0.85,0.031,1,8.58745180511742,44
DI YOGYAKARTA,2009-02-01,216.0,2009,3423600,24.646428571428572,28.064285714285713,22.375,356.90000000000003,90.17857142857144,-0.79,0.163,2,6.309148264984227,45
DI YOGYAKARTA,2009-03-01,179.0,2009,3423600,25.216129032258067,28.874193548387098,22.23870967741935,268.9,88.19354838709677,-0.61,0.1,3,5.228414534408225,46
DI YOGYAKARTA,2009-04-01,225.0,2009,3423600,25.53666666666667,29.436666666666667,22.503333333333337,238.1,88.43333333333334,-0.33,0.126,4,6.572029442691903,47
DI YOGYAKARTA,2009-05-01,175.0,2009,3423600,25.383870967741935,29.219354838709677,22.358064516129033,224.3,88.09677419354838,0.01,0.256,5,5.111578455427036,48
DI YOGYAKARTA,2009-06-01,174.0,2009,3423600,25.206666666666667,29.326666666666664,21.55666666666667,78.1,84.63333333333334,0.28,0.1,6,5.082369435681739,49
DI YOGYAKARTA,2009-07-01,183.0,2009,3423600,24.345161290322583,28.967741935483872,20.070967741935487,37.3,80.90322580645162,0.45,-0.192,7,5.345250613389415,50
DI YOGYAKARTA,2009-08-01,173.0,2009,3423600,24.45483870967742,29.570967741935487,20.20967741935484,4.699999999999999,79.2258064516129,0.58,-0.104,8,5.053160415936441,51
DI YOGYAKARTA,2009-09-01,127.0,2009,3423600,24.69,28.99,21.7,38.3,81.43333333333334,0.71,-0.103,9,3.7095455076527633,52
DI YOGYAKARTA,2009-10-01,141.0,2009,3423600,25.529032258064515,29.77741935483871,22.54516129032258,137.3,82.2258064516129,1.01,-0.013,10,4.118471784086926,53
DI YOGYAKARTA,2009-11-01,139.0,2009,3423600,25.783333333333335,29.486666666666668,22.883333333333333,274.4,85.43333333333334,1.36,-0.067,11,4.060053744596331,54
DI YOGYAKARTA,2009-12-01,177.0,2009,3423600,25.580645161290324,29.02258064516129,22.938709677419357,287.6,86.54838709677419,1.56,0.16,12,5.169996494917631,55
DI YOGYAKARTA,2010-01-01,659.0,2010,3457000,25.11935483870968,28.47741935483871,22.84193548387097,280.4,90.09677419354838,1.5,0.294,1,19.062771188892103,56
DI YOGYAKARTA,2010-02-01,626.0,2010,3457000,25.692857142857143,29.24642857142857,23.157142857142855,374.2,89.96428571428571,1.22,0.023,2,18.108186288689616,57
DI YOGYAKARTA,2010-03-01,674.0,2010,3457000,25.712903225806453,29.29032258064516,23.299999999999997,464.2,89.87096774193549,0.84,0.458,3,19.49667341625687,58
DI YOGYAKARTA,2010-04-01,589.0,2010,3457000,25.746666666666663,29.256666666666668,23.32,280.2,90.2,0.35,0.37,4,17.03789412785652,59
DI YOGYAKARTA,2010-05-01,491.0,2010,3457000,25.858064516129033,29.23225806451613,23.529032258064515,509.5,90.4516129032258,-0.17,-0.03,5,14.203066242406711,60
DI YOGYAKARTA,2010-06-01,452.0,2010,3457000,25.403333333333332,28.983333333333334,22.563333333333333,178.2,87.56666666666666,-0.66,-0.14,6,13.074920451258317,61
DI YOGYAKARTA,2010-07-01,347.0,2010,3457000,24.85483870967742,28.45483870967742,21.938709677419357,203.7,87.51612903225806,-1.05,-0.001,7,10.037604859704947,62
DI YOGYAKARTA,2010-08-01,305.0,2010,3457000,25.516129032258064,29.36774193548387,22.248387096774195,99.1,83.51612903225806,-1.35,-0.062,8,8.822678623083599,63
DI YOGYAKARTA,2010-09-01,210.0,2010,3457000,25.34,29.133333333333333,22.60666666666667,402.3,87.06666666666666,-1.56,-0.268,9,6.07463118310674,64
DI YOGYAKARTA,2010-10-01,182.0,2010,3457000,25.23225806451613,28.81935483870968,22.516129032258064,309.4,87.25806451612904,-1.64,-0.437,10,5.264680358692508,65
DI YOGYAKARTA,2010-11-01,243.0,2010,3457000,25.37,28.826666666666664,22.823333333333338,401.9,89.26666666666667,-1.64,-0.495,11,7.029216083309228,66
DI YOGYAKARTA,2010-12-01,219.0,2010,3457000,24.89032258064516,28.22258064516129,22.6,418.1,89.35483870967742,-1.54,-0.212,12,6.3349725195256,67
DI YOGYAKARTA,2011-01-01,235.0,2011,3501600,25.032258064516128,28.82903225806452,22.44838709677419,268.2,88.61290322580645,-1.31,0.192,1,6.711217729038154,68
DI YOGYAKARTA,2011-02-01,175.0,2011,3501600,25.103571428571428,28.857142857142858,22.375,203.7,87.82142857142857,-1.04,0.242,2,4.997715330134795,69
DI YOGYAKARTA,2011-03-01,183.0,2011,3501600,24.812903225806455,28.16774193548387,22.4741935483871,217.7,89.0,-0.8,0.367,3,5.226182316655243,70
DI YOGYAKARTA,2011-05-01,84.0,2011,3501600,25.041935483870965,28.370967741935484,22.212903225806453,162.3,88.41935483870968,-0.46,-0.089,5,2.3989033584647017,71
DI YOGYAKARTA,2011-06-01,50.0,2011,3501600,24.523333333333333,28.483333333333334,20.903333333333332,30.8,82.8,-0.37,0.055,6,1.4279186657527987,72
DI YOGYAKARTA,2011-07-01,30.0,2011,3501600,24.503225806451617,29.16774193548387,20.693548387096776,28.5,80.38709677419355,-0.43,0.223,7,0.8567511994516792,73
DI YOGYAKARTA,2011-08-01,28.0,2011,3501600,23.96451612903226,29.032258064516128,20.070967741935487,4.5,78.29032258064517,-0.58,0.344,8,0.7996344528215673,74
DI YOGYAKARTA,2011-09-01,12.0,2011,3501600,24.386666666666667,29.2,21.253333333333337,21.7,79.96666666666667,-0.79,0.202,9,0.3427004797806717,75
DI YOGYAKARTA,2011-10-01,22.0,2011,3501600,25.25483870967742,29.81935483870968,22.093548387096774,124.8,82.03225806451613,-0.96,0.356,10,0.6282842129312315,76
DI YOGYAKARTA,2011-11-01,26.0,2011,3501600,25.09333333333333,28.44333333333333,22.78,533.9,89.53333333333333,-1.02,0.336,11,0.7425177061914553,77
DI YOGYAKARTA,2011-12-01,30.0,2011,3501600,25.26774193548387,28.65806451612903,22.951612903225808,271.2,89.35483870967742,-0.92,-0.128,12,0.8567511994516792,78
DI YOGYAKARTA,2012-01-01,58.0,2012,3546200,25.029032258064515,28.42258064516129,22.664516129032258,290.6,89.2258064516129,-0.72,0.046,1,1.635553550279172,79
DI YOGYAKARTA,2012-02-01,64.0,2012,3546200,25.06896551724138,28.627586206896552,22.386206896551727,326.2,89.20689655172414,-0.57,-0.078,2,1.804748745135638,80
DI YOGYAKARTA,2012-03-01,67.0,2012,3546200,24.94516129032258,28.203225806451613,22.41290322580645,297.7,88.58064516129032,-0.46,0.026,3,1.8893463425638712,81
DI YOGYAKARTA,2012-04-01,82.0,2012,3546200,25.35666666666667,29.23,22.27,330.2,87.3,-0.36,-0.271,4,2.3123343297050365,82
DI YOGYAKARTA,2012-05-01,89.0,2012,3546200,25.13225806451613,28.94516129032258,21.706451612903223,184.3,85.74193548387096,-0.17,-0.37,5,2.5097287237042467,83
DI YOGYAKARTA,2012-06-01,88.0,2012,3546200,24.65666666666667,28.7,21.103333333333335,78.8,83.66666666666667,0.06,0.001,6,2.4815295245615023,84
DI YOGYAKARTA,2012-07-01,75.0,2012,3546200,23.73870967741935,28.093548387096774,20.270967741935483,12.1,80.35483870967742,0.3,0.546,7,2.114939935705826,85
DI YOGYAKARTA,2012-08-01,45.0,2012,3546200,23.583870967741937,28.470967741935485,19.719354838709677,6.9,78.29032258064517,0.41,0.652,8,1.2689639614234955,86
DI YOGYAKARTA,2012-09-01,37.0,2012,3546200,24.51,29.413333333333338,21.066666666666663,18.6,79.53333333333333,0.41,0.453,9,1.0433703682815407,87
DI YOGYAKARTA,2012-10-01,78.0,2012,3546200,25.73225806451613,30.4,22.467741935483872,122.2,81.3225806451613,0.31,0.11,10,2.199537533134059,88
DI YOGYAKARTA,2012-11-01,87.0,2012,3546200,25.64,29.32,23.103333333333335,354.5,86.8,0.13,-0.1,11,2.453330325418758,89
DI YOGYAKARTA,2012-12-01,201.0,2012,3546200,25.04516129032258,28.44516129032258,22.861290322580647,502.7,90.83870967741936,-0.1,0.268,12,5.668039027691614,90
DI YOGYAKARTA,2013-01-01,463.0,2013,3590800,24.996774193548383,28.074193548387097,22.919354838709676,340.6,90.4516129032258,-0.29,-0.065,1,12.894062604433552,91
DI YOGYAKARTA,2013-02-01,401.0,2013,3590800,25.460714285714285,29.146428571428572,22.817857142857143,385.9,89.39285714285714,-0.29,0.189,2,11.167427871226467,92
DI YOGYAKARTA,2013-03-01,442.0,2013,3590800,25.429032258064513,28.932258064516127,22.787096774193547,191.0,89.6774193548387,-0.21,0.083,3,12.309234710927926,93
DI YOGYAKARTA,2013-04-01,416.0,2013,3590800,25.813333333333333,29.453333333333333,23.103333333333335,301.3,88.36666666666666,-0.19,-0.297,4,11.585162080873342,94
DI YOGYAKARTA,2013-05-01,303.0,2013,3590800,25.570967741935487,29.20967741935484,22.83225806451613,271.40000000000003,88.83870967741936,-0.27,-0.506,5,8.438231034866883,95
DI YOGYAKARTA,2013-06-01,260.0,2013,3590800,25.256666666666668,28.74,22.75,225.9,89.0,-0.34,-0.497,6,7.240726300545839,96
DI YOGYAKARTA,2013-07-01,261.0,2013,3590800,24.270967741935483,27.77741935483871,21.33225806451613,155.4,86.45161290322581,-0.35,-0.18,7,7.268575247855631,97
DI YOGYAKARTA,2013-08-01,171.0,2013,3590800,24.338709677419356,28.84193548387097,20.403225806451612,10.8,80.45161290322581,-0.28,-0.194,8,4.762169989974379,98
DI YOGYAKARTA,2013-09-01,148.0,2013,3590800,24.83,29.9,21.053333333333335,7.6,78.23333333333333,-0.21,-0.31,9,4.12164420184917,99
DI YOGYAKARTA,2013-10-01,133.0,2013,3590800,25.6,30.23870967741935,22.1,129.7,80.38709677419355,-0.13,-0.168,10,3.703909992202295,100
DI YOGYAKARTA,2013-11-01,161.0,2013,3590800,25.173333333333336,28.67,22.65666666666667,256.6,87.23333333333333,-0.1,0.199,11,4.483680516876462,101
DI YOGYAKARTA,2013-12-01,160.0,2013,3590800,24.780645161290323,27.629032258064516,22.596774193548388,434.2,89.90322580645162,-0.15,0.141,12,4.45583156956667,102
DI YOGYAKARTA,2014-01-01,177.0,2014,3635400,24.59032258064516,27.838709677419356,22.361290322580647,389.0,90.09677419354838,-0.28,-0.101,1,4.868790229410794,103
DI YOGYAKARTA,2014-02-01,177.0,2014,3635400,25.178571428571427,28.760714285714283,22.489285714285717,339.7,88.14285714285714,-0.32,-0.089,2,4.868790229410794,104
DI YOGYAKARTA,2014-03-01,193.0,2014,3635400,25.616129032258065,29.34193548387097,22.64516129032258,271.6,87.80645161290323,-0.14,-0.151,3,5.308906860317984,105
DI YOGYAKARTA,2014-04-01,215.0,2014,3635400,25.353333333333335,28.92,22.576666666666664,201.2,89.23333333333333,0.15,-0.058,4,5.914067227815371,106
DI YOGYAKARTA,2014-05-01,219.0,2014,3635400,26.041935483870965,29.95483870967742,22.648387096774194,115.2,85.58064516129032,0.31,-0.092,5,6.024096385542169,107
DI YOGYAKARTA,2014-06-01,164.0,2014,3635400,25.88,29.863333333333333,22.416666666666668,153.5,84.0,0.23,-0.028,6,4.511195466798702,108
DI YOGYAKARTA,2014-07-01,130.0,2014,3635400,24.72258064516129,28.177419354838708,21.432258064516127,88.8,82.61290322580645,0.1,-0.363,7,3.575947626120922,109
DI YOGYAKARTA,2014-08-01,156.0,2014,3635400,24.929032258064513,29.654838709677417,21.1,12.8,78.3225806451613,0.11,-0.372,8,4.291137151345106,110
DI YOGYAKARTA,2014-09-01,144.0,2014,3635400,24.709999999999997,30.203333333333333,20.756666666666668,3.8,77.76666666666667,0.28,-0.145,9,3.9610496781647138,111
DI YOGYAKARTA,2014-10-01,122.0,2014,3635400,25.787096774193547,30.864516129032257,22.251612903225805,41.3,78.96774193548387,0.54,0.141,10,3.355889310667327,112
DI YOGYAKARTA,2014-11-01,146.0,2014,3635400,25.616666666666667,29.48,22.853333333333335,298.59999999999997,86.86666666666666,0.71,0.01,11,4.016064257028113,113
DI YOGYAKARTA,2014-12-01,112.0,2014,3635400,24.967741935483872,27.92258064516129,22.906451612903226,393.4,90.29032258064515,0.77,0.046,12,3.080816416350333,114
DI YOGYAKARTA,2015-01-01,534.0,2015,3680000,24.94193548387097,28.183870967741935,22.55806451612903,267.5,88.35483870967742,0.69,-0.1,1,14.51086956521739,115
DI YOGYAKARTA,2015-02-01,550.0,2015,3680000,25.114285714285717,28.74285714285714,22.485714285714288,323.2,88.92857142857143,0.61,-0.345,2,14.945652173913043,116
DI YOGYAKARTA,2015-03-01,440.0,2015,3680000,25.270967741935483,29.09032258064516,22.661290322580644,331.8,88.7741935483871,0.65,-0.241,3,11.956521739130435,117
DI YOGYAKARTA,2015-04-01,424.0,2015,3680000,25.433333333333337,29.003333333333337,22.99,476.0,89.26666666666667,0.81,-0.008,4,11.521739130434783,118
DI YOGYAKARTA,2015-05-01,414.0,2015,3680000,25.12258064516129,29.074193548387097,21.532258064516128,96.3,85.64516129032258,1.02,0.24,5,11.25,119
DI YOGYAKARTA,2015-06-01,361.0,2015,3680000,24.876666666666665,29.3,20.863333333333333,48.099999999999994,82.76666666666667,1.25,0.296,6,9.809782608695652,120
DI YOGYAKARTA,2015-07-01,234.0,2015,3680000,24.896774193548385,29.88064516129032,20.77741935483871,13.4,79.09677419354838,1.57,0.225,7,6.358695652173913,121
DI YOGYAKARTA,2015-08-01,132.0,2015,3680000,24.567741935483873,30.02258064516129,20.30967741935484,9.3,77.93548387096774,1.91,0.567,8,3.5869565217391304,122
DI YOGYAKARTA,2015-09-01,113.0,2015,3680000,24.923333333333336,30.626666666666665,21.203333333333333,1.7,77.0,2.21,0.294,9,3.0706521739130435,123
DI YOGYAKARTA,2015-10-01,93.0,2015,3680000,26.403225806451612,32.37096774193548,22.241935483870968,14.6,76.2258064516129,2.47,0.483,10,2.527173913043478,124
DI YOGYAKARTA,2015-11-01,80.0,2015,3680000,26.21333333333333,30.353333333333335,23.203333333333333,275.7,84.4,2.64,0.347,11,2.1739130434782608,125
DI YOGYAKARTA,2015-12-01,45.0,2015,3680000,25.56451612903226,28.967741935483872,23.26451612903226,446.1,89.35483870967742,2.75,0.272,12,1.2228260869565217,126
DI YOGYAKARTA,2016-01-01,529.0,2016,3677800,26.27741935483871,30.009677419354837,23.603225806451615,317.9,87.74193548387096,2.63,0.266,1,14.383598890641144,127
DI YOGYAKARTA,2016-03-01,577.0,2016,3677800,26.187096774193545,29.651612903225807,23.6,348.0,89.03225806451613,1.71,-0.009,3,15.68872695633259,128
DI YOGYAKARTA,2016-04-01,538.0,2016,3677800,26.263333333333332,29.983333333333334,23.49,326.8,88.0,1.05,0.146,4,14.62831040295829,129
DI YOGYAKARTA,2016-05-01,594.0,2016,3677800,26.23225806451613,29.90967741935484,23.41290322580645,232.5,88.25806451612904,0.49,-0.113,5,16.150959812931642,130
DI YOGYAKARTA,2016-06-01,613.0,2016,3677800,25.486666666666668,29.103333333333335,22.64,389.5,87.9,0.0,-0.443,6,16.667573005601174,131
DI YOGYAKARTA,2016-07-01,479.0,2016,3677800,25.393548387096775,29.148387096774194,22.30322580645161,161.79999999999998,86.6774193548387,-0.31,-0.758,7,13.02409048887922,132
DI YOGYAKARTA,2016-08-01,584.0,2016,3677800,25.206451612903223,29.006451612903227,21.925806451612903,121.9,84.16129032258064,-0.5,-0.444,8,15.87905813257926,133
DI YOGYAKARTA,2016-09-01,545.0,2016,3677800,25.540000000000003,29.3,22.773333333333333,341.9,86.5,-0.58,-0.437,9,14.818641579204959,134
DI YOGYAKARTA,2016-10-01,454.0,2016,3677800,25.364516129032257,28.796774193548387,23.067741935483873,492.3,89.35483870967742,-0.64,-0.372,10,12.34433628799826,135
DI YOGYAKARTA,2016-11-01,525.0,2016,3677800,25.31,28.746666666666663,23.01,417.5,90.5,-0.6,-0.382,11,14.274838218500191,136
DI YOGYAKARTA,2016-12-01,259.0,2016,3677800,25.15806451612903,28.274193548387096,23.0,350.3,87.80645161290323,-0.45,-0.31,12,7.042253521126761,137
DI YOGYAKARTA,2017-01-01,547.0,2017,3675600,25.470967741935485,29.16774193548387,23.032258064516128,265.8,85.83870967741936,-0.19,-0.086,1,14.88192403961258,138
DI YOGYAKARTA,2017-02-01,261.0,2017,3675600,25.282142857142855,29.125,22.77857142857143,378.0,86.5,-0.02,0.101,2,7.100881488736533,139
DI YOGYAKARTA,2017-03-01,233.0,2017,3675600,25.758064516129032,29.629032258064516,23.041935483870965,191.3,85.64516129032258,0.18,0.357,3,6.339101099140277,140
DI YOGYAKARTA,2017-04-01,141.0,2017,3675600,25.83,29.540000000000003,23.313333333333333,279.0,86.2,0.31,0.499,4,3.8361083904668627,141
DI YOGYAKARTA,2017-05-01,119.0,2017,3675600,25.990322580645163,29.98064516129032,22.887096774193548,122.4,82.80645161290323,0.4,0.536,5,3.23756665578409,142
DI YOGYAKARTA,2017-06-01,86.0,2017,3675600,25.873333333333335,30.35666666666667,22.626666666666665,105.2,81.46666666666667,0.39,0.424,6,2.3397540537599304,143
DI YOGYAKARTA,2017-07-01,43.0,2017,3675600,25.241935483870968,29.929032258064517,21.654838709677417,35.4,77.70967741935483,0.19,0.52,7,1.1698770268799652,144
DI YOGYAKARTA,2017-08-01,49.0,2017,3675600,25.287096774193547,30.9741935483871,21.106451612903225,9.6,73.58064516129032,-0.07,0.349,8,1.3331156817934486,145
DI YOGYAKARTA,2017-09-01,23.0,2017,3675600,25.959999999999997,31.610000000000003,22.21333333333333,87.5,74.33333333333333,-0.34,0.034,9,0.6257481771683535,146
DI YOGYAKARTA,2017-10-01,39.0,2017,3675600,25.66774193548387,29.270967741935483,23.09032258064516,192.5,84.09677419354838,-0.6,0.016,10,1.061051256937643,147
DI YOGYAKARTA,2017-11-01,71.0,2017,3675600,25.206666666666667,28.553333333333335,23.033333333333335,551.2,87.53333333333333,-0.77,0.289,11,1.9316574164762215,148
DI YOGYAKARTA,2017-12-01,30.0,2017,3675600,25.55161290322581,29.116129032258065,22.990322580645163,166.8,84.2258064516129,-0.86,0.109,12,0.8161932745674175,149
DI YOGYAKARTA,2018-01-01,73.0,2018,3673400,25.20967741935484,28.635483870967743,22.864516129032257,434.6,86.25806451612904,-0.77,-0.2,1,1.98725975935101,150
DI YOGYAKARTA,2018-02-01,59.0,2018,3673400,25.25714285714286,28.97142857142857,22.72142857142857,271.1,86.5,-0.71,0.215,2,1.6061414493384876,151
DI YOGYAKARTA,2018-03-01,38.0,2018,3673400,25.612903225806452,29.56451612903226,22.851612903225806,182.0,85.2258064516129,-0.57,-0.12,3,1.0344639843197039,152
DI YOGYAKARTA,2018-04-01,51.0,2018,3673400,26.363333333333333,30.576666666666664,23.209999999999997,110.3,82.8,-0.39,-0.083,4,1.3883595579027603,153
DI YOGYAKARTA,2018-05-01,52.0,2018,3673400,26.967741935483872,32.67741935483871,22.60967741935484,54.8,73.93548387096774,-0.13,0.122,5,1.4155822943322263,154
DI YOGYAKARTA,2018-06-01,34.0,2018,3673400,26.373333333333335,32.36333333333333,21.946666666666665,31.0,73.23333333333333,0.06,0.155,6,0.9255730386018403,155
DI YOGYAKARTA,2018-07-01,38.0,2018,3673400,24.870967741935484,31.37741935483871,19.864516129032257,8.4,70.90322580645162,0.14,0.053,7,1.0344639843197039,156
DI YOGYAKARTA,2018-08-01,26.0,2018,3673400,24.69032258064516,30.461290322580645,20.212903225806453,17.9,72.03225806451613,0.27,0.122,8,0.7077911471661131,157
DI YOGYAKARTA,2018-09-01,29.0,2018,3673400,25.59,31.063333333333333,21.603333333333335,39.8,73.86666666666666,0.53,0.604,9,0.7894593564545108,158
DI YOGYAKARTA,2018-10-01,54.0,2018,3673400,26.796774193548387,32.561290322580646,22.493548387096773,36.9,72.58064516129032,0.81,0.685,10,1.4700277671911581,159
DI YOGYAKARTA,2018-11-01,52.0,2018,3673400,26.153333333333332,29.84,23.476666666666667,457.5,84.06666666666666,0.97,0.5,11,1.4155822943322263,160
DI YOGYAKARTA,2018-12-01,41.0,2018,3673400,25.65806451612903,28.648387096774194,23.616129032258065,271.0,86.45161290322581,0.92,0.309,12,1.1161321936081015,161
DI YOGYAKARTA,2019-01-01,354.0,2019,3671200,25.654838709677417,29.38064516129032,23.27741935483871,447.3,88.0,0.89,0.387,1,9.642623665286555,162
DI YOGYAKARTA,2019-02-01,365.0,2019,3671200,25.92142857142857,29.832142857142856,23.178571428571427,343.5,87.32142857142857,0.86,0.416,2,9.942253214207888,163
DI YOGYAKARTA,2019-03-01,389.0,2019,3671200,25.57741935483871,29.161290322580644,23.070967741935487,423.4,87.64516129032258,0.84,0.224,3,10.595990411854434,164
DI YOGYAKARTA,2019-04-01,472.0,2019,3671200,26.433333333333337,30.4,23.636666666666667,214.7,85.63333333333334,0.77,0.258,4,12.856831553715406,165
DI YOGYAKARTA,2019-05-01,524.0,2019,3671200,26.73225806451613,31.561290322580643,22.76774193548387,47.3,76.83870967741936,0.64,0.539,5,14.273262148616256,166
DI YOGYAKARTA,2019-06-01,305.0,2019,3671200,25.846666666666668,32.43333333333333,20.75,6.4,70.43333333333334,0.52,0.605,6,8.307910220091523,167
DI YOGYAKARTA,2019-07-01,229.0,2019,3671200,25.45483870967742,32.354838709677416,20.41290322580645,7.4,70.29032258064517,0.33,0.597,7,6.237742427544127,168
DI YOGYAKARTA,2019-08-01,123.0,2019,3671200,25.296774193548387,32.167741935483875,20.177419354838708,5.0,69.35483870967742,0.19,0.436,8,3.3504031379385486,169
DI YOGYAKARTA,2019-09-01,104.0,2019,3671200,26.14333333333333,33.78333333333333,21.023333333333333,3.3,67.46666666666667,0.23,0.893,9,2.8328611898016995,170
DI YOGYAKARTA,2019-10-01,113.0,2019,3671200,27.129032258064516,33.76774193548387,22.703225806451613,35.0,71.2258064516129,0.39,0.964,10,3.0780126389191547,171
DI YOGYAKARTA,2019-11-01,130.0,2019,3671200,26.956666666666667,32.11333333333333,23.23,123.1,76.43333333333334,0.58,0.835,11,3.5410764872521248,172
DI YOGYAKARTA,2019-12-01,193.0,2019,3671200,26.451612903225808,30.635483870967743,23.725806451612904,311.3,85.96774193548387,0.66,0.243,12,5.257136631074308,173
DI YOGYAKARTA,2020-01-01,481.0,2020,3669000,26.129032258064516,29.82903225806452,23.425806451612903,239.7,86.12903225806451,0.64,0.173,1,13.109839193240665,174
DI YOGYAKARTA,2020-02-01,684.0,2020,3669000,25.975862068965515,29.75172413793103,23.56551724137931,302.1,88.86206896551724,0.63,0.054,2,18.64268192968111,175
DI YOGYAKARTA,2020-03-01,713.0,2020,3669000,26.103225806451615,29.958064516129035,23.438709677419357,548.1,88.12903225806451,0.53,0.019,3,19.43308803488689,176
DI YOGYAKARTA,2020-04-01,532.0,2020,3669000,26.456666666666667,30.326666666666664,23.53,210.8,86.73333333333333,0.3,-0.011,4,14.499863723085308,177
DI YOGYAKARTA,2020-05-01,370.0,2020,3669000,26.783870967741933,30.703225806451613,23.751612903225805,187.3,83.80645161290323,0.01,0.298,5,10.084491687108203,178
DI YOGYAKARTA,2020-06-01,247.0,2020,3669000,25.836666666666662,30.063333333333333,22.42,72.9,82.3,-0.23,0.454,6,6.732079585718179,179
DI YOGYAKARTA,2020-07-01,160.0,2020,3669000,25.57741935483871,30.88064516129032,21.393548387096775,23.0,76.45161290322581,-0.36,0.32,7,4.360861270100845,180
DI YOGYAKARTA,2020-08-01,81.0,2020,3669000,25.9,31.993548387096773,21.46451612903226,43.4,75.38709677419355,-0.53,-0.183,8,2.2076860179885527,181
DI YOGYAKARTA,2020-10-01,73.0,2020,3669000,26.125806451612902,30.561290322580643,23.26774193548387,248.5,82.03225806451613,-1.12,0.074,10,1.9896429544835106,182
DI YOGYAKARTA,2020-11-01,112.0,2020,3669000,25.883333333333333,29.576666666666664,23.31,452.0,87.16666666666667,-1.2,0.02,11,3.0526028890705916,183
DI YOGYAKARTA,2020-12-01,97.0,2020,3669000,25.27741935483871,28.76451612903226,22.970967741935485,399.8,88.25806451612904,-1.08,0.03,12,2.6437721449986373,184
DI YOGYAKARTA,2021-01-01,103.0,2021,3679250,25.348387096774193,29.032258064516128,22.961290322580645,358.5,87.58064516129032,-0.91,0.051,1,2.799483590405653,185
DI YOGYAKARTA,2021-02-01,91.0,2021,3679250,25.285714285714285,28.960714285714285,22.87142857142857,486.3,88.64285714285714,-0.79,0.243,2,2.473330162397228,186
DI YOGYAKARTA,2021-03-01,93.0,2021,3679250,25.716129032258067,29.700000000000003,22.864516129032257,206.6,85.96774193548387,-0.71,0.266,3,2.5276890670652987,187
DI YOGYAKARTA,2021-04-01,97.0,2021,3679250,26.146666666666665,30.493333333333332,22.87,168.0,83.8,-0.55,0.25,4,2.6364068764014403,188
DI YOGYAKARTA,2021-05-01,80.0,2021,3679250,26.96451612903226,31.674193548387095,23.219354838709677,74.4,79.09677419354838,-0.39,0.009,5,2.1743561867228376,189
DI YOGYAKARTA,2021-06-01,45.0,2021,3679250,26.25,30.94,22.946666666666665,327.79999999999995,83.26666666666667,-0.3,-0.002,6,1.223075355031596,190
DI YOGYAKARTA,2021-07-01,22.0,2021,3679250,25.322580645161292,30.296774193548387,21.270967741935483,30.7,79.80645161290323,-0.35,-0.228,7,0.5979479513487803,191
DI YOGYAKARTA,2021-08-01,29.0,2021,3679250,25.85483870967742,30.79032258064516,21.98709677419355,50.2,77.3225806451613,-0.45,-0.099,8,0.7882041176870286,192
DI YOGYAKARTA,2021-09-01,56.0,2021,3679250,25.87,30.653333333333332,22.573333333333338,125.3,79.86666666666666,-0.63,-0.058,9,1.5220493307059864,193
DI YOGYAKARTA,2021-10-01,83.0,2021,3679250,25.864516129032257,30.493548387096773,22.654838709677417,173.6,80.83870967741936,-0.76,-0.091,10,2.255894543724944,194
DI YOGYAKARTA,2021-11-01,168.0,2021,3679250,25.336666666666662,29.173333333333336,22.88,509.0,88.33333333333333,-0.91,0.069,11,4.566147992117958,195
DI YOGYAKARTA,2021-12-01,319.0,2021,3679250,25.55806451612903,29.43548387096774,22.92258064516129,314.2,87.70967741935483,-0.87,-0.12,12,8.670245294557315,196
DI YOGYAKARTA,2022-01-01,479.0,2022,3689500,25.335483870967742,29.47741935483871,22.43548387096774,279.3,85.70967741935483,-0.82,-0.056,1,12.982788995798888,197
DI YOGYAKARTA,2022-02-01,157.0,2022,3689500,25.45,29.460714285714285,22.714285714285715,280.1,86.96428571428571,-0.79,-0.083,2,4.25531914893617,198
DI YOGYAKARTA,2022-03-01,133.0,2022,3689500,25.44838709677419,29.677419354838708,22.687096774193545,345.4,87.90322580645162,-0.86,-0.093,3,3.604824501965036,199
DI YOGYAKARTA,2022-04-01,163.0,2022,3689500,25.540000000000003,29.926666666666662,22.7,357.5,87.5,-0.95,-0.068,4,4.417942810678954,200
DI YOGYAKARTA,2022-05-01,220.0,2022,3689500,26.074193548387097,30.322580645161292,23.164516129032258,252.4,86.25806451612904,-0.9,-0.122,5,5.962867597235398,201
DI YOGYAKARTA,2022-06-01,188.0,2022,3689500,25.216666666666665,29.293333333333333,22.226666666666667,231.3,85.43333333333334,-0.78,-0.335,6,5.095541401273885,202
DI YOGYAKARTA,2022-07-01,198.0,2022,3689500,25.219354838709677,30.003225806451617,21.44838709677419,65.4,81.48387096774194,-0.76,-0.195,7,5.366580837511858,203
DI YOGYAKARTA,2022-08-01,165.0,2022,3689500,25.27741935483871,30.03548387096774,21.64516129032258,115.7,80.12903225806451,-0.87,-0.246,8,4.472150697926549,204
DI YOGYAKARTA,2022-09-01,111.0,2022,3689500,25.516666666666666,30.126666666666665,22.290000000000003,198.4,82.2,-0.97,-0.322,9,3.0085377422414963,205
DI YOGYAKARTA,2022-10-01,120.0,2022,3689500,24.97741935483871,28.529032258064515,22.648387096774194,403.9,86.41935483870968,-0.94,-0.691,10,3.2524732348556715,206
DI YOGYAKARTA,2022-11-01,97.0,2022,3689500,25.026666666666664,28.813333333333333,22.596666666666668,505.6,88.9,-0.85,-0.269,11,2.6290825315083346,207
DI YOGYAKARTA,2022-12-01,133.0,2022,3689500,25.15806451612903,29.029032258064515,22.361290322580647,359.9,87.0,-0.71,-0.092,12,3.604824501965036,208
DI YOGYAKARTA,2023-01-01,154.0,2023,3699750,25.258064516129032,28.96451612903226,22.47741935483871,215.3,86.48387096774194,-0.54,0.109,1,4.162443408338401,209
DI YOGYAKARTA,2023-02-01,81.0,2023,3699750,25.05,28.932142857142857,22.667857142857144,459.6,88.10714285714286,-0.29,0.157,2,2.1893371173727956,210
DI YOGYAKARTA,2023-03-01,52.0,2023,3699750,25.612903225806452,29.906451612903226,22.616129032258065,321.8,86.16129032258064,-0.02,0.415,3,1.405500371646733,211
DI YOGYAKARTA,2023-04-01,42.0,2023,3699750,25.836666666666662,30.03666666666667,22.86,236.3,85.06666666666666,0.27,0.56,4,1.1352118386377459,212
DI YOGYAKARTA,2023-05-01,51.0,2023,3699750,26.106451612903225,30.993548387096773,22.274193548387096,110.2,79.6774193548387,0.57,0.443,5,1.3784715183458343,213
DI YOGYAKARTA,2023-06-01,40.0,2023,3699750,26.033333333333335,31.173333333333336,22.256666666666668,62.1,79.4,0.84,0.665,6,1.0811541320359483,214
DI YOGYAKARTA,2023-07-01,48.0,2023,3699750,24.70967741935484,29.73870967741935,20.748387096774195,63.8,78.35483870967742,1.12,0.498,7,1.297384958443138,215
DI YOGYAKARTA,2023-08-01,47.0,2023,3699750,24.94193548387097,31.716129032258067,20.009677419354837,6.2,73.64516129032258,1.37,0.825,8,1.2703561051422394,216
DI YOGYAKARTA,2023-09-01,47.0,2023,3699750,25.39333333333333,32.25,20.85666666666667,13.7,71.93333333333334,1.6,0.946,9,1.2703561051422394,217
DI YOGYAKARTA,2023-10-01,58.0,2023,3699750,27.23548387096774,33.83870967741935,22.793548387096777,40.8,73.58064516129032,1.83,0.804,10,1.567673491452125,218
DI YOGYAKARTA,2023-11-01,54.0,2023,3699750,26.89333333333333,32.00333333333334,23.38,165.3,80.56666666666666,1.99,0.92,11,1.4595580782485302,219
DI YOGYAKARTA,2023-12-01,26.0,2023,3699750,26.493548387096773,31.141935483870967,23.112903225806452,154.5,78.7741935483871,2.06,0.851,12,0.7027501858233665,220
DI YOGYAKARTA,2024-01-01,140.0,2024,3710000,25.79032258064516,29.53548387096774,23.30322580645161,391.9,87.45161290322581,1.92,0.765,1,3.7735849056603774,221
DI YOGYAKARTA,2024-02-01,302.0,2024,3710000,26.26206896551724,30.217241379310344,23.379310344827587,287.7,86.44827586206897,1.62,0.328,2,8.140161725067385,222
DI YOGYAKARTA,2024-03-01,541.0,2024,3710000,26.43548387096774,30.48709677419355,23.664516129032258,303.9,85.87096774193549,1.26,0.421,3,14.582210242587601,223
DI YOGYAKARTA,2024-04-01,486.0,2024,3710000,26.60666666666667,30.69,23.923333333333336,312.8,87.06666666666666,0.82,0.44,4,13.099730458221025,224
DI YOGYAKARTA,2024-05-01,508.0,2024,3710000,26.361290322580647,30.932258064516127,22.822580645161292,135.5,83.6774193548387,0.49,0.297,5,13.692722371967655,225
DI YOGYAKARTA,2024-06-01,379.0,2024,3710000,26.186666666666667,31.103333333333335,22.496666666666663,53.9,81.23333333333333,0.22,0.197,6,10.215633423180593,226
DI YOGYAKARTA,2024-07-01,263.0,2024,3710000,25.16774193548387,30.903225806451612,20.616129032258065,44.0,76.87096774193549,0.08,0.033,7,7.0889487870619945,227
DKI JAKARTA,2004-01-01,1625.0,2004,8860000,25.85483870967742,28.719354838709677,23.73870967741935,270.3,85.96774193548387,0.37,0.044,1,18.340857787810382,0
DKI JAKARTA,2004-02-01,7072.0,2004,8860000,25.689655172413794,28.49655172413793,23.617241379310343,248.4,86.51724137931035,0.31,0.114,2,79.81941309255079,1
DKI JAKARTA,2004-03-01,7052.0,2004,8860000,26.074193548387097,29.248387096774195,23.741935483870968,228.9,85.3225806451613,0.23,0.077,3,79.59367945823928,2
DKI JAKARTA,2004-04-01,1478.0,2004,8860000,26.653333333333332,30.1,23.96333333333333,113.0,83.5,0.17,-0.08,4,16.681715575620768,3
DKI JAKARTA,2004-05-01,702.0,2004,8860000,26.299999999999997,29.683870967741935,23.741935483870968,211.7,84.58064516129032,0.17,-0.565,5,7.923250564334086,4
DKI JAKARTA,2004-06-01,573.0,2004,8860000,25.87,29.46333333333333,22.756666666666668,34.7,79.83333333333333,0.28,-0.384,6,6.467268623024831,5
DKI JAKARTA,2004-07-01,498.0,2004,8860000,25.79032258064516,29.470967741935485,22.61935483870968,43.3,80.03225806451613,0.47,-0.301,7,5.6207674943566595,6
DKI JAKARTA,2004-08-01,36.0,2004,8860000,26.74516129032258,30.87741935483871,23.006451612903227,2.8,72.06451612903226,0.64,-0.132,8,0.40632054176072235,7
DKI JAKARTA,2005-01-01,1172.0,2005,8860000,25.69032258064516,28.47741935483871,23.46451612903226,260.7,86.38709677419355,0.64,-0.124,1,13.227990970654627,8
DKI JAKARTA,2005-02-01,2484.0,2005,8860000,25.964285714285715,29.02857142857143,23.62142857142857,253.4,86.0,0.58,-0.56,2,28.03611738148984,9
DKI JAKARTA,2005-03-01,1626.0,2005,8860000,26.26129032258065,29.34193548387097,23.780645161290323,202.6,85.70967741935483,0.45,-0.432,3,18.35214446952596,10
DKI JAKARTA,2005-04-01,1238.0,2005,8860000,26.589999999999996,29.98,23.996666666666663,107.4,83.56666666666666,0.43,0.084,4,13.972911963882618,11
DKI JAKARTA,2005-05-01,1474.0,2005,8860000,26.629032258064516,29.903225806451612,23.835483870967742,66.7,82.12903225806451,0.29,-0.033,5,16.636568848758465,12
DKI JAKARTA,2005-06-01,1352.0,2005,8860000,26.15,29.62,23.40666666666667,92.2,83.73333333333333,0.11,-0.176,6,15.25959367945824,13
DKI JAKARTA,2005-07-01,1385.0,2005,8860000,26.112903225806452,29.538709677419355,23.10967741935484,62.4,79.61290322580645,-0.06,-0.384,7,15.632054176072234,14
DKI JAKARTA,2005-08-01,2525.0,2005,8860000,26.364516129032257,30.10967741935484,23.325806451612905,51.6,78.7741935483871,-0.14,-0.345,8,28.498871331828443,15
DKI JAKARTA,2005-09-01,1902.0,2005,8860000,27.16,31.123333333333335,23.86,58.7,76.4,-0.11,-0.534,9,21.467268623024832,16
DKI JAKARTA,2005-10-01,2148.0,2005,8860000,26.648387096774194,30.32903225806452,23.84516129032258,135.3,80.83870967741936,-0.29,-0.436,10,24.243792325056432,17
DKI JAKARTA,2005-11-01,2624.0,2005,8860000,26.32,29.74,23.673333333333336,168.6,82.83333333333333,-0.57,-0.272,11,29.61625282167043,18
DKI JAKARTA,2005-12-01,3257.0,2005,8860000,26.08709677419355,29.22258064516129,23.76129032258065,157.2,83.25806451612904,-0.84,-0.3,12,36.760722347629795,19
DKI JAKARTA,2006-01-01,2471.0,2006,9016000,25.425806451612903,28.151612903225807,23.53548387096774,328.9,85.96774193548387,-0.85,-0.135,1,27.406832298136646,20
DKI JAKARTA,2006-02-01,2432.0,2006,9016000,25.914285714285715,29.00714285714286,23.61785714285714,279.1,85.64285714285714,-0.77,-0.305,2,26.97426796805679,21
DKI JAKARTA,2006-03-01,2875.0,2006,9016000,26.05806451612903,29.1,23.68064516129032,235.7,84.54838709677419,-0.57,-0.226,3,31.887755102040817,22
DKI JAKARTA,2006-04-01,2982.0,2006,9016000,26.123333333333335,29.459999999999997,23.673333333333336,145.8,84.2,-0.37,-0.015,4,33.07453416149068,23
DKI JAKARTA,2007-01-01,2460.0,2007,9172000,26.5258064516129,29.845161290322583,23.79032258064516,177.9,79.6774193548387,0.66,0.224,1,26.82075883122547,24
DKI JAKARTA,2007-02-01,3550.0,2007,9172000,25.792857142857144,28.664285714285715,23.521428571428572,256.9,85.78571428571429,0.22,0.15,2,38.704753597906674,25
DKI JAKARTA,2007-03-01,4407.0,2007,9172000,26.193548387096776,29.15806451612903,24.038709677419355,216.0,83.90322580645162,-0.12,0.116,3,48.04840819886611,26
DKI JAKARTA,2007-04-01,5112.0,2007,9172000,26.11,29.3,23.74,236.7,86.56666666666666,-0.32,0.1,4,55.73484518098561,27
DKI JAKARTA,2007-05-01,4563.0,2007,9172000,26.34193548387097,29.56451612903226,23.73225806451613,116.8,84.45161290322581,-0.38,0.27,5,49.74923680767554,28
DKI JAKARTA,2007-06-01,3740.0,2007,9172000,26.116666666666667,29.40666666666667,23.403333333333332,115.0,83.66666666666667,-0.47,0.03,6,40.776275621456605,29
DKI JAKARTA,2007-07-01,2748.0,2007,9172000,26.299999999999997,29.861290322580647,23.13225806451613,36.2,78.64516129032258,-0.56,0.045,7,29.960750109027476,30
DKI JAKARTA,2007-08-01,1614.0,2007,9172000,26.570967741935487,30.741935483870968,22.91290322580645,55.8,75.06451612903226,-0.81,0.236,8,17.597034452682077,31
DKI JAKARTA,2007-09-01,952.0,2007,9172000,27.323333333333338,31.673333333333336,23.6,18.3,71.76666666666667,-1.07,0.235,9,10.379415612734409,32
DKI JAKARTA,2007-10-01,654.0,2007,9172000,27.206451612903223,31.18064516129032,23.92258064516129,79.7,76.51612903225806,-1.34,0.068,10,7.130396860008722,33
DKI JAKARTA,2007-11-01,687.0,2007,9172000,26.69,30.446666666666665,23.766666666666666,107.4,79.36666666666666,-1.5,-0.023,11,7.490187527256869,34
DKI JAKARTA,2007-12-01,1349.0,2007,9172000,25.81935483870968,28.693548387096776,23.799999999999997,379.2,85.54838709677419,-1.6,-0.227,12,14.707806367204535,35
DKI JAKARTA,2008-01-01,3047.0,2008,9328000,26.048387096774192,29.029032258064515,23.725806451612904,165.3,83.19354838709677,-1.64,0.115,1,32.66509433962264,36
DKI JAKARTA,2008-02-01,2620.0,2008,9328000,25.282758620689656,27.75862068965517,23.49655172413793,308.3,85.72413793103448,-1.52,-0.072,2,28.087478559176674,37
DKI JAKARTA,2008-03-01,2848.0,2008,9328000,25.700000000000003,28.858064516129033,23.18064516129032,271.7,85.25806451612904,-1.29,0.097,3,30.53173241852487,38
DKI JAKARTA,2008-04-01,3741.0,2008,9328000,25.95,29.246666666666663,23.253333333333337,198.4,85.06666666666666,-1.01,-0.153,4,40.10506003430532,39
DKI JAKARTA,2008-05-01,4772.0,2008,9328000,26.36774193548387,29.916129032258063,23.1,28.0,79.96774193548387,-0.84,0.178,5,51.15780445969125,40
DKI JAKARTA,2008-06-01,3547.0,2008,9328000,26.386666666666667,30.06,23.17,44.4,78.4,-0.61,0.215,6,38.02530017152659,41
DKI JAKARTA,2008-07-01,2099.0,2008,9328000,26.835483870967742,31.212903225806453,22.851612903225806,5.6,71.03225806451613,-0.37,0.246,7,22.502144082332762,42
DKI JAKARTA,2008-08-01,1077.0,2008,9328000,26.661290322580644,30.687096774193545,23.37741935483871,88.89999999999999,75.90322580645162,-0.23,0.124,8,11.545883361921097,43
DKI JAKARTA,2008-09-01,826.0,2008,9328000,27.46333333333333,31.686666666666667,23.833333333333332,24.6,73.2,-0.24,0.086,9,8.855060034305318,44
DKI JAKARTA,2008-10-01,956.0,2008,9328000,27.032258064516128,31.05483870967742,24.029032258064515,117.2,79.06451612903226,-0.35,0.029,10,10.248713550600343,45
DKI JAKARTA,2008-11-01,1051.0,2008,9328000,26.123333333333335,29.42,23.793333333333333,295.6,85.46666666666667,-0.55,-0.128,11,11.267152658662093,46
DKI JAKARTA,2008-12-01,1777.0,2008,9328000,25.729032258064517,28.451612903225808,23.67096774193548,284.2,85.61290322580645,-0.73,-0.053,12,19.05017152658662,47
DKI JAKARTA,2009-01-01,3129.0,2009,9484000,25.41290322580645,28.25483870967742,23.32903225806452,216.9,85.35483870967742,-0.85,0.031,1,32.99240826655419,48
DKI JAKARTA,2009-02-01,3084.0,2009,9484000,25.353571428571428,27.892857142857142,23.61785714285714,288.7,86.17857142857143,-0.79,0.163,2,32.51792492619148,49
DKI JAKARTA,2009-03-01,4175.0,2009,9484000,26.116129032258065,29.51290322580645,23.461290322580645,198.0,83.93548387096774,-0.61,0.1,3,44.021509911429774,50
DKI JAKARTA,2009-04-01,4269.0,2009,9484000,26.396666666666665,29.753333333333337,23.733333333333334,165.8,84.96666666666667,-0.33,0.126,4,45.01265288907634,51
DKI JAKARTA,2009-05-01,3701.0,2009,9484000,26.44193548387097,29.583870967741937,23.896774193548385,116.0,84.25806451612904,0.01,0.256,5,39.023618726275835,52
DKI JAKARTA,2009-06-01,2988.0,2009,9484000,26.433333333333337,29.83,23.65,63.9,81.56666666666666,0.28,0.1,6,31.50569380008435,53
DKI JAKARTA,2009-07-01,2710.0,2009,9484000,26.66774193548387,30.61935483870968,23.164516129032258,37.6,74.80645161290323,0.45,-0.192,7,28.574441164065796,54
DKI JAKARTA,2009-08-01,1384.0,2009,9484000,27.14516129032258,31.364516129032257,23.416129032258063,12.5,73.48387096774194,0.58,-0.104,8,14.592998734711092,55
DKI JAKARTA,2009-09-01,679.0,2009,9484000,27.75,32.10666666666667,23.993333333333332,26.0,72.16666666666667,0.71,-0.103,9,7.1594264023618726,56
DKI JAKARTA,2009-10-01,566.0,2009,9484000,27.729032258064517,31.725806451612904,24.45483870967742,75.3,74.12903225806451,1.01,-0.013,10,5.967946014339941,57
DKI JAKARTA,2009-11-01,540.0,2009,9484000,26.863333333333333,30.256666666666668,24.39,271.59999999999997,80.73333333333333,1.36,-0.067,11,5.693800084352594,58
DKI JAKARTA,2009-12-01,807.0,2009,9484000,26.251612903225805,29.335483870967742,23.83225806451613,223.1,85.12903225806451,1.56,0.16,12,8.509067903838043,59
DKI JAKARTA,2010-01-01,1486.0,2010,9640000,25.806451612903224,28.616129032258065,23.787096774193547,297.2,85.70967741935483,1.5,0.294,1,15.4149377593361,60
DKI JAKARTA,2010-02-01,1815.0,2010,9640000,26.375,29.29642857142857,24.185714285714287,275.1,86.28571428571429,1.22,0.023,2,18.827800829875518,61
DKI JAKARTA,2010-03-01,2570.0,2010,9640000,26.348387096774193,29.4,24.26129032258065,321.1,86.74193548387096,0.84,0.458,3,26.6597510373444,62
DKI JAKARTA,2010-04-01,2431.0,2010,9640000,27.236666666666668,30.676666666666662,24.523333333333333,95.1,82.4,0.35,0.37,4,25.217842323651453,63
DKI JAKARTA,2010-05-01,1640.0,2010,9640000,26.916129032258063,30.164516129032258,24.47741935483871,195.3,85.7741935483871,-0.17,-0.03,5,17.012448132780083,64
DKI JAKARTA,2010-06-01,1193.0,2010,9640000,26.21333333333333,29.216666666666665,23.93,148.7,85.9,-0.66,-0.14,6,12.37551867219917,65
DKI JAKARTA,2010-07-01,1387.0,2010,9640000,25.86774193548387,29.016129032258064,23.470967741935485,239.0,85.41935483870968,-1.05,-0.001,7,14.387966804979254,66
DKI JAKARTA,2010-08-01,1569.0,2010,9640000,26.18064516129032,29.483870967741936,23.567741935483873,115.2,83.64516129032258,-1.35,-0.062,8,16.275933609958507,67
DKI JAKARTA,2010-09-01,1302.0,2010,9640000,25.993333333333332,29.276666666666664,23.55,192.2,85.23333333333333,-1.56,-0.268,9,13.506224066390041,68
DKI JAKARTA,2010-10-01,1181.0,2010,9640000,26.116129032258065,29.516129032258064,23.548387096774192,238.0,84.6774193548387,-1.64,-0.437,10,12.251037344398341,69
DKI JAKARTA,2010-11-01,1544.0,2010,9640000,26.1,29.246666666666663,23.816666666666663,284.2,84.83333333333333,-1.64,-0.495,11,16.016597510373444,70
DKI JAKARTA,2010-12-01,1155.0,2010,9640000,25.661290322580644,28.345161290322583,23.751612903225805,255.6,84.06451612903226,-1.54,-0.212,12,11.981327800829876,71
DKI JAKARTA,2011-01-01,1093.0,2011,9747600,25.574193548387097,28.241935483870968,23.506451612903227,170.70000000000002,84.90322580645162,-1.31,0.192,1,11.213016537404078,72
DKI JAKARTA,2011-02-01,801.0,2011,9747600,25.803571428571427,28.482142857142858,23.575,151.0,84.21428571428571,-1.04,0.242,2,8.217407361812139,73
DKI JAKARTA,2011-03-01,820.0,2011,9747600,25.90967741935484,28.916129032258063,23.719354838709677,150.0,83.58064516129032,-0.8,0.367,3,8.412327136936272,74
DKI JAKARTA,2011-05-01,482.0,2011,9747600,26.19032258064516,29.335483870967742,23.74516129032258,124.4,84.87096774193549,-0.46,-0.089,5,4.944806926833272,75
DKI JAKARTA,2011-06-01,565.0,2011,9747600,26.35,29.803333333333335,23.44,59.8,79.93333333333334,-0.37,0.055,6,5.796298576059748,76
DKI JAKARTA,2011-07-01,595.0,2011,9747600,26.203225806451613,29.719354838709677,23.24516129032258,31.7,78.58064516129032,-0.43,0.223,7,6.104066642045221,77
DKI JAKARTA,2011-08-01,534.0,2011,9747600,27.009677419354837,31.19677419354839,23.416129032258063,8.1,71.90322580645162,-0.58,0.344,8,5.478271574541425,78
DKI JAKARTA,2011-09-01,354.0,2011,9747600,27.46333333333333,31.633333333333333,23.78666666666667,24.3,71.3,-0.79,0.202,9,3.6316631786285853,79
DKI JAKARTA,2011-10-01,339.0,2011,9747600,27.129032258064516,31.164516129032258,24.05483870967742,134.7,77.7741935483871,-0.96,0.356,10,3.4777791456358487,80
DKI JAKARTA,2011-11-01,289.0,2011,9747600,26.3,29.653333333333332,23.793333333333333,221.0,82.4,-1.02,0.336,11,2.964832368993393,81
DKI JAKARTA,2011-12-01,231.0,2011,9747600,26.361290322580647,29.419354838709676,24.11935483870968,225.6,83.70967741935483,-0.92,-0.128,12,2.369814108088145,82
DKI JAKARTA,2012-01-01,752.0,2012,9855200,25.70967741935484,28.31935483870968,23.82903225806452,259.1,84.96774193548387,-0.72,0.046,1,7.630489487783099,83
DKI JAKARTA,2012-02-01,848.0,2012,9855200,25.78620689655172,28.886206896551727,23.441379310344825,293.09999999999997,86.27586206896552,-0.57,-0.078,2,8.604594528776687,84
DKI JAKARTA,2012-03-01,1004.0,2012,9855200,26.345161290322583,29.364516129032257,24.0,125.5,81.35483870967742,-0.46,0.026,3,10.187515220391266,85
DKI JAKARTA,2012-04-01,882.0,2012,9855200,26.05,29.346666666666668,23.626666666666665,260.0,85.43333333333334,-0.36,-0.271,4,8.949590064128582,86
DKI JAKARTA,2012-05-01,886.0,2012,9855200,26.406451612903226,29.629032258064516,23.703225806451613,97.0,83.38709677419355,-0.17,-0.37,5,8.99017777416998,87
DKI JAKARTA,2012-06-01,709.0,2012,9855200,26.236666666666668,29.61,23.473333333333336,70.3,82.53333333333333,0.06,0.001,6,7.194171604838055,88
DKI JAKARTA,2012-07-01,524.0,2012,9855200,26.335483870967742,30.061290322580643,23.070967741935487,18.8,77.16129032258064,0.3,0.546,7,5.31699001542333,89
DKI JAKARTA,2012-08-01,313.0,2012,9855200,26.967741935483872,31.370967741935484,23.241935483870968,3.2,70.93548387096774,0.41,0.652,8,3.175988310739508,90
DKI JAKARTA,2012-09-01,190.0,2012,9855200,27.33,31.64,23.540000000000003,18.4,71.9,0.41,0.453,9,1.9279162269664745,91
DKI JAKARTA,2012-10-01,159.0,2012,9855200,27.241935483870968,31.31935483870968,24.06451612903226,92.4,76.70967741935483,0.31,0.11,10,1.6133614741456288,92
DKI JAKARTA,2012-11-01,163.0,2012,9855200,26.466666666666665,29.803333333333335,24.066666666666663,254.3,84.13333333333334,0.13,-0.1,11,1.6539491841870282,93
DKI JAKARTA,2012-12-01,239.0,2012,9855200,26.06451612903226,29.270967741935483,23.967741935483872,292.2,85.74193548387096,-0.1,0.268,12,2.425115674973618,94
DKI JAKARTA,2013-01-01,695.0,2013,9962800,25.5,27.94838709677419,23.806451612903224,394.3,87.16129032258064,-0.29,-0.065,1,6.975950535993897,95
DKI JAKARTA,2013-02-01,764.0,2013,9962800,25.932142857142857,28.807142857142857,23.82857142857143,261.8,85.5,-0.29,0.189,2,7.668526920142932,96
DKI JAKARTA,2013-03-01,818.0,2013,9962800,26.490322580645163,29.748387096774195,23.996774193548383,212.1,84.12903225806451,-0.21,0.083,3,8.210543220781306,97
DKI JAKARTA,2013-04-01,1200.0,2013,9962800,26.456666666666667,29.63,24.163333333333338,282.5,85.36666666666666,-0.19,-0.297,4,12.044806680852773,98
DKI JAKARTA,2013-05-01,1195.0,2013,9962800,26.406451612903226,29.648387096774194,23.94516129032258,176.20000000000002,85.51612903225806,-0.27,-0.506,5,11.99461998634922,99
DKI JAKARTA,2013-06-01,993.0,2013,9962800,26.336666666666662,29.59333333333333,23.82,115.8,84.33333333333333,-0.34,-0.497,6,9.96707752840567,100
DKI JAKARTA,2013-07-01,1145.0,2013,9962800,25.496774193548383,28.596774193548388,23.177419354838708,247.6,84.93548387096774,-0.35,-0.18,7,11.492753041313687,101
DKI JAKARTA,2013-08-01,1251.0,2013,9962800,26.19677419354839,29.967741935483872,23.048387096774192,40.4,77.80645161290323,-0.28,-0.194,8,12.556710964789016,102
DKI JAKARTA,2013-09-01,758.0,2013,9962800,26.756666666666668,30.59333333333333,23.34,73.4,76.86666666666666,-0.21,-0.31,9,7.6083028867386675,103
DKI JAKARTA,2013-10-01,484.0,2013,9962800,27.17096774193548,31.003225806451617,23.970967741935485,89.6,77.03225806451613,-0.13,-0.168,10,4.858072027943951,104
DKI JAKARTA,2013-11-01,393.0,2013,9962800,26.336666666666662,29.853333333333335,23.646666666666665,143.6,81.46666666666667,-0.1,0.199,11,3.944674187979283,105
DKI JAKARTA,2013-12-01,460.0,2013,9962800,25.864516129032257,28.783870967741933,23.80322580645161,370.2,85.93548387096774,-0.15,0.141,12,4.617175894326896,106
DKI JAKARTA,2014-01-01,865.0,2014,10070400,25.05806451612903,27.654838709677417,23.296774193548387,359.8,86.87096774193549,-0.28,-0.101,1,8.589529710835716,107
DKI JAKARTA,2014-02-01,1067.0,2014,10070400,25.475,28.09642857142857,23.310714285714287,260.2,86.5,-0.32,-0.089,2,10.59540832538926,108
DKI JAKARTA,2014-03-01,1476.0,2014,10070400,25.864516129032257,28.925806451612903,23.47741935483871,262.2,86.64516129032258,-0.14,-0.151,3,14.656816015252621,109
DKI JAKARTA,2014-04-01,1417.0,2014,10070400,26.466666666666665,30.076666666666664,23.85666666666667,189.8,84.5,0.15,-0.058,4,14.070940578328567,110
DKI JAKARTA,2014-05-01,1059.0,2014,10070400,26.687096774193545,30.1,24.009677419354837,108.3,84.54838709677419,0.31,-0.092,5,10.515967588179219,111
DKI JAKARTA,2014-06-01,617.0,2014,10070400,26.44,29.846666666666668,23.903333333333332,173.2,84.13333333333334,0.23,-0.028,6,6.126866857324436,112
DKI JAKARTA,2014-07-01,578.0,2014,10070400,25.951612903225808,29.23225806451613,23.293548387096777,102.0,83.12903225806451,0.1,-0.363,7,5.739593263425484,113
DKI JAKARTA,2014-08-01,576.0,2014,10070400,26.299999999999997,29.874193548387098,23.17096774193548,23.8,78.51612903225806,0.11,-0.372,8,5.719733079122975,114
DKI JAKARTA,2014-09-01,357.0,2014,10070400,27.246666666666663,31.573333333333338,23.446666666666665,11.5,70.66666666666667,0.28,-0.145,9,3.5450428979980932,115
DKI JAKARTA,2014-10-01,224.0,2014,10070400,27.825806451612905,32.170967741935485,24.212903225806453,40.3,72.19354838709677,0.54,0.141,10,2.224340641881157,116
DKI JAKARTA,2014-11-01,123.0,2014,10070400,26.886666666666667,30.543333333333333,24.233333333333334,231.5,81.56666666666666,0.71,0.01,11,1.221401334604385,117
DKI JAKARTA,2014-12-01,88.0,2014,10070400,26.093548387096774,29.06451612903226,24.125806451612902,356.4,85.35483870967742,0.77,0.046,12,0.8738481093104544,118
DKI JAKARTA,2015-01-01,443.0,2015,10178000,25.516129032258064,28.11935483870968,23.61935483870968,254.3,85.2258064516129,0.69,-0.1,1,4.3525250540381215,119
DKI JAKARTA,2015-02-01,528.0,2015,10178000,25.410714285714285,28.164285714285715,23.239285714285717,335.1,86.82142857142857,0.61,-0.345,2,5.187659658086068,120
DKI JAKARTA,2015-03-01,755.0,2015,10178000,25.83225806451613,28.838709677419356,23.638709677419353,269.0,85.93548387096774,0.65,-0.241,3,7.417960306543526,121
DKI JAKARTA,2015-04-01,1006.0,2015,10178000,26.22,29.266666666666666,23.953333333333333,254.6,85.6,0.81,-0.008,4,9.884063666732168,122
DKI JAKARTA,2015-05-01,725.0,2015,10178000,26.780645161290323,30.17096774193548,23.903225806451612,71.6,81.16129032258064,1.02,0.24,5,7.123206916879544,123
DKI JAKARTA,2015-06-01,548.0,2015,10178000,26.916666666666668,30.626666666666665,23.77,44.7,78.03333333333333,1.25,0.296,6,5.3841619178620554,124
DKI JAKARTA,2015-07-01,331.0,2015,10178000,26.996774193548383,30.993548387096773,23.80322580645161,17.7,73.45161290322581,1.57,0.225,7,3.2521123992925918,125
DKI JAKARTA,2015-08-01,173.0,2015,10178000,26.92258064516129,31.316129032258065,23.490322580645163,16.599999999999998,74.0,1.91,0.567,8,1.6997445470622912,126
DKI JAKARTA,2015-09-01,133.0,2015,10178000,27.623333333333335,32.25,23.709999999999997,19.299999999999997,69.9,2.21,0.294,9,1.3067400275103163,127
DKI JAKARTA,2015-10-01,116.0,2015,10178000,28.200000000000003,32.95483870967742,24.27741935483871,20.7,69.2258064516129,2.47,0.483,10,1.1397131067007271,128
DKI JAKARTA,2015-11-01,113.0,2015,10178000,27.353333333333335,31.066666666666663,24.563333333333333,162.6,79.4,2.64,0.347,11,1.110237767734329,129
DKI JAKARTA,2015-12-01,83.0,2015,10178000,26.274193548387096,29.200000000000003,24.103225806451615,323.3,85.25806451612904,2.75,0.272,12,0.8154843780703478,130
DKI JAKARTA,2016-01-01,980.0,2016,10254800,26.458064516129035,29.322580645161292,24.287096774193547,304.5,86.83870967741936,2.63,0.266,1,9.556500370558178,131
DKI JAKARTA,2016-03-01,3089.0,2016,10254800,26.62258064516129,29.548387096774192,24.483870967741936,328.5,87.3225806451613,1.71,-0.009,3,30.12247922923899,132
DKI JAKARTA,2016-04-01,3781.0,2016,10254800,26.73,29.903333333333332,24.53666666666667,332.3,86.6,1.05,0.146,4,36.87053867457191,133
DKI JAKARTA,2016-05-01,2162.0,2016,10254800,26.89032258064516,29.806451612903224,24.69677419354839,199.4,85.70967741935483,0.49,-0.113,5,21.082810001170184,134
DKI JAKARTA,2016-06-01,1606.0,2016,10254800,26.513333333333332,29.646666666666665,24.046666666666667,103.5,84.3,0.0,-0.443,6,15.660958770526973,135
DKI JAKARTA,2016-07-01,1184.0,2016,10254800,26.25483870967742,29.700000000000003,23.483870967741936,119.8,83.7741935483871,-0.31,-0.758,7,11.545812692592737,136
DKI JAKARTA,2016-08-01,1233.0,2016,10254800,26.44838709677419,29.845161290322583,23.65806451612903,116.0,81.7741935483871,-0.5,-0.444,8,12.023637711120646,137
DKI JAKARTA,2016-09-01,1103.0,2016,10254800,26.473333333333336,29.81,23.853333333333335,161.5,82.73333333333333,-0.58,-0.437,9,10.755938682373133,138
DKI JAKARTA,2016-10-01,1036.0,2016,10254800,26.229032258064517,29.361290322580647,24.01935483870968,355.3,84.83870967741936,-0.64,-0.372,10,10.102586106018645,139
DKI JAKARTA,2016-11-01,1153.0,2016,10254800,26.43,29.67,24.19,262.9,84.83333333333333,-0.6,-0.382,11,11.243515231891408,140
DKI JAKARTA,2016-12-01,877.0,2016,10254800,26.299999999999997,29.08709677419355,24.25483870967742,175.9,82.64516129032258,-0.45,-0.31,12,8.552092678550533,141
DKI JAKARTA,2017-01-01,665.0,2017,10331600,26.44516129032258,29.65806451612903,24.12258064516129,195.6,83.16129032258064,-0.19,-0.086,1,6.43656355259592,142
DKI JAKARTA,2017-02-01,357.0,2017,10331600,25.74642857142857,29.1,23.564285714285713,311.8,86.5,-0.02,0.101,2,3.4554183282357043,143
DKI JAKARTA,2017-03-01,464.0,2017,10331600,26.748387096774195,30.787096774193547,23.87741935483871,258.1,83.38709677419355,0.18,0.357,3,4.491075922412792,144
DKI JAKARTA,2017-04-01,367.0,2017,10331600,26.826666666666664,30.790000000000003,24.126666666666665,235.2,84.0,0.31,0.499,4,3.5522087575980485,145
DKI JAKARTA,2017-05-01,373.0,2017,10331600,27.438709677419357,31.5741935483871,24.32903225806452,141.9,81.48387096774194,0.4,0.536,5,3.6102830152154555,146
DKI JAKARTA,2017-06-01,187.0,2017,10331600,26.913333333333338,30.89,23.83,198.8,82.4,0.39,0.424,6,1.809981029075845,147
DKI JAKARTA,2017-07-01,160.0,2017,10331600,26.81935483870968,31.016129032258064,23.57741935483871,61.9,79.41935483870968,0.19,0.52,7,1.5486468697975144,148
DKI JAKARTA,2017-08-01,131.0,2017,10331600,27.70967741935484,32.561290322580646,23.961290322580645,14.0,70.35483870967742,-0.07,0.349,8,1.2679546246467148,149
DKI JAKARTA,2017-09-01,84.0,2017,10331600,28.043333333333333,32.79333333333333,24.59333333333333,115.6,71.8,-0.34,0.034,9,0.8130396066436951,150
DKI JAKARTA,2017-10-01,203.0,2017,10331600,27.248387096774195,31.64516129032258,24.22258064516129,210.1,81.83870967741936,-0.6,0.016,10,1.9648457160555963,151
DKI JAKARTA,2017-11-01,193.0,2017,10331600,27.003333333333337,31.133333333333333,24.30666666666667,267.5,82.66666666666667,-0.77,0.289,11,1.8680552866932518,152
DKI JAKARTA,2017-12-01,166.0,2017,10331600,26.706451612903223,30.674193548387095,24.096774193548388,205.6,80.87096774193549,-0.86,0.109,12,1.6067211274149211,153
DKI JAKARTA,2018-01-01,200.0,2018,10408400,26.296774193548387,29.638709677419353,24.006451612903227,191.3,82.29032258064517,-0.77,-0.2,1,1.9215249221782407,154
DKI JAKARTA,2018-02-01,198.0,2018,10408400,25.810714285714287,29.060714285714287,23.414285714285715,266.8,86.32142857142857,-0.71,0.215,2,1.9023096729564581,155
DKI JAKARTA,2018-03-01,286.0,2018,10408400,26.503225806451617,30.51935483870968,23.641935483870967,252.0,84.16129032258064,-0.57,-0.12,3,2.747780638714884,156
DKI JAKARTA,2018-04-01,417.0,2018,10408400,26.706666666666667,30.686666666666667,23.74,189.8,84.8,-0.39,-0.083,4,4.006379462741632,157
DKI JAKARTA,2018-05-01,496.0,2018,10408400,27.26774193548387,31.62258064516129,23.748387096774195,110.6,80.74193548387096,-0.13,0.122,5,4.765381807002036,158
DKI JAKARTA,2018-06-01,306.0,2018,10408400,27.16,31.523333333333333,23.74,55.3,79.9,0.06,0.155,6,2.939933130932708,159
DKI JAKARTA,2018-07-01,246.0,2018,10408400,26.9741935483871,31.92258064516129,22.84193548387097,20.3,73.58064516129032,0.14,0.053,7,2.363475654279236,160
DKI JAKARTA,2018-08-01,177.0,2018,10408400,27.651612903225807,32.5,23.648387096774194,17.9,67.64516129032258,0.27,0.122,8,1.700549556127743,161
DKI JAKARTA,2018-09-01,113.0,2018,10408400,27.666666666666668,32.946666666666665,23.573333333333338,38.5,69.9,0.53,0.604,9,1.085661581030706,162
DKI JAKARTA,2018-10-01,110.0,2018,10408400,28.12258064516129,32.906451612903226,24.42258064516129,99.0,73.7741935483871,0.81,0.685,10,1.0568387071980323,163
DKI JAKARTA,2018-11-01,136.0,2018,10408400,27.026666666666664,31.34,24.066666666666663,258.7,83.46666666666667,0.97,0.5,11,1.3066369470812036,164
DKI JAKARTA,2018-12-01,280.0,2018,10408400,27.006451612903227,30.88064516129032,24.216129032258067,170.6,81.38709677419355,0.92,0.309,12,2.690134891049537,165
DKI JAKARTA,2019-01-01,989.0,2019,10485200,26.467741935483872,29.741935483870968,23.893548387096775,253.3,85.03225806451613,0.89,0.387,1,9.432342730706138,166
DKI JAKARTA,2019-02-01,1567.0,2019,10485200,26.52857142857143,30.357142857142858,23.717857142857145,249.6,86.57142857142857,0.86,0.416,2,14.944874680502041,167
DKI JAKARTA,2019-03-01,1983.0,2019,10485200,26.719354838709677,30.574193548387097,24.01290322580645,255.9,85.16129032258064,0.84,0.224,3,18.912371723953765,168
DKI JAKARTA,2019-04-01,1173.0,2019,10485200,26.953333333333333,31.366666666666667,24.043333333333333,250.4,86.16666666666667,0.77,0.258,4,11.187197192232862,169
DKI JAKARTA,2019-05-01,1375.0,2019,10485200,27.358064516129033,31.567741935483873,23.95483870967742,133.1,82.16129032258064,0.64,0.539,5,13.113722198908938,170
DKI JAKARTA,2019-06-01,802.0,2019,10485200,27.75,32.72666666666667,23.633333333333333,31.5,74.1,0.52,0.605,6,7.648876511654523,171
DKI JAKARTA,2019-07-01,323.0,2019,10485200,27.96451612903226,33.5258064516129,23.638709677419353,21.2,66.58064516129032,0.33,0.597,7,3.0805325601800635,172
DKI JAKARTA,2019-08-01,122.0,2019,10485200,27.86774193548387,33.21290322580645,23.67096774193548,26.0,65.3225806451613,0.19,0.436,8,1.163544806012284,173
DKI JAKARTA,2019-09-01,61.0,2019,10485200,28.34333333333333,33.79666666666667,24.1,8.4,65.8,0.23,0.893,9,0.581772403006142,174
DKI JAKARTA,2019-10-01,73.0,2019,10485200,28.570967741935487,33.89354838709678,24.461290322580645,49.4,69.7741935483871,0.39,0.964,10,0.6962194331057109,175
DKI JAKARTA,2019-11-01,103.0,2019,10485200,28.06,32.92666666666666,24.453333333333333,134.9,77.36666666666666,0.58,0.835,11,0.9823370083546332,176
DKI JAKARTA,2019-12-01,134.0,2019,10485200,26.932258064516127,30.932258064516127,24.135483870967743,364.2,85.2258064516129,0.66,0.243,12,1.277991836111853,177
DKI JAKARTA,2020-01-01,275.0,2020,10562000,26.45483870967742,29.567741935483873,24.10967741935484,477.0,87.64516129032258,0.64,0.173,1,2.6036735466767658,178
DKI JAKARTA,2020-02-01,628.0,2020,10562000,26.306896551724137,29.441379310344825,24.082758620689653,390.6,88.37931034482759,0.63,0.054,2,5.945843590229123,179
DKI JAKARTA,2020-03-01,1310.0,2020,10562000,26.787096774193547,30.62258064516129,24.04516129032258,331.8,86.48387096774194,0.53,0.019,3,12.402953985987502,180
DKI JAKARTA,2020-04-01,1028.0,2020,10562000,26.98,30.866666666666667,24.16,280.9,86.86666666666666,0.3,-0.011,4,9.733005112668055,181
DKI JAKARTA,2020-05-01,717.0,2020,10562000,27.216129032258067,31.18064516129032,24.193548387096776,236.2,85.90322580645162,0.01,0.298,5,6.788487028971786,182
DKI JAKARTA,2020-06-01,350.0,2020,10562000,27.09,31.483333333333334,23.65666666666667,122.1,82.86666666666666,-0.23,0.454,6,3.3137663321340654,183
DKI JAKARTA,2020-07-01,140.0,2020,10562000,27.26451612903226,32.07741935483871,23.43548387096774,79.5,76.51612903225806,-0.36,0.32,7,1.3255065328536262,184
DKI JAKARTA,2020-08-01,75.0,2020,10562000,27.787096774193547,33.01935483870968,23.858064516129033,73.0,73.12903225806451,-0.53,-0.183,8,0.7100927854572997,185
DKI JAKARTA,2020-10-01,36.0,2020,10562000,27.219354838709677,31.870967741935484,23.95483870967742,227.6,80.54838709677419,-1.12,0.074,10,0.3408445370195039,186
DKI JAKARTA,2020-11-01,59.0,2020,10562000,27.053333333333335,31.313333333333333,24.073333333333338,205.9,83.4,-1.2,0.02,11,0.5586063245597425,187
DKI JAKARTA,2020-12-01,77.0,2020,10562000,26.161290322580644,29.580645161290324,23.990322580645163,243.0,84.51612903225806,-1.08,0.03,12,0.7290285930694944,188
DKI JAKARTA,2021-01-01,65.0,2021,10591500,25.69032258064516,28.629032258064516,23.6,427.2,87.58064516129032,-0.91,0.051,1,0.6136996648255677,189
DKI JAKARTA,2021-02-01,76.0,2021,10591500,25.74285714285714,28.946428571428573,23.442857142857143,402.7,88.21428571428571,-0.79,0.243,2,0.7175565311806638,190
DKI JAKARTA,2021-03-01,186.0,2021,10591500,26.529032258064515,30.493548387096773,23.57741935483871,235.5,84.96774193548387,-0.71,0.266,3,1.7561251947316243,191
DKI JAKARTA,2021-04-01,307.0,2021,10591500,26.81,30.746666666666663,23.706666666666667,152.8,83.86666666666666,-0.55,0.25,4,2.898550724637681,192
DKI JAKARTA,2021-05-01,450.0,2021,10591500,27.306451612903224,31.53548387096774,24.129032258064516,165.5,83.54838709677419,-0.39,0.009,5,4.24868998725393,193
DKI JAKARTA,2021-06-01,260.0,2021,10591500,26.493333333333332,30.723333333333336,23.41,148.8,85.83333333333333,-0.3,-0.002,6,2.454798659302271,194
DKI JAKARTA,2021-07-01,181.0,2021,10591500,26.96451612903226,31.64516129032258,23.11935483870968,47.9,78.2258064516129,-0.35,-0.228,7,1.7089175282065807,195
DKI JAKARTA,2021-08-01,256.0,2021,10591500,27.161290322580644,31.883870967741935,23.419354838709676,114.1,77.41935483870968,-0.45,-0.099,8,2.417032526082236,196
DKI JAKARTA,2021-09-01,254.0,2021,10591500,27.236666666666668,31.9,23.74,163.2,79.36666666666666,-0.63,-0.058,9,2.398149459472218,197
DKI JAKARTA,2021-10-01,260.0,2021,10591500,27.270967741935483,32.22258064516129,23.758064516129032,167.4,79.7741935483871,-0.76,-0.091,10,2.454798659302271,198
DKI JAKARTA,2021-11-01,327.0,2021,10591500,26.67,31.05666666666667,23.933333333333337,240.9,82.9,-0.91,0.069,11,3.087381390737856,199
DKI JAKARTA,2021-12-01,470.0,2021,10591500,26.45483870967742,30.67096774193548,23.603225806451615,302.1,84.7741935483871,-0.87,-0.12,12,4.437520653354104,200
DKI JAKARTA,2022-01-01,718.0,2022,10621000,26.31935483870968,30.4741935483871,23.32903225806452,232.9,83.74193548387096,-0.82,-0.056,1,6.760192072309575,201
DKI JAKARTA,2022-02-01,455.0,2022,10621000,26.264285714285712,30.232142857142858,23.542857142857144,208.5,83.71428571428571,-0.79,-0.083,2,4.283965728274174,202
DKI JAKARTA,2022-03-01,821.0,2022,10621000,26.76774193548387,31.151612903225807,23.887096774193548,266.1,83.25806451612904,-0.86,-0.093,3,7.729968929479333,203
DKI JAKARTA,2022-04-01,954.0,2022,10621000,26.813333333333333,31.583333333333332,23.723333333333336,210.0,83.7,-0.95,-0.068,4,8.9822050654364,204
DKI JAKARTA,2022-05-01,1055.0,2022,10621000,26.88064516129032,31.393548387096775,23.76451612903226,153.7,84.87096774193549,-0.9,-0.122,5,9.933151304020337,205
DKI JAKARTA,2022-06-01,872.0,2022,10621000,26.076666666666664,30.726666666666667,22.86,188.0,85.33333333333333,-0.78,-0.335,6,8.210149703417757,206
DKI JAKARTA,2022-07-01,964.0,2022,10621000,26.796774193548387,31.37741935483871,23.29032258064516,122.2,80.7741935483871,-0.76,-0.195,7,9.076358158365503,207
DKI JAKARTA,2022-08-01,640.0,2022,10621000,26.68064516129032,31.983870967741936,22.870967741935484,143.9,80.12903225806451,-0.87,-0.246,8,6.025797947462574,208
DKI JAKARTA,2022-09-01,456.0,2022,10621000,26.623333333333335,31.813333333333333,23.023333333333333,195.7,81.03333333333333,-0.97,-0.322,9,4.293381037567084,209
DKI JAKARTA,2022-10-01,358.0,2022,10621000,26.361290322580647,31.009677419354837,23.383870967741935,308.1,84.7741935483871,-0.94,-0.691,10,3.3706807268618775,210
DKI JAKARTA,2022-11-01,428.0,2022,10621000,26.493333333333332,31.166666666666668,23.483333333333334,280.3,83.73333333333333,-0.85,-0.269,11,4.029752377365597,211
DKI JAKARTA,2022-12-01,417.0,2022,10621000,26.177419354838708,30.61935483870968,23.393548387096775,286.2,84.7741935483871,-0.71,-0.092,12,3.9261839751435836,212
DKI JAKARTA,2023-01-01,525.0,2023,10650500,26.24516129032258,30.04516129032258,23.44838709677419,223.8,82.74193548387096,-0.54,0.109,1,4.929346040092015,213
DKI JAKARTA,2023-02-01,434.0,2023,10650500,25.714285714285715,29.685714285714287,23.34642857142857,338.0,85.39285714285714,-0.29,0.157,2,4.074926059809399,214
DKI JAKARTA,2023-03-01,494.0,2023,10650500,26.096774193548388,30.287096774193547,23.216129032258067,282.3,85.64516129032258,-0.02,0.415,3,4.638279892962772,215
DKI JAKARTA,2023-04-01,499.0,2023,10650500,27.203333333333333,32.190000000000005,23.663333333333338,146.2,80.56666666666666,0.27,0.56,4,4.685226045725553,216
DKI JAKARTA,2023-05-01,480.0,2023,10650500,27.44193548387097,32.096774193548384,23.983870967741936,132.9,81.90322580645162,0.57,0.443,5,4.5068306652269845,217
DKI JAKARTA,2023-06-01,319.0,2023,10650500,27.17,32.27,23.49,157.7,81.06666666666666,0.84,0.665,6,2.9951645462654337,218
DKI JAKARTA,2023-07-01,308.0,2023,10650500,27.19677419354839,32.50645161290323,23.25483870967742,75.4,76.38709677419355,1.12,0.498,7,2.891883010187315,219
DKI JAKARTA,2023-08-01,242.0,2023,10650500,27.806451612903224,33.65161290322581,23.212903225806453,27.5,70.96774193548387,1.37,0.825,8,2.2721937937186047,220
DKI JAKARTA,2023-09-01,189.0,2023,10650500,28.126666666666665,34.35,23.39333333333333,21.1,67.13333333333334,1.6,0.946,9,1.774564574433125,221
DKI JAKARTA,2023-10-01,183.0,2023,10650500,28.861290322580647,35.170967741935485,24.36774193548387,68.0,70.19354838709677,1.83,0.804,10,1.7182291911177878,222
DKI JAKARTA,2023-11-01,118.0,2023,10650500,27.616666666666667,33.083333333333336,24.07,258.9,81.76666666666667,1.99,0.92,11,1.1079292052016336,223
DKI JAKARTA,2023-12-01,117.0,2023,10650500,27.638709677419353,32.751612903225805,24.07741935483871,195.7,80.12903225806451,2.06,0.851,12,1.0985399746490776,224
DKI JAKARTA,2024-01-01,310.0,2024,10680000,26.92258064516129,31.23870967741935,24.08709677419355,352.4,83.96774193548387,1.92,0.765,1,2.902621722846442,225
DKI JAKARTA,2024-02-01,767.0,2024,10680000,26.93103448275862,31.12758620689655,24.127586206896552,265.5,85.82758620689656,1.62,0.328,2,7.181647940074907,226
DKI JAKARTA,2024-03-01,2204.0,2024,10680000,26.929032258064513,31.29032258064516,24.070967741935487,275.2,84.90322580645162,1.26,0.421,3,20.636704119850187,227
DKI JAKARTA,2024-04-01,3164.0,2024,10680000,27.446666666666665,32.18333333333333,24.376666666666665,281.7,86.53333333333333,0.82,0.44,4,29.625468164794007,228
DKI JAKARTA,2024-05-01,3019.0,2024,10680000,27.806451612903224,32.483870967741936,24.396774193548385,217.5,83.2258064516129,0.49,0.297,5,28.267790262172284,229
DKI JAKARTA,2024-06-01,1202.0,2024,10680000,27.12333333333333,31.85,23.603333333333335,143.7,83.2,0.22,0.197,6,11.254681647940075,230
DKI JAKARTA,2024-07-01,712.0,2024,10680000,27.01290322580645,32.064516129032256,23.01290322580645,97.0,76.93548387096774,0.08,0.033,7,6.666666666666667,231
JAWA BARAT,2004-01-01,1899.0,2004,38500000,22.358064516129033,25.864516129032257,20.129032258064516,456.9,90.51612903225806,0.37,0.044,1,4.932467532467532,0
JAWA BARAT,2004-02-01,4467.0,2004,38500000,22.02758620689655,25.32413793103448,19.93793103448276,317.8,90.89655172413794,0.31,0.114,2,11.602597402597402,1
JAWA BARAT,2004-03-01,8389.0,2004,38500000,22.483870967741936,26.112903225806452,20.15806451612903,392.0,90.12903225806453,0.23,0.077,3,21.789610389610388,2
JAWA BARAT,2004-04-01,1625.0,2004,38500000,22.91,26.60666666666667,19.966666666666665,325.0,87.83333333333333,0.17,-0.08,4,4.220779220779221,3
JAWA BARAT,2004-05-01,604.0,2004,38500000,22.76129032258065,26.438709677419357,20.04516129032258,324.5,88.16129032258064,0.17,-0.565,5,1.568831168831169,4
JAWA BARAT,2004-06-01,433.0,2004,38500000,22.043333333333333,26.243333333333332,18.38,63.2,83.53333333333333,0.28,-0.384,6,1.1246753246753247,5
JAWA BARAT,2004-07-01,204.0,2004,38500000,21.938709677419357,25.938709677419357,18.30967741935484,108.2,83.80645161290323,0.47,-0.301,7,0.5298701298701298,6
JAWA BARAT,2005-01-01,1060.0,2005,38500000,22.154838709677417,25.41290322580645,19.94516129032258,326.0,90.25806451612904,0.64,-0.124,1,2.7532467532467533,7
JAWA BARAT,2005-02-01,2046.0,2005,38500000,22.4,25.99642857142857,19.92142857142857,454.0,90.53571428571428,0.58,-0.56,2,5.314285714285714,8
JAWA BARAT,2005-03-01,1546.0,2005,38500000,22.596774193548388,26.154838709677417,20.05483870967742,399.3,89.61290322580645,0.45,-0.432,3,4.015584415584415,9
JAWA BARAT,2005-04-01,955.0,2005,38500000,22.883333333333333,26.613333333333333,19.983333333333334,243.5,87.23333333333333,0.43,0.084,4,2.4805194805194803,10
JAWA BARAT,2005-05-01,1023.0,2005,38500000,22.91290322580645,26.506451612903227,19.96451612903226,266.7,86.93548387096774,0.29,-0.033,5,2.657142857142857,11
JAWA BARAT,2005-06-01,1297.0,2005,38500000,22.496666666666663,25.933333333333337,19.903333333333332,216.8,88.7,0.11,-0.176,6,3.3688311688311687,12
JAWA BARAT,2005-07-01,1245.0,2005,38500000,22.041935483870965,25.851612903225806,18.825806451612905,157.7,85.16129032258064,-0.06,-0.384,7,3.2337662337662336,13
JAWA BARAT,2005-08-01,1818.0,2005,38500000,22.248387096774195,26.151612903225807,19.02258064516129,150.3,84.2258064516129,-0.14,-0.345,8,4.722077922077922,14
JAWA BARAT,2005-09-01,1468.0,2005,38500000,22.959999999999997,26.81,19.683333333333337,154.8,82.53333333333333,-0.11,-0.534,9,3.812987012987013,15
JAWA BARAT,2005-10-01,1534.0,2005,38500000,22.838709677419356,26.44838709677419,20.161290322580644,345.9,86.38709677419355,-0.29,-0.436,10,3.9844155844155846,16
JAWA BARAT,2005-11-01,1320.0,2005,38500000,22.846666666666668,26.433333333333337,20.086666666666662,443.8,85.56666666666666,-0.57,-0.272,11,3.4285714285714284,17
JAWA BARAT,2005-12-01,160.0,2005,38500000,22.358064516129033,25.883870967741935,20.154838709677417,452.9,89.64516129032258,-0.84,-0.3,12,0.4155844155844156,18
JAWA BARAT,2006-01-01,2972.0,2006,39410600,21.95483870967742,25.116129032258065,19.929032258064513,484.9,90.7741935483871,-0.85,-0.135,1,7.541118379319269,19
JAWA BARAT,2006-02-01,2422.0,2006,39410600,22.325,25.90357142857143,20.021428571428572,492.9,90.85714285714286,-0.77,-0.305,2,6.145554749229903,20
JAWA BARAT,2006-03-01,2768.0,2006,39410600,22.40967741935484,25.80322580645161,19.906451612903226,274.6,88.83870967741936,-0.57,-0.226,3,7.023491141977032,21
JAWA BARAT,2006-04-01,2119.0,2006,39410600,22.413333333333338,26.026666666666664,19.773333333333333,328.9,88.8,-0.37,-0.015,4,5.376726058471578,22
JAWA BARAT,2007-01-01,4532.0,2007,40321200,22.799999999999997,26.44193548387097,19.76451612903226,230.8,84.48387096774194,0.66,0.224,1,11.239744848863625,23
JAWA BARAT,2007-02-01,5765.0,2007,40321200,22.13214285714286,25.457142857142856,20.014285714285712,484.1,91.10714285714286,0.22,0.15,2,14.29768955289029,24
JAWA BARAT,2007-03-01,4317.0,2007,40321200,22.44838709677419,25.929032258064513,20.229032258064517,367.7,89.03225806451613,-0.12,0.116,3,10.706526591470492,25
JAWA BARAT,2007-04-01,3060.0,2007,40321200,22.53666666666667,25.973333333333336,20.283333333333335,448.7,91.1,-0.32,0.1,4,7.589059849409244,26
JAWA BARAT,2007-05-01,3109.0,2007,40321200,22.774193548387096,26.36774193548387,19.874193548387098,230.2,87.6774193548387,-0.38,0.27,5,7.710584010396516,27
JAWA BARAT,2007-06-01,2691.0,2007,40321200,22.37,26.203333333333333,19.24,167.3,86.96666666666667,-0.47,0.03,6,6.6739085146275405,28
JAWA BARAT,2007-07-01,2095.0,2007,40321200,22.529032258064515,26.835483870967742,18.693548387096776,73.2,80.58064516129032,-0.56,0.045,7,5.195777903435413,29
JAWA BARAT,2007-08-01,1398.0,2007,40321200,23.070967741935487,27.92258064516129,18.503225806451617,91.8,73.90322580645162,-0.81,0.236,8,3.4671587155144192,30
JAWA BARAT,2007-09-01,895.0,2007,40321200,23.423333333333336,28.226666666666667,19.113333333333333,101.7,75.3,-1.07,0.235,9,2.2196760017062984,31
JAWA BARAT,2007-10-01,736.0,2007,40321200,23.348387096774193,27.296774193548387,20.04516129032258,246.2,80.61290322580645,-1.34,0.068,10,1.8253424997271908,32
JAWA BARAT,2007-11-01,917.0,2007,40321200,22.866666666666667,26.48,20.296666666666667,308.7,86.56666666666666,-1.5,-0.023,11,2.2742378699046655,33
JAWA BARAT,2007-12-01,1021.0,2007,40321200,22.177419354838708,25.351612903225806,20.164516129032258,694.9,91.06451612903226,-1.6,-0.227,12,2.5321667013878555,34
JAWA BARAT,2008-01-01,2245.0,2008,41231800,22.35483870967742,25.94838709677419,19.72258064516129,298.2,88.03225806451613,-1.64,0.115,1,5.444826565903017,35
JAWA BARAT,2008-02-01,2552.0,2008,41231800,21.50344827586207,24.24827586206897,19.7551724137931,344.1,90.58620689655172,-1.52,-0.072,2,6.189397503868373,36
JAWA BARAT,2008-03-01,2029.0,2008,41231800,22.096774193548388,25.748387096774195,19.612903225806452,607.4,89.6774193548387,-1.29,0.097,3,4.920959065575599,37
JAWA BARAT,2008-04-01,2298.0,2008,41231800,22.303333333333335,26.073333333333338,19.44333333333333,322.5,88.6,-1.01,-0.153,4,5.573368128483355,38
JAWA BARAT,2008-05-01,2618.0,2008,41231800,22.348387096774193,26.351612903225806,18.703225806451613,92.7,83.70967741935483,-0.84,0.178,5,6.349468128968417,39
JAWA BARAT,2008-06-01,2285.0,2008,41231800,22.56,26.563333333333333,18.76,136.5,81.63333333333334,-0.61,0.215,6,5.541839065963649,40
JAWA BARAT,2008-07-01,1729.0,2008,41231800,22.58709677419355,27.574193548387097,17.716129032258067,24.1,74.45161290322581,-0.37,0.246,7,4.193365315120853,41
JAWA BARAT,2008-08-01,1170.0,2008,41231800,22.729032258064517,27.10967741935484,19.154838709677417,226.8,80.6774193548387,-0.23,0.124,8,2.83761562677351,42
JAWA BARAT,2008-09-01,1130.0,2008,41231800,23.473333333333336,27.823333333333338,19.466666666666665,99.9,77.23333333333333,-0.24,0.086,9,2.7406031267128768,43
JAWA BARAT,2008-10-01,1381.0,2008,41231800,23.05483870967742,26.990322580645163,20.141935483870967,386.2,85.3225806451613,-0.35,0.029,10,3.349356564593348,44
JAWA BARAT,2008-11-01,1907.0,2008,41231800,22.526666666666664,25.93,20.33,496.6,90.13333333333334,-0.55,-0.128,11,4.625070940390669,45
JAWA BARAT,2008-12-01,1904.0,2008,41231800,22.383870967741935,25.54516129032258,20.293548387096777,394.9,89.96774193548387,-0.73,-0.053,12,4.617795002886122,46
JAWA BARAT,2009-01-01,5251.0,2009,42142400,21.90967741935484,25.25483870967742,19.532258064516128,291.4,89.48387096774194,-0.85,0.031,1,12.460135160788186,47
JAWA BARAT,2009-02-01,4686.0,2009,42142400,21.810714285714287,24.88214285714286,19.892857142857142,416.1,91.07142857142856,-0.79,0.163,2,11.119442651581306,48
JAWA BARAT,2009-03-01,4692.0,2009,42142400,22.43548387096774,26.14516129032258,19.638709677419353,401.6,87.87096774193549,-0.61,0.1,3,11.133680094156954,49
JAWA BARAT,2009-04-01,4604.0,2009,42142400,22.82,26.503333333333337,20.033333333333335,297.7,88.33333333333333,-0.33,0.126,4,10.924864269714112,50
JAWA BARAT,2009-05-01,4279.0,2009,42142400,22.68064516129032,26.219354838709677,19.98064516129032,199.0,88.61290322580645,0.01,0.256,5,10.153669463533165,51
JAWA BARAT,2009-06-01,3600.0,2009,42142400,22.55,26.3,19.426666666666662,178.29999999999998,86.16666666666667,0.28,0.1,6,8.542465545388968,52
JAWA BARAT,2009-07-01,2836.0,2009,42142400,22.432258064516127,26.89032258064516,18.241935483870968,78.8,79.3225806451613,0.45,-0.192,7,6.729564524089753,53
JAWA BARAT,2009-08-01,2181.0,2009,42142400,23.174193548387095,27.799999999999997,18.56451612903226,27.0,75.54838709677419,0.58,-0.104,8,5.175310376248149,54
JAWA BARAT,2009-09-01,1398.0,2009,42142400,24.256666666666668,29.023333333333333,19.84,51.0,71.7,0.71,-0.103,9,3.317324120126049,55
JAWA BARAT,2009-10-01,1205.0,2009,42142400,23.22258064516129,27.135483870967743,20.270967741935483,431.1,83.41935483870968,1.01,-0.013,10,2.8593530506093625,56
JAWA BARAT,2009-11-01,1494.0,2009,42142400,22.86,26.263333333333332,20.41,619.0,88.3,1.36,-0.067,11,3.545123201336421,57
JAWA BARAT,2009-12-01,1635.0,2009,42142400,22.903225806451612,26.37741935483871,20.335483870967742,323.9,87.58064516129032,1.56,0.16,12,3.879703101864156,58
JAWA BARAT,2010-01-01,3183.0,2010,43053000,22.18064516129032,25.648387096774194,20.103225806451615,448.9,90.93548387096774,1.5,0.294,1,7.393213016514529,59
JAWA BARAT,2010-02-01,3221.0,2010,43053000,22.760714285714283,26.082142857142856,20.49285714285714,533.2,91.14285714285714,1.22,0.023,2,7.481476319884793,60
JAWA BARAT,2010-03-01,2778.0,2010,43053000,22.780645161290323,26.183870967741935,20.55806451612903,675.9,91.48387096774194,0.84,0.458,3,6.452512020068288,61
JAWA BARAT,2010-04-01,2891.0,2010,43053000,23.543333333333333,27.173333333333336,20.776666666666664,197.3,87.56666666666666,0.35,0.37,4,6.714979211669338,62
JAWA BARAT,2010-05-01,2694.0,2010,43053000,23.358064516129033,26.674193548387095,21.096774193548388,379.0,90.16129032258064,-0.17,-0.03,5,6.257403665249808,63
JAWA BARAT,2010-06-01,2235.0,2010,43053000,22.69,26.046666666666667,20.276666666666664,312.2,89.06666666666666,-0.66,-0.14,6,5.191275869277402,64
JAWA BARAT,2010-07-01,2100.0,2010,43053000,22.287096774193547,25.812903225806455,19.687096774193545,305.2,88.7741935483871,-1.05,-0.001,7,4.877708870461989,65
JAWA BARAT,2010-08-01,2010.0,2010,43053000,22.529032258064515,26.08709677419355,19.76774193548387,283.2,87.74193548387096,-1.35,-0.062,8,4.668664204585046,66
JAWA BARAT,2010-09-01,1651.0,2010,43053000,22.303333333333335,25.836666666666662,19.89,523.0,89.86666666666666,-1.56,-0.268,9,3.8348082595870205,67
JAWA BARAT,2010-10-01,1455.0,2010,43053000,22.612903225806452,26.312903225806455,20.08709677419355,481.6,88.41935483870968,-1.64,-0.437,10,3.379555431677235,68
JAWA BARAT,2010-11-01,893.0,2010,43053000,22.516666666666666,25.78,20.333333333333332,579.5,90.0,-1.64,-0.495,11,2.074187629201217,69
JAWA BARAT,2010-12-01,616.0,2010,43053000,22.048387096774192,25.10967741935484,19.97741935483871,511.4,89.58064516129032,-1.54,-0.212,12,1.4307946020021833,70
JAWA BARAT,2011-01-01,2016.0,2011,43784400,21.79032258064516,25.0258064516129,19.63225806451613,241.3,89.19354838709677,-1.31,0.192,1,4.604379642064297,71
JAWA BARAT,2011-02-01,1418.0,2011,43784400,22.103571428571428,25.442857142857143,19.75,220.8,87.78571428571429,-1.04,0.242,2,3.2385963950630816,72
JAWA BARAT,2011-03-01,1385.0,2011,43784400,22.287096774193547,26.01290322580645,19.870967741935484,388.5,89.2258064516129,-0.8,0.367,3,3.163227085445958,73
JAWA BARAT,2011-05-01,1218.0,2011,43784400,22.674193548387095,26.03548387096774,20.138709677419353,299.8,88.96774193548387,-0.46,-0.089,5,2.781812700413846,74
JAWA BARAT,2011-06-01,1134.0,2011,43784400,22.646666666666665,26.603333333333335,19.24,157.3,84.03333333333333,-0.37,0.055,6,2.589963548661167,75
JAWA BARAT,2011-07-01,1257.0,2011,43784400,22.44193548387097,26.54516129032258,18.812903225806455,82.3,81.87096774193549,-0.43,0.223,7,2.870885520870447,76
JAWA BARAT,2011-08-01,1024.0,2011,43784400,23.070967741935487,27.83225806451613,18.429032258064513,36.0,75.0,-0.58,0.344,8,2.3387325166040873,77
JAWA BARAT,2011-09-01,852.0,2011,43784400,23.59333333333333,28.256666666666668,19.18,53.9,73.23333333333333,-0.79,0.202,9,1.9458985392057444,78
JAWA BARAT,2011-10-01,754.0,2011,43784400,23.116129032258065,27.06451612903226,20.093548387096774,368.7,83.90322580645162,-0.96,0.356,10,1.722074528827619,79
JAWA BARAT,2011-11-01,770.0,2011,43784400,22.456666666666667,25.89,20.17,597.2,90.4,-1.02,0.336,11,1.758617224399558,80
JAWA BARAT,2011-12-01,1081.0,2011,43784400,22.63225806451613,26.138709677419353,20.345161290322583,382.1,89.3225806451613,-0.92,-0.128,12,2.4689158695791193,81
JAWA BARAT,2012-01-01,2007.0,2012,44515800,22.070967741935487,25.07741935483871,20.08709677419355,387.7,90.03225806451613,-0.72,0.046,1,4.508511584650843,82
JAWA BARAT,2012-02-01,2238.0,2012,44515800,22.2551724137931,25.83448275862069,19.948275862068964,480.3,90.20689655172414,-0.57,-0.078,2,5.027428463601687,83
JAWA BARAT,2012-03-01,2207.0,2012,44515800,22.396774193548385,25.770967741935483,20.01290322580645,296.8,86.58064516129032,-0.46,0.026,3,4.9577902677251675,84
JAWA BARAT,2012-04-01,2017.0,2012,44515800,22.476666666666667,26.016666666666666,19.953333333333333,427.4,89.66666666666667,-0.36,-0.271,4,4.530975518804559,85
JAWA BARAT,2012-05-01,2033.0,2012,44515800,22.68064516129032,26.567741935483873,19.416129032258063,199.0,86.16129032258064,-0.17,-0.37,5,4.566917813450505,86
JAWA BARAT,2012-06-01,1986.0,2012,44515800,22.496666666666663,26.363333333333333,19.043333333333333,110.5,84.33333333333333,0.06,0.001,6,4.461337322928039,87
JAWA BARAT,2012-07-01,1812.0,2012,44515800,22.76129032258065,27.425806451612903,18.325806451612905,46.0,76.03225806451613,0.3,0.546,7,4.070464868653377,88
JAWA BARAT,2012-08-01,1301.0,2012,44515800,23.438709677419357,28.729032258064517,18.361290322580647,22.0,69.58064516129032,0.41,0.652,8,2.9225578333984785,89
JAWA BARAT,2012-09-01,952.0,2012,44515800,23.476666666666667,28.203333333333333,19.23,73.6,74.46666666666667,0.41,0.453,9,2.138566531433783,90
JAWA BARAT,2012-10-01,930.0,2012,44515800,23.219354838709677,27.461290322580645,19.932258064516127,284.7,82.58064516129032,0.31,0.11,10,2.0891458762956074,91
JAWA BARAT,2012-11-01,938.0,2012,44515800,22.783333333333335,26.363333333333333,20.533333333333335,623.4,89.3,0.13,-0.1,11,2.1071170236185806,92
JAWA BARAT,2012-12-01,1242.0,2012,44515800,22.55161290322581,25.990322580645163,20.419354838709676,581.1,90.51612903225806,-0.1,0.268,12,2.790020621891553,93
JAWA BARAT,2013-01-01,2684.0,2013,45247200,22.06451612903226,25.05161290322581,20.19677419354839,412.0,91.6774193548387,-0.29,-0.065,1,5.931858766951325,94
JAWA BARAT,2013-02-01,2330.0,2013,45247200,22.357142857142858,25.67142857142857,20.167857142857144,435.9,89.82142857142857,-0.29,0.189,2,5.149489913187998,95
JAWA BARAT,2013-03-01,2359.0,2013,45247200,22.770967741935483,26.46451612903226,20.270967741935483,418.7,89.25806451612904,-0.21,0.083,3,5.213582276914373,96
JAWA BARAT,2013-04-01,2490.0,2013,45247200,22.836666666666662,26.166666666666668,20.55,494.7999999999999,90.5,-0.19,-0.297,4,5.50310295443696,97
JAWA BARAT,2013-05-01,2393.0,2013,45247200,22.838709677419356,26.206451612903223,20.370967741935484,266.2,89.64516129032258,-0.27,-0.506,5,5.288725048179777,98
JAWA BARAT,2013-06-01,2316.0,2013,45247200,22.64,25.96333333333333,20.23,271.5,89.23333333333333,-0.34,-0.497,6,5.118548772078714,99
JAWA BARAT,2013-07-01,1991.0,2013,45247200,21.858064516129033,25.287096774193547,19.299999999999997,311.2,87.74193548387096,-0.35,-0.18,7,4.400272282041762,100
JAWA BARAT,2013-08-01,1750.0,2013,45247200,22.45483870967742,26.693548387096776,18.493548387096773,138.1,80.54838709677419,-0.28,-0.194,8,3.867642638660514,101
JAWA BARAT,2013-09-01,1423.0,2013,45247200,23.28666666666667,27.726666666666667,19.303333333333335,105.3,78.56666666666666,-0.21,-0.31,9,3.1449459856079494,102
JAWA BARAT,2013-10-01,1241.0,2013,45247200,23.48709677419355,27.65806451612903,19.983870967741936,226.9,79.41935483870968,-0.13,-0.168,10,2.742711151187256,103
JAWA BARAT,2013-11-01,1091.0,2013,45247200,22.726666666666667,26.38,20.040000000000003,282.0,85.66666666666667,-0.1,0.199,11,2.411198925016355,104
JAWA BARAT,2013-12-01,1050.0,2013,45247200,22.33225806451613,25.52258064516129,20.24516129032258,489.3,90.4516129032258,-0.15,0.141,12,2.3205855831963085,105
JAWA BARAT,2014-01-01,1815.0,2014,45978600,21.509677419354837,24.396774193548385,19.687096774193545,400.0,91.58064516129032,-0.28,-0.101,1,3.947488614268377,106
JAWA BARAT,2014-02-01,1612.0,2014,45978600,21.917857142857144,24.99285714285714,19.964285714285715,247.1,90.17857142857144,-0.32,-0.089,2,3.5059788684300957,107
JAWA BARAT,2014-03-01,1811.0,2014,45978600,22.325806451612905,25.874193548387098,19.883870967741935,414.8,90.74193548387096,-0.14,-0.151,3,3.938788914842992,108
JAWA BARAT,2014-04-01,1891.0,2014,45978600,22.746666666666663,26.616666666666667,20.02,371.9,89.23333333333333,0.15,-0.058,4,4.1127829033506895,109
JAWA BARAT,2014-05-01,2047.0,2014,45978600,23.04516129032258,26.83225806451613,20.193548387096776,285.1,88.38709677419355,0.31,-0.092,5,4.452071180940698,110
JAWA BARAT,2014-06-01,1799.0,2014,45978600,22.86,26.34,20.09,164.7,87.36666666666666,0.23,-0.028,6,3.9126898165668376,111
JAWA BARAT,2014-07-01,1472.0,2014,45978600,22.44516129032258,25.951612903225808,19.80322580645161,223.6,86.64516129032258,0.1,-0.363,7,3.201489388541626,112
JAWA BARAT,2014-08-01,1584.0,2014,45978600,22.638709677419353,26.68064516129032,18.806451612903224,106.8,81.19354838709677,0.11,-0.372,8,3.4450809724524016,113
JAWA BARAT,2014-09-01,1339.0,2014,45978600,23.85666666666667,28.936666666666667,19.116666666666667,31.0,70.5,0.28,-0.145,9,2.9122243826475795,114
JAWA BARAT,2014-10-01,1057.0,2014,45978600,24.322580645161292,28.951612903225808,20.32903225806452,149.0,72.48387096774194,0.54,0.141,10,2.2988955731579472,115
JAWA BARAT,2014-11-01,894.0,2014,45978600,23.28666666666667,27.24,20.603333333333335,427.9,85.3,0.71,0.01,11,1.9443828215735146,116
JAWA BARAT,2014-12-01,795.0,2014,45978600,22.625806451612902,25.929032258064513,20.61935483870968,590.4,90.16129032258064,0.77,0.046,12,1.7290652607952395,117
JAWA BARAT,2015-01-01,3134.0,2015,46710000,22.096774193548388,25.5,19.83225806451613,331.6,89.58064516129032,0.69,-0.1,1,6.709484050524513,118
JAWA BARAT,2015-02-01,2603.0,2015,46710000,22.071428571428573,25.342857142857145,19.87142857142857,505.3,90.60714285714286,0.61,-0.345,2,5.572682509098694,119
JAWA BARAT,2015-03-01,2276.0,2015,46710000,22.19677419354839,25.606451612903225,19.93548387096774,424.1,90.2258064516129,0.65,-0.241,3,4.8726182830229074,120
JAWA BARAT,2015-04-01,2364.0,2015,46710000,22.596666666666668,26.03,20.333333333333332,450.5,90.36666666666666,0.81,-0.008,4,5.0610147719974306,121
JAWA BARAT,2015-05-01,2643.0,2015,46710000,22.89032258064516,26.72258064516129,19.393548387096775,141.5,84.6774193548387,1.02,0.24,5,5.658317276814387,122
JAWA BARAT,2015-06-01,2195.0,2015,46710000,23.116666666666667,27.616666666666667,18.82,71.5,80.0,1.25,0.296,6,4.69920787839863,123
JAWA BARAT,2015-07-01,1519.0,2015,46710000,23.44193548387097,28.07741935483871,19.351612903225806,25.3,74.06451612903226,1.57,0.225,7,3.251980304003425,124
JAWA BARAT,2015-08-01,1041.0,2015,46710000,23.90967741935484,29.26774193548387,19.203225806451613,22.0,70.90322580645162,1.91,0.567,8,2.228644829800899,125
JAWA BARAT,2015-09-01,776.0,2015,46710000,24.44333333333333,29.97,19.456666666666667,54.7,67.9,2.21,0.294,9,1.661314493684436,126
JAWA BARAT,2015-10-01,751.0,2015,46710000,24.44516129032258,29.538709677419355,19.858064516129033,112.0,71.35483870967742,2.47,0.483,10,1.607792763862128,127
JAWA BARAT,2015-11-01,983.0,2015,46710000,23.376666666666665,27.26,20.673333333333336,488.1,85.73333333333333,2.64,0.347,11,2.104474416613145,128
JAWA BARAT,2015-12-01,952.0,2015,46710000,22.838709677419356,25.993548387096773,20.63225806451613,481.3,89.51612903225806,2.75,0.272,12,2.038107471633483,129
JAWA BARAT,2016-01-01,4896.0,2016,47022800,23.03548387096774,26.32903225806452,20.85483870967742,392.1,90.16129032258064,2.63,0.266,1,10.411970363313117,130
JAWA BARAT,2016-03-01,4659.0,2016,47022800,23.219354838709677,26.538709677419355,21.10967741935484,447.3,90.61290322580643,1.71,-0.009,3,9.90795954303019,131
JAWA BARAT,2016-04-01,4226.0,2016,47022800,23.223333333333336,26.673333333333336,20.923333333333336,497.7,90.46666666666668,1.05,0.146,4,8.987129647745348,132
JAWA BARAT,2016-05-01,4013.0,2016,47022800,23.419354838709676,26.677419354838708,21.03548387096774,214.1,89.45161290322581,0.49,-0.113,5,8.53415789787082,133
JAWA BARAT,2016-06-01,3741.0,2016,47022800,22.93,26.45,20.19,205.4,87.5,0.0,-0.443,6,7.95571509990898,134
JAWA BARAT,2016-07-01,2924.0,2016,47022800,22.64516129032258,26.312903225806455,19.625806451612902,191.8,87.19354838709677,-0.31,-0.758,7,6.218260078089778,135
JAWA BARAT,2016-08-01,2274.0,2016,47022800,23.0,26.864516129032257,19.81935483870968,241.4,84.06451612903226,-0.5,-0.444,8,4.835951921195675,136
JAWA BARAT,2016-09-01,1650.0,2016,47022800,22.74,26.21333333333333,20.203333333333333,424.0,87.8,-0.58,-0.437,9,3.508936090577337,137
JAWA BARAT,2016-10-01,1385.0,2016,47022800,22.596774193548388,25.86774193548387,20.425806451612903,634.3,89.70967741935483,-0.64,-0.372,10,2.94537968815128,138
JAWA BARAT,2016-11-01,1007.0,2016,47022800,22.85,26.483333333333334,20.7,633.3,90.03333333333333,-0.6,-0.382,11,2.1415143292190173,139
JAWA BARAT,2016-12-01,773.0,2016,47022800,22.793548387096777,26.203225806451613,20.383870967741935,262.4,87.35483870967742,-0.45,-0.31,12,1.6438833927371403,140
JAWA BARAT,2017-01-01,2564.0,2017,47335600,22.80967741935484,26.44193548387097,20.093548387096774,109.9,80.41935483870968,-0.19,-0.086,1,5.416642019959608,141
JAWA BARAT,2017-02-01,895.0,2017,47335600,22.210714285714285,25.75,19.639285714285712,302.6,84.46428571428571,-0.02,0.101,2,1.8907545272479909,142
JAWA BARAT,2017-03-01,914.0,2017,47335600,22.845161290322583,26.938709677419357,19.451612903225808,207.3,81.45161290322581,0.18,0.357,3,1.9308934501728086,143
JAWA BARAT,2017-04-01,857.0,2017,47335600,22.746666666666663,27.043333333333333,19.423333333333336,159.4,83.4,0.31,0.499,4,1.8104766813983555,144
JAWA BARAT,2017-05-01,854.0,2017,47335600,23.07741935483871,27.80322580645161,19.116129032258065,52.5,79.58064516129032,0.4,0.536,5,1.804138956726016,145
JAWA BARAT,2017-06-01,729.0,2017,47335600,23.066666666666663,28.06,18.916666666666668,42.3,78.2,0.39,0.424,6,1.5400670953785311,146
JAWA BARAT,2017-07-01,531.0,2017,47335600,22.70967741935484,28.374193548387098,18.529032258064515,33.6,74.70967741935483,0.19,0.52,7,1.1217772670041153,147
JAWA BARAT,2017-08-01,464.0,2017,47335600,23.358064516129033,29.73870967741935,18.25483870967742,7.6,68.48387096774194,-0.07,0.349,8,0.9802347493218635,148
JAWA BARAT,2017-09-01,400.0,2017,47335600,23.883333333333333,30.266666666666666,18.89333333333333,167.2,67.83333333333333,-0.34,0.034,9,0.8450299563119512,149
JAWA BARAT,2017-10-01,516.0,2017,47335600,23.148387096774194,28.067741935483873,19.596774193548388,278.0,80.74193548387096,-0.6,0.016,10,1.090088643642417,150
JAWA BARAT,2017-11-01,648.0,2017,47335600,23.0,27.483333333333334,19.67,155.7,80.5,-0.77,0.289,11,1.3689485292253611,151
JAWA BARAT,2017-12-01,644.0,2017,47335600,22.77741935483871,26.693548387096776,19.664516129032258,83.1,80.0,-0.86,0.109,12,1.3604982296622414,152
JAWA BARAT,2018-01-01,986.0,2018,47648400,22.548387096774192,25.961290322580645,20.032258064516128,184.3,80.74193548387096,-0.77,-0.2,1,2.0693244683976797,153
JAWA BARAT,2018-02-01,629.0,2018,47648400,22.332142857142856,26.135714285714283,19.37857142857143,94.9,83.21428571428571,-0.71,0.215,2,1.3200862988054163,154
JAWA BARAT,2018-03-01,803.0,2018,47648400,22.661290322580644,26.72258064516129,19.096774193548388,146.6,81.96774193548387,-0.57,-0.12,3,1.685261204993242,155
JAWA BARAT,2018-04-01,964.0,2018,47648400,22.93,27.68,18.983333333333334,147.9,81.7,-0.39,-0.083,4,2.0231529285348513,156
JAWA BARAT,2018-05-01,1007.0,2018,47648400,23.0,28.44838709677419,18.312903225806455,37.5,77.96774193548387,-0.13,0.122,5,2.113397301903107,157
JAWA BARAT,2018-06-01,894.0,2018,47648400,23.026666666666664,28.476666666666667,18.573333333333338,54.5,78.4,0.06,0.155,6,1.8762434835167603,158
JAWA BARAT,2018-07-01,836.0,2018,47648400,22.529032258064515,29.22258064516129,16.651612903225807,4.8,66.03225806451613,0.14,0.053,7,1.7545185147874849,159
JAWA BARAT,2018-08-01,620.0,2018,47648400,23.07741935483871,29.887096774193548,17.27741935483871,21.1,64.29032258064517,0.27,0.122,8,1.3011979415888046,160
JAWA BARAT,2018-09-01,504.0,2018,47648400,23.36,30.223333333333336,18.003333333333334,51.2,66.86666666666666,0.53,0.604,9,1.057748004130254,161
JAWA BARAT,2018-10-01,473.0,2018,47648400,24.461290322580645,30.81935483870968,19.335483870967742,102.4,67.93548387096774,0.81,0.685,10,0.9926881070508139,162
JAWA BARAT,2018-11-01,613.0,2018,47648400,23.03,27.773333333333333,19.55,416.0,82.73333333333333,0.97,0.5,11,1.2865069970869956,163
JAWA BARAT,2018-12-01,403.0,2018,47648400,23.074193548387097,27.112903225806452,19.932258064516127,156.9,82.19354838709677,0.92,0.309,12,0.845778662032723,164
JAWA BARAT,2019-01-01,4505.0,2019,47961200,22.664516129032258,26.548387096774192,19.612903225806452,192.4,83.7741935483871,0.89,0.387,1,9.393009349223956,165
JAWA BARAT,2019-02-01,3895.0,2019,47961200,22.85,27.196428571428573,19.271428571428572,331.1,84.64285714285714,0.86,0.416,2,8.121147927908392,166
JAWA BARAT,2019-03-01,3158.0,2019,47961200,22.95483870967742,26.870967741935484,19.73548387096774,233.5,82.35483870967742,0.84,0.224,3,6.5844891287123755,167
JAWA BARAT,2019-04-01,3158.0,2019,47961200,23.09333333333333,27.59,19.623333333333335,287.7,84.86666666666666,0.77,0.258,4,6.5844891287123755,168
JAWA BARAT,2019-05-01,2574.0,2019,47961200,22.916129032258063,27.748387096774195,19.14516129032258,221.0,82.29032258064517,0.64,0.539,5,5.366838194206984,169
JAWA BARAT,2019-06-01,2171.0,2019,47961200,22.716666666666665,28.73,17.513333333333332,10.7,72.86666666666666,0.52,0.605,6,4.526575648649325,170
JAWA BARAT,2019-07-01,1552.0,2019,47961200,22.76451612903226,29.593548387096774,17.18064516129032,10.4,67.2258064516129,0.33,0.597,7,3.2359490588225484,171
JAWA BARAT,2019-08-01,869.0,2019,47961200,22.92258064516129,30.09032258064516,17.10967741935484,17.7,64.38709677419355,0.19,0.436,8,1.8118812706938108,172
JAWA BARAT,2019-09-01,430.0,2019,47961200,24.15666666666667,31.563333333333333,17.78666666666667,10.0,59.86666666666667,0.23,0.893,9,0.8965580510912988,173
JAWA BARAT,2019-10-01,362.0,2019,47961200,24.712903225806453,31.703225806451613,18.951612903225808,61.5,62.774193548387096,0.39,0.964,10,0.7547767778954655,174
JAWA BARAT,2019-11-01,363.0,2019,47961200,24.163333333333338,30.096666666666668,19.316666666666663,133.4,71.5,0.58,0.835,11,0.7568617966189336,175
JAWA BARAT,2019-12-01,446.0,2019,47961200,23.403225806451612,28.16774193548387,19.94516129032258,489.4,83.25806451612904,0.66,0.243,12,0.929918350666789,176
JAWA BARAT,2020-01-01,2438.0,2020,48274000,22.990322580645163,26.719354838709677,20.212903225806453,443.1,85.29032258064517,0.64,0.173,1,5.0503376558810125,177
JAWA BARAT,2020-02-01,2791.0,2020,48274000,22.858620689655172,26.313793103448276,20.089655172413792,313.1,85.86206896551724,0.63,0.054,2,5.7815801466628,178
JAWA BARAT,2020-03-01,3226.0,2020,48274000,23.203225806451613,27.45483870967742,20.009677419354837,366.0,84.06451612903226,0.53,0.019,3,6.682686332187099,179
JAWA BARAT,2020-04-01,2684.0,2020,48274000,23.16,27.376666666666665,19.78,297.5,85.5,0.3,-0.011,4,5.559928740108547,180
JAWA BARAT,2020-05-01,2636.0,2020,48274000,23.41290322580645,27.729032258064517,19.98064516129032,297.6,84.61290322580645,0.01,0.298,5,5.460496333430004,181
JAWA BARAT,2020-06-01,2621.0,2020,48274000,22.853333333333335,27.44,18.933333333333337,79.4,81.66666666666667,-0.23,0.454,6,5.429423706342959,182
JAWA BARAT,2020-07-01,2310.0,2020,48274000,22.387096774193548,27.98064516129032,17.86774193548387,43.1,76.6774193548387,-0.36,0.32,7,4.785184571404897,183
JAWA BARAT,2020-08-01,1132.0,2020,48274000,23.19032258064516,29.0258064516129,18.30967741935484,78.1,75.29032258064517,-0.53,-0.183,8,2.3449475908356465,184
JAWA BARAT,2020-10-01,592.0,2020,48274000,23.1,28.0258064516129,19.64516129032258,315.2,80.2258064516129,-1.12,0.074,10,1.2263330157020342,185
JAWA BARAT,2020-11-01,723.0,2020,48274000,23.176666666666662,27.753333333333337,19.4,132.9,80.4,-1.2,0.02,11,1.4977006255955587,186
JAWA BARAT,2020-12-01,710.0,2020,48274000,22.48709677419355,26.05161290322581,20.048387096774192,260.7,82.6774193548387,-1.08,0.03,12,1.4707710154534532,187
JAWA BARAT,2021-01-01,913.0,2021,48556750,22.306451612903224,25.664516129032258,20.041935483870965,224.9,83.87096774193549,-0.91,0.051,1,1.8802741122500992,188
JAWA BARAT,2021-02-01,902.0,2021,48556750,22.32857142857143,25.692857142857143,19.932142857142857,154.7,85.32142857142857,-0.79,0.243,2,1.8576202072832304,189
JAWA BARAT,2021-03-01,1319.0,2021,48556750,22.687096774193545,26.80967741935484,19.322580645161292,235.5,82.38709677419355,-0.71,0.266,3,2.7164091501181606,190
JAWA BARAT,2021-04-01,2085.0,2021,48556750,22.86,27.41,18.959999999999997,140.5,80.86666666666666,-0.55,0.25,4,4.293944714174652,191
JAWA BARAT,2021-05-01,2467.0,2021,48556750,23.248387096774195,27.96451612903226,19.135483870967743,197.9,81.83870967741936,-0.39,0.009,5,5.080653050296817,192
JAWA BARAT,2021-06-01,1858.0,2021,48556750,22.56,26.93,18.40666666666667,180.6,84.7,-0.3,-0.002,6,3.8264504934947254,193
JAWA BARAT,2021-07-01,1395.0,2021,48556750,22.164516129032258,27.870967741935484,17.1,47.3,78.54838709677419,-0.35,-0.228,7,2.8729270389801624,194
JAWA BARAT,2021-08-01,1506.0,2021,48556750,22.548387096774192,28.241935483870968,18.200000000000003,117.8,77.7741935483871,-0.45,-0.099,8,3.101525534554928,195
JAWA BARAT,2021-09-01,1600.0,2021,48556750,22.91,28.44333333333333,18.59333333333333,114.1,78.1,-0.63,-0.058,9,3.295113449726351,196
JAWA BARAT,2021-10-01,2104.0,2021,48556750,23.316129032258065,29.009677419354837,18.983870967741936,161.6,78.61290322580645,-0.76,-0.091,10,4.333074186390152,197
JAWA BARAT,2021-11-01,3242.0,2021,48556750,22.613333333333333,27.09,19.72,404.6,84.23333333333333,-0.91,0.069,11,6.676723627508019,198
JAWA BARAT,2021-12-01,4568.0,2021,48556750,22.64516129032258,26.72258064516129,19.44838709677419,210.6,84.3225806451613,-0.87,-0.12,12,9.407548898968733,199
JAWA BARAT,2022-01-01,5940.0,2022,48839500,22.54516129032258,26.81935483870968,19.103225806451615,118.0,82.6774193548387,-0.82,-0.056,1,12.162286673696496,200
JAWA BARAT,2022-02-01,3512.0,2022,48839500,22.489285714285717,26.62142857142857,19.364285714285717,168.5,82.0,-0.79,-0.083,2,7.190900807747827,201
JAWA BARAT,2022-03-01,3168.0,2022,48839500,22.69032258064516,27.306451612903224,18.98064516129032,206.2,83.29032258064517,-0.86,-0.093,3,6.486552892638131,202
JAWA BARAT,2022-04-01,3070.0,2022,48839500,22.65666666666667,27.40666666666667,18.88,213.7,83.26666666666667,-0.95,-0.068,4,6.285895637752229,203
JAWA BARAT,2022-05-01,3710.0,2022,48839500,22.958064516129035,27.89032258064516,18.774193548387096,131.5,83.2258064516129,-0.9,-0.122,5,7.59631036353771,204
JAWA BARAT,2022-06-01,3488.0,2022,48839500,22.026666666666664,26.976666666666667,17.796666666666667,81.10000000000001,82.83333333333333,-0.78,-0.335,6,7.141760255530872,205
JAWA BARAT,2022-07-01,3105.0,2022,48839500,22.429032258064513,27.806451612903224,17.84193548387097,64.8,80.48387096774194,-0.76,-0.195,7,6.357558943068622,206
JAWA BARAT,2022-08-01,2841.0,2022,48839500,22.883870967741935,28.706451612903223,18.212903225806453,54.2,76.90322580645162,-0.87,-0.246,8,5.817012868682112,207
JAWA BARAT,2022-09-01,2383.0,2022,48839500,22.723333333333336,28.42,18.483333333333334,211.3,80.06666666666666,-0.97,-0.322,9,4.879247330541877,208
JAWA BARAT,2022-10-01,1934.0,2022,48839500,22.42258064516129,27.093548387096774,18.996774193548383,364.7,83.93548387096774,-0.94,-0.691,10,3.9599094994830004,209
JAWA BARAT,2022-11-01,1766.0,2022,48839500,22.58,27.08,19.236666666666668,254.2,83.2,-0.85,-0.269,11,3.6159256339643115,210
JAWA BARAT,2022-12-01,1691.0,2022,48839500,22.280645161290323,26.525806451612905,19.270967741935483,263.5,84.03225806451613,-0.71,-0.092,12,3.4623614082863257,211
JAWA BARAT,2023-01-01,1963.0,2023,49122250,22.287096774193547,26.438709677419357,19.18064516129032,130.9,82.96774193548387,-0.54,0.109,1,3.9961524563716035,212
JAWA BARAT,2023-02-01,1652.0,2023,49122250,22.13214285714286,25.439285714285713,19.62142857142857,189.0,83.5,-0.29,0.157,2,3.3630381344502744,213
JAWA BARAT,2023-03-01,1613.0,2023,49122250,22.516129032258064,27.193548387096776,18.77741935483871,197.0,83.0,-0.02,0.415,3,3.283644377038918,214
JAWA BARAT,2023-04-01,1273.0,2023,49122250,22.756666666666668,27.80666666666667,18.533333333333335,101.5,82.13333333333334,0.27,0.56,4,2.5914936714014525,215
JAWA BARAT,2023-05-01,1708.0,2023,49122250,22.961290322580645,27.89032258064516,18.725806451612904,187.2,81.93548387096774,0.57,0.443,5,3.477039427143504,216
JAWA BARAT,2023-06-01,1578.0,2023,49122250,22.936666666666667,28.206666666666667,18.59,74.0,80.7,0.84,0.665,6,3.2123935691056498,217
JAWA BARAT,2023-07-01,1561.0,2023,49122250,22.038709677419355,27.532258064516128,17.370967741935484,64.30000000000001,78.25806451612904,1.12,0.498,7,3.1777860338237764,218
JAWA BARAT,2023-08-01,1791.0,2023,49122250,22.73225806451613,29.32903225806452,16.70967741935484,22.4,70.80645161290323,1.37,0.825,8,3.646005628813827,219
JAWA BARAT,2023-09-01,1469.0,2023,49122250,23.526666666666664,30.75,17.186666666666667,13.8,63.7,1.6,0.946,9,2.9904981958277563,220
JAWA BARAT,2023-10-01,1323.0,2023,49122250,24.9,32.00967741935484,18.55161290322581,36.5,62.67741935483871,1.83,0.804,10,2.6932805398775503,221
JAWA BARAT,2023-11-01,1326.0,2023,49122250,23.98,30.176666666666662,19.14333333333333,220.6,77.0,1.99,0.92,11,2.6993877519861162,222
JAWA BARAT,2023-12-01,2071.0,2023,49122250,23.470967741935485,28.65806451612903,19.164516129032258,185.4,80.41935483870968,2.06,0.851,12,4.216012092279975,223
JAWA BARAT,2024-01-01,4833.0,2024,49405000,23.05161290322581,27.38064516129032,19.806451612903224,295.6,83.41935483870968,1.92,0.765,1,9.78241068717741,224
JAWA BARAT,2024-02-01,6245.0,2024,49405000,23.17241379310345,27.410344827586208,19.9,245.0,84.44827586206897,1.62,0.328,2,12.640421010019228,225
JAWA BARAT,2024-03-01,8161.0,2024,49405000,23.02258064516129,27.338709677419356,19.793548387096777,257.2,84.25806451612904,1.26,0.421,3,16.51857099483858,226
JAWA BARAT,2024-04-01,8106.0,2024,49405000,23.473333333333336,28.346666666666668,19.723333333333336,272.4,85.23333333333333,0.82,0.44,4,16.40724623013865,227
JAWA BARAT,2024-05-01,8587.0,2024,49405000,23.541935483870965,28.496774193548383,19.093548387096774,218.5,82.06451612903226,0.49,0.297,5,17.380831899605305,228
JAWA BARAT,2024-06-01,6503.0,2024,49405000,22.67,28.006666666666668,17.763333333333332,87.3,81.93333333333334,0.22,0.197,6,13.162635360793441,229
JAWA BARAT,2024-07-01,4717.0,2024,49405000,22.074193548387097,27.806451612903224,16.983870967741936,69.60000000000001,78.16129032258064,0.08,0.033,7,9.547616637992107,230
JAWA TENGAH,2004-01-01,1804.0,2004,32400000,23.24516129032258,25.74516129032258,21.387096774193548,357.3,89.19354838709677,0.37,0.044,1,5.567901234567901,0
JAWA TENGAH,2004-02-01,2056.0,2004,32400000,23.093103448275865,25.51034482758621,21.32758620689655,319.3,88.75862068965517,0.31,0.114,2,6.345679012345679,1
JAWA TENGAH,2004-03-01,3200.0,2004,32400000,23.37741935483871,26.14516129032258,21.335483870967742,387.2,88.70967741935483,0.23,0.077,3,9.876543209876543,2
JAWA TENGAH,2004-04-01,748.0,2004,32400000,24.27,27.71333333333333,21.45,116.5,82.56666666666666,0.17,-0.08,4,2.308641975308642,3
JAWA TENGAH,2004-05-01,365.0,2004,32400000,24.01935483870968,27.470967741935485,21.338709677419356,112.5,84.29032258064517,0.17,-0.565,5,1.126543209876543,4
JAWA TENGAH,2004-06-01,147.0,2004,32400000,23.47,27.53,19.93,36.7,75.36666666666666,0.28,-0.384,6,0.4537037037037037,5
JAWA TENGAH,2005-01-01,237.0,2005,32400000,23.36774193548387,25.929032258064513,21.39032258064516,253.6,87.35483870967742,0.64,-0.124,1,0.7314814814814815,6
JAWA TENGAH,2005-02-01,507.0,2005,32400000,23.55,26.267857142857142,21.45357142857143,219.6,87.78571428571429,0.58,-0.56,2,1.5648148148148149,7
JAWA TENGAH,2005-03-01,504.0,2005,32400000,23.593548387096774,26.44516129032258,21.503225806451617,352.2,88.19354838709677,0.45,-0.432,3,1.5555555555555556,8
JAWA TENGAH,2005-04-01,384.0,2005,32400000,23.88,27.263333333333332,21.226666666666667,169.8,84.0,0.43,0.084,4,1.1851851851851851,9
JAWA TENGAH,2005-05-01,351.0,2005,32400000,24.312903225806455,27.96451612903226,21.306451612903224,42.9,78.3225806451613,0.29,-0.033,5,1.0833333333333333,10
JAWA TENGAH,2005-06-01,398.0,2005,32400000,24.27,27.746666666666663,21.51,62.2,79.43333333333334,0.11,-0.176,6,1.228395061728395,11
JAWA TENGAH,2005-07-01,187.0,2005,32400000,23.83225806451613,28.0258064516129,20.383870967741935,36.4,74.51612903225806,-0.06,-0.384,7,0.5771604938271605,12
JAWA TENGAH,2005-08-01,339.0,2005,32400000,24.629032258064516,28.80967741935484,21.106451612903225,10.6,67.7741935483871,-0.14,-0.345,8,1.0462962962962963,13
JAWA TENGAH,2005-09-01,39.0,2005,32400000,25.37,29.776666666666664,21.796666666666667,30.7,67.43333333333334,-0.11,-0.534,9,0.12037037037037036,14
JAWA TENGAH,2006-01-01,1529.0,2006,32396600,22.96451612903226,25.393548387096775,21.270967741935483,375.1,88.54838709677419,-0.85,-0.135,1,4.719631072396486,15
JAWA TENGAH,2006-02-01,1359.0,2006,32396600,23.24642857142857,25.975,21.192857142857143,389.4,88.92857142857143,-0.77,-0.305,2,4.194884648389029,16
JAWA TENGAH,2006-03-01,1702.0,2006,32396600,23.44193548387097,26.003225806451617,21.506451612903227,280.8,87.45161290322581,-0.57,-0.226,3,5.25363772741584,17
JAWA TENGAH,2006-04-01,1139.0,2006,32396600,23.44,26.61,20.99,260.5,87.4,-0.37,-0.015,4,3.515801040849966,18
JAWA TENGAH,2007-01-01,2518.0,2007,32393200,23.906451612903226,26.996774193548383,21.23225806451613,170.6,83.74193548387096,0.66,0.224,1,7.7732363582480275,19
JAWA TENGAH,2007-02-01,3493.0,2007,32393200,23.1,25.67142857142857,21.364285714285717,367.1,89.14285714285714,0.22,0.15,2,10.78312732301841,20
JAWA TENGAH,2007-03-01,2419.0,2007,32393200,23.35483870967742,26.06451612903226,21.370967741935484,376.9,88.19354838709677,-0.12,0.116,3,7.467616660286727,21
JAWA TENGAH,2007-04-01,1976.0,2007,32393200,23.546666666666667,26.73,21.396666666666665,284.9,88.2,-0.32,0.1,4,6.100045688601312,22
JAWA TENGAH,2007-05-01,2167.0,2007,32393200,23.96451612903226,27.34193548387097,21.24516129032258,100.7,83.12903225806451,-0.38,0.27,5,6.689675610930689,23
JAWA TENGAH,2007-06-01,1255.0,2007,32393200,23.596666666666668,27.153333333333332,20.653333333333332,79.0,81.6,-0.47,0.03,6,3.874269908499315,24
JAWA TENGAH,2007-07-01,1136.0,2007,32393200,24.316129032258065,28.27741935483871,21.032258064516128,7.4,70.90322580645162,-0.56,0.045,7,3.506908857414519,25
JAWA TENGAH,2007-08-01,1136.0,2007,32393200,24.44516129032258,28.896774193548385,20.706451612903223,18.4,65.48387096774194,-0.81,0.236,8,3.506908857414519,26
JAWA TENGAH,2007-09-01,767.0,2007,32393200,25.18,29.776666666666664,21.31,1.2,62.0,-1.07,0.235,9,2.3677808922860355,27
JAWA TENGAH,2007-10-01,723.0,2007,32393200,25.438709677419357,29.48709677419355,22.299999999999997,55.3,68.80645161290323,-1.34,0.068,10,2.2319499154143463,28
JAWA TENGAH,2007-11-01,1255.0,2007,32393200,24.043333333333333,27.413333333333338,21.459999999999997,211.3,82.6,-1.5,-0.023,11,3.874269908499315,29
JAWA TENGAH,2007-12-01,1546.0,2007,32393200,23.358064516129033,26.125806451612902,21.529032258064515,462.4,88.29032258064517,-1.6,-0.227,12,4.772606596446168,30
JAWA TENGAH,2008-01-01,3999.0,2008,32389800,23.22258064516129,25.9741935483871,21.187096774193545,366.8,87.80645161290323,-1.64,0.115,1,12.346479447233389,31
JAWA TENGAH,2008-02-01,2867.0,2008,32389800,22.83448275862069,24.882758620689657,21.47241379310345,275.7,87.55172413793103,-1.52,-0.072,2,8.851552031812485,32
JAWA TENGAH,2008-03-01,1945.0,2008,32389800,23.070967741935487,26.0258064516129,20.896774193548385,345.1,88.83870967741936,-1.29,0.097,3,6.004976875436094,33
JAWA TENGAH,2008-04-01,2198.0,2008,32389800,23.40666666666667,26.7,20.85666666666667,184.8,85.7,-1.01,-0.153,4,6.786086977999247,34
JAWA TENGAH,2008-05-01,1842.0,2008,32389800,23.603225806451615,27.506451612903227,20.25483870967742,46.2,78.29032258064517,-0.84,0.178,5,5.686975529333309,35
JAWA TENGAH,2008-06-01,1149.0,2008,32389800,24.073333333333338,28.11,20.523333333333333,22.9,73.63333333333334,-0.61,0.215,6,3.5474130744864123,36
JAWA TENGAH,2008-07-01,923.0,2008,32389800,24.241935483870968,28.835483870967742,20.138709677419353,2.5,63.74193548387097,-0.37,0.246,7,2.8496625480861257,37
JAWA TENGAH,2008-08-01,501.0,2008,32389800,24.73548387096774,28.835483870967742,21.403225806451612,41.9,67.6774193548387,-0.23,0.124,8,1.5467832465776263,38
JAWA TENGAH,2008-09-01,547.0,2008,32389800,25.513333333333332,29.78,21.87,5.9,64.73333333333333,-0.24,0.086,9,1.6888032652254723,39
JAWA TENGAH,2008-10-01,730.0,2008,32389800,24.993548387096773,29.038709677419355,22.067741935483873,182.1,75.58064516129032,-0.35,0.029,10,2.25379594810712,40
JAWA TENGAH,2008-11-01,1037.0,2008,32389800,23.71333333333333,26.91,21.44,313.9,86.63333333333334,-0.55,-0.128,11,3.201625202996005,41
JAWA TENGAH,2008-12-01,1497.0,2008,32389800,23.32903225806452,26.20967741935484,21.293548387096777,410.0,87.74193548387096,-0.73,-0.053,12,4.6218253894744645,42
JAWA TENGAH,2009-01-01,2316.0,2009,32386400,23.070967741935487,25.348387096774193,21.30322580645161,385.5,87.48387096774194,-0.85,0.031,1,7.15114986537559,43
JAWA TENGAH,2009-02-01,1957.0,2009,32386400,22.760714285714283,25.167857142857144,21.11785714285714,544.0,89.39285714285714,-0.79,0.163,2,6.042659881925746,44
JAWA TENGAH,2009-03-01,2219.0,2009,32386400,23.56451612903226,26.654838709677417,20.958064516129035,226.3,85.51612903225806,-0.61,0.1,3,6.851641429735938,45
JAWA TENGAH,2009-04-01,1738.0,2009,32386400,23.94,27.273333333333333,21.28666666666667,168.5,85.5,-0.33,0.126,4,5.366450114863029,46
JAWA TENGAH,2009-05-01,1486.0,2009,32386400,23.79032258064516,27.07741935483871,21.248387096774195,148.4,85.2258064516129,0.01,0.256,5,4.588345725366203,47
JAWA TENGAH,2009-06-01,1519.0,2009,32386400,24.05666666666667,27.716666666666665,20.89333333333333,27.0,78.7,0.28,0.1,6,4.690240347800311,48
JAWA TENGAH,2009-07-01,1756.0,2009,32386400,24.048387096774192,28.54516129032258,20.041935483870965,25.499999999999996,69.96774193548387,0.45,-0.192,7,5.422028999827088,49
JAWA TENGAH,2009-08-01,1300.0,2009,32386400,24.69032258064516,29.148387096774194,20.548387096774192,5.8,66.7741935483871,0.58,-0.104,8,4.014030580737594,50
JAWA TENGAH,2009-09-01,944.0,2009,32386400,25.756666666666668,30.193333333333335,22.026666666666664,9.4,62.6,0.71,-0.103,9,2.9148037447817603,51
JAWA TENGAH,2009-10-01,676.0,2009,32386400,25.361290322580647,29.48709677419355,22.258064516129032,113.0,71.45161290322581,1.01,-0.013,10,2.087295901983549,52
JAWA TENGAH,2009-11-01,820.0,2009,32386400,24.603333333333335,28.123333333333335,21.903333333333332,228.4,80.53333333333333,1.36,-0.067,11,2.5319269816960204,53
JAWA TENGAH,2009-12-01,1150.0,2009,32386400,24.06451612903226,27.041935483870965,21.76451612903226,260.5,85.45161290322581,1.56,0.16,12,3.550873206037102,54
JAWA TENGAH,2010-01-01,2656.0,2010,32383000,23.206451612903223,25.677419354838708,21.529032258064515,421.6,89.16129032258064,1.5,0.294,1,8.201834295772473,55
JAWA TENGAH,2010-02-01,2777.0,2010,32383000,23.764285714285712,26.589285714285715,21.74285714285714,362.4,89.07142857142857,1.22,0.023,2,8.575487138313312,56
JAWA TENGAH,2010-03-01,2871.0,2010,32383000,23.79032258064516,26.458064516129035,21.848387096774193,500.7,89.09677419354838,0.84,0.458,3,8.865762900287187,57
JAWA TENGAH,2010-04-01,2860.0,2010,32383000,24.1,27.10666666666667,21.94,280.0,88.66666666666667,0.35,0.37,4,8.831794460056202,58
JAWA TENGAH,2010-05-01,1801.0,2010,32383000,24.296774193548387,27.283870967741933,22.174193548387095,244.6,87.51612903225806,-0.17,-0.03,5,5.5615600778186085,59
JAWA TENGAH,2010-06-01,1182.0,2010,32383000,23.73,26.85,21.42,189.1,86.06666666666666,-0.66,-0.14,6,3.6500633048204305,60
JAWA TENGAH,2010-07-01,1397.0,2010,32383000,23.48064516129032,26.838709677419356,20.848387096774193,157.3,84.29032258064517,-1.05,-0.001,7,4.313991909335145,61
JAWA TENGAH,2010-08-01,997.0,2010,32383000,23.87741935483871,27.32903225806452,21.212903225806453,113.1,82.48387096774194,-1.35,-0.062,8,3.078775900935676,62
JAWA TENGAH,2010-09-01,936.0,2010,32383000,23.636666666666667,27.03,21.176666666666662,244.7,85.0,-1.56,-0.268,9,2.8904054596547573,63
JAWA TENGAH,2010-10-01,856.0,2010,32383000,23.69677419354839,27.003225806451617,21.374193548387098,301.1,85.19354838709677,-1.64,-0.437,10,2.6433622579748635,64
JAWA TENGAH,2010-11-01,835.0,2010,32383000,23.596666666666668,26.813333333333333,21.476666666666667,320.1,87.13333333333334,-1.64,-0.495,11,2.578513417533891,65
JAWA TENGAH,2010-12-01,703.0,2010,32383000,23.17096774193548,25.69677419354839,21.432258064516127,435.5,88.29032258064517,-1.54,-0.212,12,2.1708921347620667,66
JAWA TENGAH,2011-01-01,813.0,2011,32661200,22.887096774193548,24.925806451612903,21.36774193548387,278.9,87.41935483870968,-1.31,0.192,1,2.4891920688768323,67
JAWA TENGAH,2011-02-01,632.0,2011,32661200,23.114285714285717,25.353571428571428,21.375,262.1,87.21428571428571,-1.04,0.242,2,1.9350176968390629,68
JAWA TENGAH,2011-03-01,663.0,2011,32661200,23.106451612903225,25.86774193548387,20.86774193548387,401.5,88.6774193548387,-0.8,0.367,3,2.029931539563764,69
JAWA TENGAH,2011-05-01,415.0,2011,32661200,23.73548387096774,26.725806451612904,21.212903225806453,115.1,85.03225806451613,-0.46,-0.089,5,1.2706207977661568,70
JAWA TENGAH,2011-06-01,375.0,2011,32661200,23.956666666666667,27.926666666666662,20.726666666666667,29.5,74.96666666666667,-0.37,0.055,6,1.1481513232826719,71
JAWA TENGAH,2011-07-01,251.0,2011,32661200,24.041935483870965,28.219354838709677,20.503225806451617,12.7,71.19354838709677,-0.43,0.223,7,0.7684959523838684,72
JAWA TENGAH,2011-08-01,233.0,2011,32661200,24.532258064516128,29.112903225806452,20.53548387096774,1.7000000000000002,64.45161290322581,-0.58,0.344,8,0.7133846888663,73
JAWA TENGAH,2011-09-01,192.0,2011,32661200,25.166666666666668,29.540000000000003,21.55666666666667,16.8,63.86666666666667,-0.79,0.202,9,0.5878534775207279,74
JAWA TENGAH,2011-10-01,177.0,2011,32661200,25.20967741935484,29.593548387096774,21.887096774193548,107.5,71.03225806451613,-0.96,0.356,10,0.5419274245894211,75
JAWA TENGAH,2011-11-01,146.0,2011,32661200,23.73,26.89333333333333,21.52,404.4,86.53333333333333,-1.02,0.336,11,0.44701358186472023,76
JAWA TENGAH,2011-12-01,111.0,2011,32661200,23.64516129032258,26.693548387096776,21.638709677419353,393.1,88.0,-0.92,-0.128,12,0.3398527916916709,77
JAWA TENGAH,2012-01-01,540.0,2012,32939400,23.08709677419355,25.419354838709676,21.4741935483871,511.9,88.38709677419355,-0.72,0.046,1,1.6393741233902257,78
JAWA TENGAH,2012-02-01,527.0,2012,32939400,23.13793103448276,26.04137931034483,20.944827586206895,365.6,88.37931034482759,-0.57,-0.078,2,1.5999077093086091,79
JAWA TENGAH,2012-03-01,575.0,2012,32939400,23.467741935483872,26.083870967741937,21.44193548387097,227.0,85.74193548387096,-0.46,0.026,3,1.7456298536099626,80
JAWA TENGAH,2012-04-01,532.0,2012,32939400,23.746666666666663,26.953333333333333,21.086666666666662,182.1,84.36666666666666,-0.36,-0.271,4,1.6150870993400002,81
JAWA TENGAH,2012-05-01,551.0,2012,32939400,23.770967741935483,27.416129032258063,20.84193548387097,84.8,82.16129032258064,-0.17,-0.37,5,1.6727687814592858,82
JAWA TENGAH,2012-06-01,411.0,2012,32939400,24.016666666666666,27.826666666666664,20.76,33.7,76.23333333333333,0.06,0.001,6,1.2477458605803384,83
JAWA TENGAH,2012-07-01,439.0,2012,32939400,24.096774193548388,28.29032258064516,20.438709677419357,10.4,68.87096774193549,0.3,0.546,7,1.332750444756128,84
JAWA TENGAH,2012-08-01,362.0,2012,32939400,24.506451612903227,29.187096774193545,20.26774193548387,1.4,62.354838709677416,0.41,0.652,8,1.0989878382727067,85
JAWA TENGAH,2012-09-01,417.0,2012,32939400,25.363333333333333,29.956666666666667,21.453333333333333,4.6,62.2,0.41,0.453,9,1.2659611286180077,86
JAWA TENGAH,2012-10-01,623.0,2012,32939400,25.838709677419356,30.135483870967743,22.46451612903226,28.0,67.48387096774194,0.31,0.11,10,1.891351997911316,87
JAWA TENGAH,2012-11-01,807.0,2012,32939400,24.523333333333333,28.1,22.166666666666668,277.4,81.86666666666666,0.13,-0.1,11,2.449953551066504,88
JAWA TENGAH,2012-12-01,1304.0,2012,32939400,23.429032258064513,26.37741935483871,21.51935483870968,440.9,89.16129032258064,-0.1,0.268,12,3.9587849201867673,89
JAWA TENGAH,2013-01-01,2870.0,2013,33217600,23.200000000000003,25.387096774193548,21.72258064516129,460.5,89.16129032258064,-0.29,-0.065,1,8.639998073310535,90
JAWA TENGAH,2013-02-01,1921.0,2013,33217600,23.460714285714285,25.960714285714285,21.682142857142857,286.3,88.17857142857143,-0.29,0.189,2,5.7830788497663885,91
JAWA TENGAH,2013-03-01,1585.0,2013,33217600,23.741935483870968,26.4741935483871,21.635483870967743,287.8,87.09677419354838,-0.21,0.083,3,4.771566880208082,92
JAWA TENGAH,2013-04-01,1645.0,2013,33217600,23.956666666666667,26.959999999999997,21.77,293.2,86.83333333333333,-0.19,-0.297,4,4.952194017629209,93
JAWA TENGAH,2013-05-01,1625.0,2013,33217600,23.906451612903226,26.874193548387098,21.638709677419353,258.7,86.2258064516129,-0.27,-0.506,5,4.891984971822167,94
JAWA TENGAH,2013-06-01,1035.0,2013,33217600,23.58,26.346666666666668,21.346666666666668,169.29999999999998,86.8,-0.34,-0.497,6,3.115818120514426,95
JAWA TENGAH,2013-07-01,1043.0,2013,33217600,23.05806451612903,26.406451612903226,20.258064516129032,140.2,82.03225806451613,-0.35,-0.18,7,3.139901738837243,96
JAWA TENGAH,2013-08-01,761.0,2013,33217600,24.08709677419355,28.451612903225808,19.98709677419355,25.7,70.19354838709677,-0.28,-0.194,8,2.29095419295795,97
JAWA TENGAH,2013-09-01,623.0,2013,33217600,25.153333333333332,29.59333333333333,21.22,6.4,65.8,-0.21,-0.31,9,1.8755117768893599,98
JAWA TENGAH,2013-10-01,791.0,2013,33217600,25.425806451612903,29.712903225806453,21.990322580645163,117.7,69.25806451612904,-0.13,-0.168,10,2.381267761668513,99
JAWA TENGAH,2013-11-01,544.0,2013,33217600,24.136666666666667,27.413333333333338,21.623333333333335,212.6,82.53333333333333,-0.1,0.199,11,1.6376860459515437,100
JAWA TENGAH,2013-12-01,701.0,2013,33217600,23.26129032258065,25.799999999999997,21.548387096774192,511.1,88.93548387096774,-0.15,0.141,12,2.110327055536824,101
JAWA TENGAH,2014-01-01,1017.0,2014,33495800,22.683870967741935,24.893548387096775,21.229032258064517,490.3,88.51612903225806,-0.28,-0.101,1,3.036201553627619,102
JAWA TENGAH,2014-02-01,1118.0,2014,33495800,22.99642857142857,25.164285714285715,21.442857142857143,260.7,87.0,-0.32,-0.089,2,3.337731894745013,103
JAWA TENGAH,2014-03-01,738.0,2014,33495800,23.548387096774192,26.274193548387096,21.4,264.2,87.03225806451613,-0.14,-0.151,3,2.203261304402343,104
JAWA TENGAH,2014-04-01,1126.0,2014,33495800,23.78,26.846666666666668,21.256666666666668,215.7,86.8,0.15,-0.058,4,3.3616154861206478,105
JAWA TENGAH,2014-05-01,843.0,2014,33495800,24.370967741935484,27.703225806451613,21.661290322580644,85.7,83.41935483870968,0.31,-0.092,5,2.5167334412075544,106
JAWA TENGAH,2014-06-01,760.0,2014,33495800,24.573333333333338,28.226666666666667,21.6,62.2,79.23333333333333,0.23,-0.028,6,2.2689411806853395,107
JAWA TENGAH,2014-07-01,893.0,2014,33495800,24.129032258064516,27.851612903225806,20.94838709677419,42.0,74.83870967741936,0.1,-0.363,7,2.666005887305274,108
JAWA TENGAH,2014-08-01,843.0,2014,33495800,24.77741935483871,29.05161290322581,20.97741935483871,5.7,67.3225806451613,0.11,-0.372,8,2.5167334412075544,109
JAWA TENGAH,2014-09-01,791.0,2014,33495800,25.566666666666663,30.49,21.31,3.8,60.4,0.28,-0.145,9,2.361490097265926,110
JAWA TENGAH,2014-10-01,1067.0,2014,33495800,26.299999999999997,30.725806451612904,22.570967741935487,23.2,62.96774193548387,0.54,0.141,10,3.1854739997253385,111
JAWA TENGAH,2014-11-01,840.0,2014,33495800,24.80666666666667,28.39,22.096666666666668,309.5,79.56666666666666,0.71,0.01,11,2.5077770944416913,112
JAWA TENGAH,2014-12-01,1039.0,2014,33495800,23.51290322580645,26.33225806451613,21.693548387096776,503.2,88.87096774193549,0.77,0.046,12,3.1018814299106157,113
JAWA TENGAH,2015-01-01,2807.0,2015,33774000,23.08709677419355,25.57741935483871,21.322580645161292,351.6,88.12903225806451,0.69,-0.1,1,8.31112690235092,114
JAWA TENGAH,2015-02-01,2655.0,2015,33774000,23.053571428571427,25.582142857142856,21.25,328.3,88.5,0.61,-0.345,2,7.8610765677740275,115
JAWA TENGAH,2015-03-01,2049.0,2015,33774000,23.40967741935484,26.129032258064516,21.403225806451612,325.8,87.12903225806451,0.65,-0.241,3,6.066796944395096,116
JAWA TENGAH,2015-04-01,2305.0,2015,33774000,23.496666666666663,26.42,21.44333333333333,319.2,88.56666666666666,0.81,-0.008,4,6.824776455261444,117
JAWA TENGAH,2015-05-01,1544.0,2015,33774000,24.07741935483871,27.796774193548387,20.887096774193548,80.60000000000001,79.64516129032258,1.02,0.24,5,4.571563924912654,118
JAWA TENGAH,2015-06-01,1349.0,2015,33774000,24.503333333333337,28.7,20.896666666666665,27.299999999999997,73.0,1.25,0.296,6,3.9941967193699295,119
JAWA TENGAH,2015-07-01,1038.0,2015,33774000,24.83225806451613,29.322580645161292,20.961290322580645,3.5,65.96774193548387,1.57,0.225,7,3.073370047965891,120
JAWA TENGAH,2015-08-01,573.0,2015,33774000,24.929032258064513,29.68064516129032,20.925806451612903,1.7000000000000002,63.903225806451616,1.91,0.567,8,1.6965713270563154,121
JAWA TENGAH,2015-09-01,425.0,2015,33774000,25.636666666666667,30.323333333333338,21.513333333333332,21.3,61.8,2.21,0.294,9,1.2583644223367088,122
JAWA TENGAH,2015-10-01,440.0,2015,33774000,25.996774193548383,31.067741935483873,21.51290322580645,13.3,64.58064516129032,2.47,0.483,10,1.3027772843015337,123
JAWA TENGAH,2015-11-01,501.0,2015,33774000,25.07,28.776666666666664,22.39,208.7,79.7,2.64,0.347,11,1.4833895896251554,124
JAWA TENGAH,2015-12-01,712.0,2015,33774000,23.851612903225806,26.39032258064516,22.070967741935487,526.0,87.80645161290323,2.75,0.272,12,2.1081305145970273,125
JAWA TENGAH,2016-01-01,2042.0,2016,34322400,24.125806451612902,26.86774193548387,22.177419354838708,262.1,87.48387096774194,2.63,0.266,1,5.949467403211897,126
JAWA TENGAH,2016-03-01,1897.0,2016,34322400,24.345161290322583,26.82903225806452,22.33225806451613,264.2,87.70967741935483,1.71,-0.009,3,5.5270027736988085,127
JAWA TENGAH,2016-04-01,1996.0,2016,34322400,24.346666666666668,27.486666666666668,22.14333333333333,284.1,86.3,1.05,0.146,4,5.815444141435331,128
JAWA TENGAH,2016-05-01,1587.0,2016,34322400,24.68064516129032,27.79032258064516,22.23870967741935,111.6,84.7741935483871,0.49,-0.113,5,4.623802531291518,129
JAWA TENGAH,2016-06-01,1044.0,2016,34322400,24.013333333333332,27.17,21.486666666666668,111.1,84.53333333333333,0.0,-0.443,6,3.041745332494231,130
JAWA TENGAH,2016-07-01,901.0,2016,34322400,23.993548387096773,27.4741935483871,21.23225806451613,77.4,81.61290322580645,-0.31,-0.758,7,2.6251078013192553,131
JAWA TENGAH,2016-08-01,593.0,2016,34322400,24.53548387096774,28.438709677419357,21.17096774193548,43.8,74.51612903225806,-0.5,-0.444,8,1.7277346572500758,132
JAWA TENGAH,2016-09-01,348.0,2016,34322400,24.5,28.006666666666668,21.83,194.1,79.46666666666667,-0.58,-0.437,9,1.0139151108314104,133
JAWA TENGAH,2016-10-01,567.0,2016,34322400,23.864516129032257,26.94838709677419,21.725806451612904,333.5,86.09677419354838,-0.64,-0.372,10,1.6519823788546255,134
JAWA TENGAH,2016-11-01,458.0,2016,34322400,24.066666666666663,27.243333333333332,21.873333333333335,348.6,86.7,-0.6,-0.382,11,1.334405519427546,135
JAWA TENGAH,2016-12-01,426.0,2016,34322400,23.716129032258067,26.43548387096774,21.741935483870968,335.8,87.35483870967742,-0.45,-0.31,12,1.241171946017761,136
JAWA TENGAH,2017-01-01,1404.0,2017,34870800,24.403225806451612,27.05161290322581,22.509677419354837,432.6,86.29032258064517,-0.19,-0.086,1,4.026291338311711,137
JAWA TENGAH,2017-02-01,907.0,2017,34870800,24.071428571428573,26.896428571428572,22.11785714285714,366.0,87.46428571428571,-0.02,0.101,2,2.60103008821134,138
JAWA TENGAH,2017-03-01,773.0,2017,34870800,24.683870967741935,27.493548387096773,22.496774193548383,342.3,86.3225806451613,0.18,0.357,3,2.216754419170194,139
JAWA TENGAH,2017-04-01,662.0,2017,34870800,25.05666666666667,27.743333333333332,23.033333333333335,289.2,84.7,0.31,0.499,4,1.8984365142181998,140
JAWA TENGAH,2017-05-01,504.0,2017,34870800,25.61935483870968,29.15806451612903,22.958064516129035,136.4,78.29032258064517,0.4,0.536,5,1.4453353522144603,141
JAWA TENGAH,2017-06-01,481.0,2017,34870800,25.28666666666667,28.873333333333335,22.55,146.79999999999998,79.26666666666667,0.39,0.424,6,1.3793775881253083,142
JAWA TENGAH,2017-07-01,482.0,2017,34870800,25.348387096774193,30.032258064516128,22.006451612903227,51.3,72.03225806451613,0.19,0.52,7,1.3822453169987496,143
JAWA TENGAH,2017-08-01,464.0,2017,34870800,26.096774193548388,31.919354838709676,22.096774193548388,13.1,63.61290322580645,-0.07,0.349,8,1.3306261972768048,144
JAWA TENGAH,2017-09-01,363.0,2017,34870800,26.366666666666667,31.9,22.66,93.5,66.7,-0.34,0.034,9,1.0409855810592243,145
JAWA TENGAH,2017-10-01,417.0,2017,34870800,25.703225806451613,29.625806451612902,22.97741935483871,175.0,77.87096774193549,-0.6,0.016,10,1.1958429402250594,146
JAWA TENGAH,2017-11-01,424.0,2017,34870800,24.933333333333337,27.936666666666667,22.903333333333332,406.3,84.13333333333334,-0.77,0.289,11,1.215917042339149,147
JAWA TENGAH,2017-12-01,519.0,2017,34870800,24.625806451612902,27.6,22.345161290322583,398.3,85.06451612903226,-0.86,0.109,12,1.4883512853160812,148
JAWA TENGAH,2018-01-01,322.0,2018,35419200,24.432258064516127,27.345161290322583,22.387096774193548,308.8,84.90322580645162,-0.77,-0.2,1,0.9091114423815332,149
JAWA TENGAH,2018-02-01,246.0,2018,35419200,23.764285714285712,26.360714285714288,21.785714285714285,512.2,88.78571428571429,-0.71,0.215,2,0.6945385553598048,150
JAWA TENGAH,2018-03-01,253.0,2018,35419200,24.458064516129035,27.29032258064516,22.174193548387095,340.6,87.06451612903226,-0.57,-0.12,3,0.7143018475854903,151
JAWA TENGAH,2018-04-01,271.0,2018,35419200,25.236666666666668,28.413333333333338,22.88,185.0,83.0,-0.39,-0.083,4,0.7651217418801102,152
JAWA TENGAH,2018-05-01,200.0,2018,35419200,25.893548387096775,29.970967741935485,22.951612903225808,75.8,74.93548387096774,-0.13,0.122,5,0.564665492162443,153
JAWA TENGAH,2018-06-01,218.0,2018,35419200,25.783333333333335,30.43,22.44333333333333,63.4,72.43333333333334,0.06,0.155,6,0.6154853864570629,154
JAWA TENGAH,2018-07-01,300.0,2018,35419200,25.503225806451617,31.496774193548383,21.187096774193545,9.4,63.354838709677416,0.14,0.053,7,0.8469982382436645,155
JAWA TENGAH,2018-08-01,162.0,2018,35419200,25.541935483870965,31.65806451612903,21.14516129032258,10.0,60.0,0.27,0.122,8,0.4573790486515788,156
JAWA TENGAH,2018-09-01,160.0,2018,35419200,26.31,32.34,22.209999999999997,15.9,61.36666666666667,0.53,0.604,9,0.4517323937299544,157
JAWA TENGAH,2018-10-01,317.0,2018,35419200,26.906451612903226,32.18387096774194,22.9741935483871,35.7,65.12903225806451,0.81,0.685,10,0.8949948050774721,158
JAWA TENGAH,2018-11-01,305.0,2018,35419200,25.613333333333333,29.336666666666662,22.98,286.40000000000003,81.6,0.97,0.5,11,0.8611148755477255,159
JAWA TENGAH,2018-12-01,379.0,2018,35419200,24.883870967741935,27.893548387096775,22.683870967741935,377.1,86.83870967741936,0.92,0.309,12,1.0700411076478293,160
JAWA TENGAH,2019-01-01,1595.0,2019,35967600,24.393548387096775,27.116129032258065,22.432258064516127,647.5,89.74193548387096,0.89,0.387,1,4.43454664753834,161
JAWA TENGAH,2019-02-01,1510.0,2019,35967600,24.567857142857143,27.3,22.47142857142857,530.9,89.17857142857143,0.86,0.416,2,4.198222845004949,162
JAWA TENGAH,2019-03-01,1326.0,2019,35967600,24.580645161290324,27.41290322580645,22.52258064516129,524.0,88.51612903225806,0.84,0.224,3,3.686651319520902,163
JAWA TENGAH,2019-04-01,1429.0,2019,35967600,25.273333333333333,28.303333333333335,23.096666666666668,385.1,86.53333333333333,0.77,0.258,4,3.973020162590776,164
JAWA TENGAH,2019-05-01,1108.0,2019,35967600,25.780645161290323,29.41290322580645,22.83225806451613,94.5,78.45161290322581,0.64,0.539,5,3.080550273023499,165
JAWA TENGAH,2019-06-01,698.0,2019,35967600,25.73,30.926666666666662,21.756666666666668,36.5,68.0,0.52,0.605,6,1.940635460803612,166
JAWA TENGAH,2019-07-01,418.0,2019,35967600,25.63225806451613,31.225806451612904,21.451612903225808,34.7,63.96774193548387,0.33,0.597,7,1.1621570524583236,167
JAWA TENGAH,2019-08-01,213.0,2019,35967600,25.92258064516129,32.20322580645161,21.47741935483871,8.700000000000001,60.70967741935484,0.19,0.436,8,0.5921996463483802,168
JAWA TENGAH,2019-09-01,204.0,2019,35967600,26.673333333333336,33.45333333333333,22.116666666666667,7.9,60.0,0.23,0.893,9,0.5671771260801388,169
JAWA TENGAH,2019-10-01,193.0,2019,35967600,27.51290322580645,33.76774193548387,23.061290322580643,31.5,60.645161290322584,0.39,0.964,10,0.5365940457522882,170
JAWA TENGAH,2019-11-01,203.0,2019,35967600,26.59333333333333,31.546666666666667,23.013333333333332,182.4,73.06666666666666,0.58,0.835,11,0.5643968460503342,171
JAWA TENGAH,2019-12-01,227.0,2019,35967600,25.248387096774195,28.312903225806455,23.003225806451617,395.0,88.48387096774194,0.66,0.243,12,0.6311235667656446,172
JAWA TENGAH,2020-01-01,654.0,2020,36516000,24.783870967741933,27.61935483870968,22.59032258064516,648.5,88.83870967741936,0.64,0.173,1,1.7909957279000985,173
JAWA TENGAH,2020-02-01,967.0,2020,36516000,24.56206896551724,27.33103448275862,22.58620689655172,470.7,89.79310344827586,0.63,0.054,2,2.6481542337605433,174
JAWA TENGAH,2020-03-01,990.0,2020,36516000,24.967741935483872,27.97741935483871,22.783870967741933,460.6,88.7741935483871,0.53,0.019,3,2.711140322050608,175
JAWA TENGAH,2020-04-01,697.0,2020,36516000,25.333333333333332,28.366666666666667,23.040000000000003,270.9,86.53333333333333,0.3,-0.011,4,1.908752327746741,176
JAWA TENGAH,2020-05-01,708.0,2020,36516000,25.74516129032258,28.938709677419357,23.348387096774193,226.3,84.16129032258064,0.01,0.298,5,1.938876109102859,177
JAWA TENGAH,2020-06-01,484.0,2020,36516000,25.78,29.80666666666667,22.44,63.8,75.96666666666667,-0.23,0.454,6,1.3254463796691862,178
JAWA TENGAH,2020-07-01,324.0,2020,36516000,26.061290322580643,31.493548387096773,22.0258064516129,54.0,67.0,-0.36,0.32,7,0.8872822872165625,179
JAWA TENGAH,2020-08-01,223.0,2020,36516000,26.612903225806452,32.167741935483875,22.75483870967742,42.2,66.29032258064517,-0.53,-0.183,8,0.610691203855844,180
JAWA TENGAH,2020-10-01,135.0,2020,36516000,25.780645161290323,30.022580645161288,22.87741935483871,271.2,77.38709677419355,-1.12,0.074,10,0.3697009530069011,181
JAWA TENGAH,2020-11-01,186.0,2020,36516000,25.466666666666665,29.03666666666667,22.803333333333335,342.6,83.13333333333334,-1.2,0.02,11,0.5093657574761749,182
JAWA TENGAH,2020-12-01,167.0,2020,36516000,24.23870967741935,27.05483870967742,22.26451612903226,600.0,89.16129032258064,-1.08,0.03,12,0.45733377149742577,183
JAWA TENGAH,2021-01-01,224.0,2021,36772000,23.85483870967742,26.4741935483871,22.1,572.8,90.03225806451613,-0.91,0.051,1,0.6091591428260633,184
JAWA TENGAH,2021-02-01,220.0,2021,36772000,23.664285714285715,26.175,21.967857142857145,529.0,91.28571428571428,-0.79,0.243,2,0.5982813009898836,185
JAWA TENGAH,2021-03-01,355.0,2021,36772000,24.39032258064516,27.193548387096776,22.22258064516129,431.2,88.80645161290323,-0.71,0.266,3,0.9654084629609485,186
JAWA TENGAH,2021-04-01,370.0,2021,36772000,24.97,28.233333333333334,22.35,196.1,84.46666666666667,-0.55,0.25,4,1.0062003698466224,187
JAWA TENGAH,2021-05-01,411.0,2021,36772000,25.741935483870968,29.46451612903226,23.02258064516129,184.9,81.03225806451613,-0.39,0.009,5,1.1176982486674645,188
JAWA TENGAH,2021-06-01,196.0,2021,36772000,24.94333333333333,28.34333333333333,22.51,194.9,84.66666666666667,-0.3,-0.002,6,0.5330142499728054,189
JAWA TENGAH,2021-07-01,127.0,2021,36772000,25.961290322580645,30.970967741935485,22.09032258064516,19.5,67.74193548387096,-0.35,-0.228,7,0.3453714782987055,190
JAWA TENGAH,2021-08-01,175.0,2021,36772000,26.23548387096774,31.606451612903225,22.396774193548385,93.0,68.2258064516129,-0.45,-0.099,8,0.47590558033286195,191
JAWA TENGAH,2021-09-01,221.0,2021,36772000,26.1,31.209999999999997,22.56,119.9,71.53333333333333,-0.63,-0.058,9,0.6010007614489286,192
JAWA TENGAH,2021-10-01,338.0,2021,36772000,26.05483870967742,30.848387096774193,22.706451612903223,183.1,74.38709677419355,-0.76,-0.091,10,0.9191776351571849,193
JAWA TENGAH,2021-11-01,788.0,2021,36772000,24.626666666666665,27.68,22.47,497.3,87.43333333333334,-0.91,0.069,11,2.1429348417274015,194
JAWA TENGAH,2021-12-01,1043.0,2021,36772000,24.5258064516129,27.651612903225807,22.23225806451613,507.3,88.2258064516129,-0.87,-0.12,12,2.8363972587838573,195
JAWA TENGAH,2022-01-01,1880.0,2022,37028000,24.135483870967743,27.080645161290324,21.806451612903224,399.9,86.6774193548387,-0.82,-0.056,1,5.077238846278492,196
JAWA TENGAH,2022-02-01,924.0,2022,37028000,24.25714285714286,27.175,22.125,325.4,86.78571428571429,-0.79,-0.083,2,2.495408879766663,197
JAWA TENGAH,2022-03-01,926.0,2022,37028000,24.629032258064516,27.72258064516129,22.34193548387097,530.0,87.64516129032258,-0.86,-0.093,3,2.500810197688236,198
JAWA TENGAH,2022-04-01,1190.0,2022,37028000,24.95,28.18,22.540000000000003,327.8,84.26666666666667,-0.95,-0.068,4,3.213784163335854,199
JAWA TENGAH,2022-05-01,1134.0,2022,37028000,25.18064516129032,28.361290322580647,22.851612903225806,219.0,84.25806451612904,-0.9,-0.122,5,3.062547261531814,200
JAWA TENGAH,2022-06-01,848.0,2022,37028000,24.64,28.133333333333333,21.853333333333335,206.5,82.26666666666667,-0.78,-0.335,6,2.2901587987468943,201
JAWA TENGAH,2022-07-01,1220.0,2022,37028000,25.061290322580643,29.506451612903227,21.683870967741935,95.9,76.51612903225806,-0.76,-0.195,7,3.294803932159447,202
JAWA TENGAH,2022-08-01,902.0,2022,37028000,25.60967741935484,30.69677419354839,22.01290322580645,102.3,72.19354838709677,-0.87,-0.246,8,2.4359943826293615,203
JAWA TENGAH,2022-09-01,764.0,2022,37028000,25.956666666666667,31.066666666666663,22.376666666666665,159.6,72.83333333333333,-0.97,-0.322,9,2.063303446040834,204
JAWA TENGAH,2022-10-01,869.0,2022,37028000,24.503225806451617,28.15806451612903,22.05806451612903,512.2,84.54838709677419,-0.94,-0.691,10,2.3468726369234094,205
JAWA TENGAH,2022-11-01,870.0,2022,37028000,24.486666666666668,27.613333333333333,22.186666666666667,602.1,87.06666666666666,-0.85,-0.269,11,2.3495732958841957,206
JAWA TENGAH,2022-12-01,949.0,2022,37028000,24.345161290322583,27.370967741935484,22.009677419354837,411.6,85.93548387096774,-0.71,-0.092,12,2.5629253537863237,207
JAWA TENGAH,2023-01-01,1159.0,2023,37284000,24.106451612903225,27.135483870967743,21.703225806451613,419.4,86.87096774193549,-0.54,0.109,1,3.108572041626435,208
JAWA TENGAH,2023-02-01,804.0,2023,37284000,23.821428571428573,26.610714285714288,21.8,423.2,88.21428571428571,-0.29,0.157,2,2.156420984872868,209
JAWA TENGAH,2023-03-01,717.0,2023,37284000,24.516129032258064,27.67096774193548,22.032258064516128,423.4,86.25806451612904,-0.02,0.415,3,1.9230769230769231,210
JAWA TENGAH,2023-04-01,671.0,2023,37284000,24.95,28.16,22.413333333333338,386.1,84.63333333333334,0.27,0.56,4,1.7996996030468835,211
JAWA TENGAH,2023-05-01,692.0,2023,37284000,25.641935483870967,29.616129032258065,22.383870967741935,99.6,77.03225806451613,0.57,0.443,5,1.8560240317562493,212
JAWA TENGAH,2023-06-01,570.0,2023,37284000,25.99,30.873333333333335,22.39333333333333,70.2,73.76666666666667,0.84,0.665,6,1.5288059221113615,213
JAWA TENGAH,2023-07-01,444.0,2023,37284000,25.629032258064516,30.86774193548387,21.54516129032258,60.5,69.35483870967742,1.12,0.498,7,1.1908593498551658,214
JAWA TENGAH,2023-08-01,349.0,2023,37284000,26.396774193548385,32.696774193548386,21.677419354838708,7.2,62.58064516129032,1.37,0.825,8,0.9360583628366055,215
JAWA TENGAH,2023-09-01,278.0,2023,37284000,26.986666666666668,33.733333333333334,22.023333333333333,15.1,57.03333333333333,1.6,0.946,9,0.7456281514858921,216
JAWA TENGAH,2023-10-01,286.0,2023,37284000,27.98064516129032,34.0516129032258,23.654838709677417,36.3,63.12903225806452,1.83,0.804,10,0.7670850767085077,217
JAWA TENGAH,2023-11-01,285.0,2023,37284000,26.533333333333335,31.06,23.35666666666667,233.5,78.26666666666667,1.99,0.92,11,0.7644029610556807,218
JAWA TENGAH,2023-12-01,404.0,2023,37284000,25.87741935483871,29.57741935483871,22.851612903225806,281.8,80.83870967741936,2.06,0.851,12,1.0835747237420879,219
JAWA TENGAH,2024-01-01,1293.0,2024,37540000,25.083870967741937,28.280645161290323,22.76451612903226,427.0,87.90322580645162,1.92,0.765,1,3.444326052210975,220
JAWA TENGAH,2024-02-01,1426.0,2024,37540000,25.151724137931033,28.106896551724137,22.879310344827587,553.7,88.24137931034483,1.62,0.328,2,3.7986148108684072,221
JAWA TENGAH,2024-03-01,1728.0,2024,37540000,25.322580645161292,28.574193548387097,22.970967741935485,407.1,87.0,1.26,0.421,3,4.603090037293554,222
JAWA TENGAH,2024-04-01,2219.0,2024,37540000,25.926666666666662,29.423333333333336,23.483333333333334,371.3,86.66666666666667,0.82,0.44,4,5.911028236547683,223
JAWA TENGAH,2024-05-01,2093.0,2024,37540000,26.916129032258063,31.364516129032257,23.483870967741936,51.0,75.25806451612904,0.49,0.297,5,5.575386254661694,224
JAWA TENGAH,2024-06-01,1752.0,2024,37540000,26.05666666666667,30.676666666666662,22.66,88.7,77.5,0.22,0.197,6,4.667021843367075,225
JAWA TENGAH,2024-07-01,1526.0,2024,37540000,25.796774193548387,31.193548387096776,21.603225806451615,53.5,69.80645161290323,0.08,0.033,7,4.064997336174747,226
JAWA TIMUR,2004-01-01,1573.0,2004,36800000,25.693548387096776,29.81935483870968,22.967741935483872,464.9,89.06451612903226,0.37,0.044,1,4.274456521739131,0
JAWA TIMUR,2004-02-01,1786.0,2004,36800000,25.48965517241379,29.551724137931036,22.91379310344828,440.2,89.20689655172414,0.31,0.114,2,4.853260869565218,1
JAWA TIMUR,2004-03-01,3139.0,2004,36800000,25.703225806451613,29.906451612903226,22.98064516129032,514.7,90.38709677419357,0.23,0.077,3,8.529891304347826,2
JAWA TIMUR,2004-04-01,516.0,2004,36800000,26.676666666666662,31.413333333333338,22.526666666666664,91.8,82.13333333333334,0.17,-0.08,4,1.4021739130434783,3
JAWA TIMUR,2004-05-01,38.0,2004,36800000,26.54516129032258,31.17096774193548,22.94516129032258,149.4,83.83870967741936,0.17,-0.565,5,0.10326086956521739,4
JAWA TIMUR,2005-01-01,809.0,2005,36800000,25.91290322580645,30.212903225806453,22.95483870967742,374.7,87.51612903225806,0.64,-0.124,1,2.198369565217391,5
JAWA TIMUR,2005-02-01,1282.0,2005,36800000,25.87142857142857,30.35,22.814285714285713,370.2,88.78571428571429,0.58,-0.56,2,3.483695652173913,6
JAWA TIMUR,2005-03-01,1225.0,2005,36800000,25.73225806451613,30.12258064516129,22.725806451612904,528.7,89.48387096774194,0.45,-0.432,3,3.328804347826087,7
JAWA TIMUR,2005-04-01,902.0,2005,36800000,25.866666666666667,30.4,22.28666666666667,266.4,86.03333333333333,0.43,0.084,4,2.4510869565217392,8
JAWA TIMUR,2005-05-01,932.0,2005,36800000,26.54516129032258,31.654838709677417,21.812903225806455,31.5,76.70967741935483,0.29,-0.033,5,2.532608695652174,9
JAWA TIMUR,2005-06-01,647.0,2005,36800000,26.296666666666667,31.03,22.2,63.2,80.46666666666667,0.11,-0.176,6,1.7581521739130435,10
JAWA TIMUR,2005-07-01,619.0,2005,36800000,26.40967741935484,31.81935483870968,21.48709677419355,21.2,73.06451612903226,-0.06,-0.384,7,1.6820652173913044,11
JAWA TIMUR,2005-08-01,1151.0,2005,36800000,26.780645161290323,32.47096774193548,21.345161290322583,27.8,70.48387096774194,-0.14,-0.345,8,3.1277173913043477,12
JAWA TIMUR,2005-09-01,967.0,2005,36800000,28.07,33.93666666666667,22.746666666666663,20.5,67.06666666666666,-0.11,-0.534,9,2.6277173913043477,13
JAWA TIMUR,2005-10-01,1056.0,2005,36800000,27.483870967741936,32.83870967741935,23.074193548387097,205.2,76.03225806451613,-0.29,-0.436,10,2.869565217391304,14
JAWA TIMUR,2005-11-01,1862.0,2005,36800000,27.32,31.94,23.459999999999997,203.7,79.13333333333334,-0.57,-0.272,11,5.059782608695652,15
JAWA TIMUR,2005-12-01,870.0,2005,36800000,25.183870967741935,29.203225806451613,22.570967741935487,467.6,91.58064516129032,-0.84,-0.3,12,2.364130434782609,16
JAWA TIMUR,2006-01-01,5778.0,2006,36953000,25.200000000000003,29.30322580645161,22.80967741935484,479.4,90.29032258064515,-0.85,-0.135,1,15.636078261575515,17
JAWA TIMUR,2006-02-01,4404.0,2006,36953000,25.485714285714288,29.775,22.7,671.1,90.82142857142856,-0.77,-0.305,2,11.917841582550809,18
JAWA TIMUR,2006-03-01,3106.0,2006,36953000,25.53548387096774,29.73870967741935,22.55161290322581,488.8,89.64516129032258,-0.57,-0.226,3,8.4052715611723,19
JAWA TIMUR,2006-04-01,2127.0,2006,36953000,25.626666666666665,29.95,22.526666666666664,339.9,88.93333333333334,-0.37,-0.015,4,5.755960273861391,20
JAWA TIMUR,2007-01-01,2648.0,2007,37106000,26.94193548387097,31.70967741935484,23.287096774193547,265.0,81.45161290322581,0.66,0.224,1,7.136312186708349,21
JAWA TIMUR,2007-02-01,4326.0,2007,37106000,25.335714285714285,29.478571428571428,22.74285714285714,515.9,90.75,0.22,0.15,2,11.658491888104349,22
JAWA TIMUR,2007-03-01,3853.0,2007,37106000,25.51935483870968,29.596774193548388,22.838709677419356,502.2,89.96774193548387,-0.12,0.116,3,10.383765428771627,23
JAWA TIMUR,2007-04-01,2654.0,2007,37106000,25.573333333333338,29.83,22.57,316.5,89.5,-0.32,0.1,4,7.152482078370075,24
JAWA TIMUR,2007-05-01,2714.0,2007,37106000,26.26451612903226,30.938709677419357,22.26774193548387,71.2,81.6774193548387,-0.38,0.27,5,7.314180994987334,25
JAWA TIMUR,2007-06-01,1971.0,2007,37106000,26.146666666666665,30.846666666666668,21.89333333333333,82.3,81.1,-0.47,0.03,6,5.311809410876947,26
JAWA TIMUR,2007-07-01,1424.0,2007,37106000,26.23870967741935,31.429032258064513,21.296774193548387,11.0,73.87096774193549,-0.56,0.045,7,3.8376542877162723,27
JAWA TIMUR,2007-08-01,1041.0,2007,37106000,26.787096774193547,32.71935483870968,21.048387096774192,13.0,67.38709677419355,-0.81,0.236,8,2.805476203309438,28
JAWA TIMUR,2007-09-01,804.0,2007,37106000,27.82,34.53333333333333,21.526666666666664,5.5,61.2,-1.07,0.235,9,2.166765482671266,29
JAWA TIMUR,2007-10-01,794.0,2007,37106000,28.51935483870968,34.54838709677419,23.154838709677417,50.8,66.12903225806451,-1.34,0.068,10,2.1398156632350562,30
JAWA TIMUR,2007-11-01,1516.0,2007,37106000,27.09333333333333,32.11666666666667,23.196666666666665,225.4,79.6,-1.5,-0.023,11,4.085592626529403,31
JAWA TIMUR,2007-12-01,2205.0,2007,37106000,25.72258064516129,30.003225806451617,23.06451612903226,451.1,88.96774193548387,-1.6,-0.227,12,5.942435185684256,32
JAWA TIMUR,2008-01-01,4082.0,2008,37259000,25.73870967741935,30.129032258064516,22.783870967741933,463.8,87.7741935483871,-1.64,0.115,1,10.955742236775007,33
JAWA TIMUR,2008-02-01,3189.0,2008,37259000,24.855172413793102,28.579310344827583,22.648275862068964,580.0,90.44827586206895,-1.52,-0.072,2,8.559005877774498,34
JAWA TIMUR,2008-03-01,2128.0,2008,37259000,25.041935483870965,29.299999999999997,22.04516129032258,569.1,91.0,-1.29,0.097,3,5.711371749107598,35
JAWA TIMUR,2008-04-01,1785.0,2008,37259000,25.53,29.98,21.933333333333337,193.3,86.4,-1.01,-0.153,4,4.790788802705387,36
JAWA TIMUR,2008-05-01,1428.0,2008,37259000,25.80322580645161,31.1,21.09032258064516,71.9,79.45161290322581,-0.84,0.178,5,3.8326310421643095,37
JAWA TIMUR,2008-06-01,769.0,2008,37259000,25.94333333333333,31.38,20.99,37.5,76.9,-0.61,0.215,6,2.0639308623419845,38
JAWA TIMUR,2008-07-01,489.0,2008,37259000,26.070967741935487,32.196774193548386,20.048387096774192,0.5,68.45161290322581,-0.37,0.246,7,1.312434579564669,39
JAWA TIMUR,2008-08-01,338.0,2008,37259000,27.02258064516129,32.8,21.596774193548388,19.2,68.29032258064517,-0.23,0.124,8,0.9071633699240452,40
JAWA TIMUR,2008-09-01,366.0,2008,37259000,28.153333333333332,34.723333333333336,22.040000000000003,8.4,62.266666666666666,-0.24,0.086,9,0.9823129982017768,41
JAWA TIMUR,2008-10-01,533.0,2008,37259000,28.26774193548387,34.04516129032258,23.296774193548387,99.9,70.54838709677419,-0.35,0.029,10,1.4305268525725328,42
JAWA TIMUR,2008-11-01,919.0,2008,37259000,26.35,30.796666666666667,23.07,266.2,86.2,-0.55,-0.128,11,2.466518156686975,43
JAWA TIMUR,2008-12-01,1284.0,2008,37259000,26.009677419354837,30.461290322580645,22.98709677419355,416.6,87.41935483870968,-0.73,-0.053,12,3.4461472395931185,44
JAWA TIMUR,2009-01-01,2486.0,2009,37412000,25.483870967741936,29.561290322580643,22.906451612903226,487.7,89.45161290322581,-0.85,0.031,1,6.644926761466909,45
JAWA TIMUR,2009-02-01,1987.0,2009,37412000,25.15357142857143,29.178571428571427,22.735714285714288,630.1,90.67857142857144,-0.79,0.163,2,5.3111301186784985,46
JAWA TIMUR,2009-03-01,1904.0,2009,37412000,25.76451612903226,30.200000000000003,22.27741935483871,370.6,88.12903225806451,-0.61,0.1,3,5.089276168074415,47
JAWA TIMUR,2009-04-01,1868.0,2009,37412000,26.283333333333335,30.873333333333335,22.406666666666663,186.3,84.43333333333334,-0.33,0.126,4,4.993050358173848,48
JAWA TIMUR,2009-05-01,1596.0,2009,37412000,25.958064516129035,30.493548387096773,22.370967741935484,214.6,86.35483870967742,0.01,0.256,5,4.266010905591789,49
JAWA TIMUR,2009-06-01,1478.0,2009,37412000,26.076666666666664,31.05666666666667,21.44,34.2,79.0,0.28,0.1,6,3.9506040842510424,50
JAWA TIMUR,2009-07-01,1469.0,2009,37412000,26.248387096774195,32.122580645161285,20.716129032258067,22.1,72.29032258064517,0.45,-0.192,7,3.9265476317759007,51
JAWA TIMUR,2009-08-01,1021.0,2009,37412000,27.04516129032258,32.76451612903226,21.364516129032257,12.9,69.74193548387096,0.58,-0.104,8,2.729070886346627,52
JAWA TIMUR,2009-09-01,719.0,2009,37412000,28.34333333333333,34.42666666666666,22.676666666666662,6.9,64.9,0.71,-0.103,9,1.9218432588474286,53
JAWA TIMUR,2009-10-01,823.0,2009,37412000,28.312903225806455,34.13870967741936,23.251612903225805,62.1,70.03225806451613,1.01,-0.013,10,2.19982893189351,54
JAWA TIMUR,2009-11-01,1146.0,2009,37412000,27.92,33.233333333333334,23.59,318.6,75.8,1.36,-0.067,11,3.0631882818347056,55
JAWA TIMUR,2009-12-01,2134.0,2009,37412000,27.083870967741937,31.48064516129032,23.80967741935484,318.8,83.70967741935483,1.56,0.16,12,5.704052175772479,56
JAWA TIMUR,2010-01-01,5601.0,2010,37565000,25.45483870967742,29.70967741935484,22.94516129032258,641.6,90.74193548387096,1.5,0.294,1,14.910155730067883,57
JAWA TIMUR,2010-02-01,5253.0,2010,37565000,25.853571428571428,30.02857142857143,23.125,667.1,91.28571428571428,1.22,0.023,2,13.983761480101158,58
JAWA TIMUR,2010-03-01,4028.0,2010,37565000,25.86774193548387,30.074193548387097,22.883870967741935,516.8,90.64516129032258,0.84,0.458,3,10.722747238120592,59
JAWA TIMUR,2010-04-01,2476.0,2010,37565000,25.90666666666667,29.903333333333332,23.313333333333333,520.3,91.96666666666668,0.35,0.37,4,6.591241847464395,60
JAWA TIMUR,2010-05-01,2173.0,2010,37565000,26.080645161290324,30.02258064516129,23.316129032258065,331.0,90.41935483870968,-0.17,-0.03,5,5.784639957407161,61
JAWA TIMUR,2010-06-01,1701.0,2010,37565000,25.81,30.15666666666667,22.436666666666667,110.0,86.7,-0.66,-0.14,6,4.52815120457873,62
JAWA TIMUR,2010-07-01,1230.0,2010,37565000,26.05161290322581,30.635483870967743,22.14516129032258,86.0,82.74193548387096,-1.05,-0.001,7,3.2743245041927325,63
JAWA TIMUR,2010-08-01,778.0,2010,37565000,26.493548387096773,31.26129032258065,22.4741935483871,113.0,80.80645161290323,-1.35,-0.062,8,2.071076800212964,64
JAWA TIMUR,2010-09-01,465.0,2010,37565000,26.09,30.666666666666668,22.566666666666663,225.0,85.2,-1.56,-0.268,9,1.2378543857313988,65
JAWA TIMUR,2010-10-01,803.0,2010,37565000,26.22258064516129,30.677419354838708,22.874193548387098,349.5,85.2258064516129,-1.64,-0.437,10,2.1376281112737923,66
JAWA TIMUR,2010-11-01,857.0,2010,37565000,25.84333333333333,30.166666666666668,22.64,338.8,88.1,-1.64,-0.495,11,2.2813789431651803,67
JAWA TIMUR,2010-12-01,655.0,2010,37565000,25.393548387096775,29.603225806451615,22.65806451612903,540.1,90.4516129032258,-1.54,-0.212,12,1.7436443497936909,68
JAWA TIMUR,2011-01-01,1035.0,2011,37821400,24.92258064516129,28.825806451612905,22.506451612903227,472.0,90.41935483870968,-1.31,0.192,1,2.736545976616413,69
JAWA TIMUR,2011-02-01,682.0,2011,37821400,25.307142857142857,29.542857142857144,22.553571428571427,413.2,89.21428571428571,-1.04,0.242,2,1.803211938214873,70
JAWA TIMUR,2011-03-01,593.0,2011,37821400,25.470967741935485,29.68064516129032,22.567741935483873,529.0,89.87096774193549,-0.8,0.367,3,1.5678954242836067,71
JAWA TIMUR,2011-05-01,486.0,2011,37821400,25.74516129032258,30.048387096774192,22.31935483870968,204.1,86.87096774193549,-0.46,-0.089,5,1.2849868064111851,72
JAWA TIMUR,2011-06-01,337.0,2011,37821400,26.046666666666667,30.986666666666668,21.53,44.0,77.46666666666667,-0.37,0.055,6,0.8910299460094021,73
JAWA TIMUR,2011-07-01,308.0,2011,37821400,25.787096774193547,31.219354838709677,20.59032258064516,20.8,75.3225806451613,-0.43,0.223,7,0.8143537785486523,74
JAWA TIMUR,2011-08-01,197.0,2011,37821400,26.567741935483873,32.62903225806452,20.683870967741935,1.0,67.6774193548387,-0.58,0.344,8,0.5208691375781964,75
JAWA TIMUR,2011-09-01,196.0,2011,37821400,27.583333333333332,33.65,21.993333333333332,26.3,66.83333333333333,-0.79,0.202,9,0.5182251318036879,76
JAWA TIMUR,2011-10-01,220.0,2011,37821400,28.42258064516129,34.15161290322581,23.19032258064516,31.5,68.0,-0.96,0.356,10,0.5816812703918945,77
JAWA TIMUR,2011-11-01,342.0,2011,37821400,26.263333333333332,30.76,23.163333333333338,456.4,86.96666666666667,-1.02,0.336,11,0.9042499748819451,78
JAWA TIMUR,2011-12-01,469.0,2011,37821400,26.22258064516129,30.719354838709677,23.296774193548387,457.9,88.38709677419355,-0.92,-0.128,12,1.2400387082445388,79
JAWA TIMUR,2012-01-01,1008.0,2012,38077800,25.183870967741935,28.72258064516129,22.89032258064516,541.6,91.06451612903226,-0.72,0.046,1,2.647211761183682,80
JAWA TIMUR,2012-02-01,756.0,2012,38077800,25.351724137931036,29.54827586206897,22.279310344827586,383.4,89.86206896551724,-0.57,-0.078,2,1.9854088208877614,81
JAWA TIMUR,2012-03-01,703.0,2012,38077800,25.416129032258063,29.53548387096774,22.661290322580644,405.5,89.09677419354838,-0.46,0.026,3,1.8462201072540956,82
JAWA TIMUR,2012-04-01,646.0,2012,38077800,25.966666666666665,30.263333333333332,22.363333333333333,199.1,85.53333333333333,-0.36,-0.271,4,1.696526585044304,83
JAWA TIMUR,2012-05-01,745.0,2012,38077800,25.961290322580645,30.4741935483871,22.103225806451615,137.8,83.96774193548387,-0.17,-0.37,5,1.9565205973034157,84
JAWA TIMUR,2012-06-01,499.0,2012,38077800,25.416666666666668,30.34,21.016666666666666,53.3,80.5,0.06,0.001,6,1.3104748698716837,85
JAWA TIMUR,2012-07-01,437.0,2012,38077800,25.73225806451613,31.32903225806452,20.361290322580647,14.7,74.2258064516129,0.3,0.546,7,1.147650336941735,86
JAWA TIMUR,2012-08-01,341.0,2012,38077800,26.47741935483871,32.82258064516129,20.23548387096774,0.3,65.80645161290323,0.41,0.652,8,0.8955349311147177,87
JAWA TIMUR,2012-09-01,369.0,2012,38077800,27.80666666666667,34.25,21.456666666666667,1.3,62.1,0.41,0.453,9,0.9690685911475978,88
JAWA TIMUR,2012-10-01,642.0,2012,38077800,28.729032258064517,34.65806451612904,23.164516129032258,26.700000000000003,66.35483870967742,0.31,0.11,10,1.6860217764681784,89
JAWA TIMUR,2012-11-01,841.0,2012,38077800,27.663333333333338,32.516666666666666,23.936666666666667,204.8,79.33333333333333,0.13,-0.1,11,2.208636003130433,90
JAWA TIMUR,2012-12-01,1190.0,2012,38077800,25.629032258064516,29.76774193548387,22.858064516129033,520.5,90.38709677419357,-0.1,0.268,12,3.1251805513974023,91
JAWA TIMUR,2013-01-01,3264.0,2013,38334200,25.438709677419357,29.364516129032257,23.141935483870967,688.1,91.38709677419357,-0.29,-0.065,1,8.514590104919368,92
JAWA TIMUR,2013-02-01,2550.0,2013,38334200,25.59642857142857,29.625,22.88214285714286,384.1,89.60714285714286,-0.29,0.189,2,6.652023519468256,93
JAWA TIMUR,2013-03-01,2124.0,2013,38334200,25.83225806451613,30.270967741935483,22.748387096774195,533.5,89.51612903225806,-0.21,0.083,3,5.5407442962159115,94
JAWA TIMUR,2013-04-01,1787.0,2013,38334200,25.936666666666667,29.93,22.883333333333333,318.8,88.5,-0.19,-0.297,4,4.661633736976381,95
JAWA TIMUR,2013-05-01,1333.0,2013,38334200,25.92258064516129,30.096774193548388,22.76451612903226,211.7,87.45161290322581,-0.27,-0.506,5,3.477312686843602,96
JAWA TIMUR,2013-06-01,951.0,2013,38334200,25.313333333333333,29.19,22.446666666666665,202.8,90.16666666666669,-0.34,-0.497,6,2.480813477260514,97
JAWA TIMUR,2013-07-01,781.0,2013,38334200,25.096774193548388,29.654838709677417,21.135483870967743,105.1,84.12903225806451,-0.35,-0.18,7,2.0373452426292973,98
JAWA TIMUR,2013-08-01,521.0,2013,38334200,26.12258064516129,32.041935483870965,20.419354838709676,3.5999999999999996,71.09677419354838,-0.28,-0.194,8,1.3590997073109652,99
JAWA TIMUR,2013-09-01,397.0,2013,38334200,27.959999999999997,34.230000000000004,21.80666666666667,2.8,63.86666666666667,-0.21,-0.31,9,1.0356287596976068,100
JAWA TIMUR,2013-10-01,357.0,2013,38334200,28.806451612903224,34.854838709677416,23.45483870967742,33.6,65.54838709677419,-0.13,-0.168,10,0.9312832927255558,101
JAWA TIMUR,2013-11-01,407.0,2013,38334200,27.113333333333333,32.13666666666667,23.423333333333336,255.3,80.16666666666667,-0.1,0.199,11,1.0617151264406195,102
JAWA TIMUR,2013-12-01,423.0,2013,38334200,25.55483870967742,29.48064516129032,22.919354838709676,618.2,89.83870967741936,-0.15,0.141,12,1.10345331322944,103
JAWA TIMUR,2014-01-01,980.0,2014,38590600,24.938709677419357,28.774193548387096,22.674193548387095,549.4,90.70967741935485,-0.28,-0.101,1,2.539478525858629,104
JAWA TIMUR,2014-02-01,918.0,2014,38590600,25.314285714285713,29.510714285714283,22.571428571428573,419.9,89.14285714285714,-0.32,-0.089,2,2.378817639528797,105
JAWA TIMUR,2014-03-01,881.0,2014,38590600,25.770967741935483,30.09032258064516,22.419354838709676,379.7,87.90322580645162,-0.14,-0.151,3,2.2829393686545427,106
JAWA TIMUR,2014-04-01,837.0,2014,38590600,25.993333333333332,30.433333333333337,22.716666666666665,331.4,88.4,0.15,-0.058,4,2.1689219654527268,107
JAWA TIMUR,2014-05-01,855.0,2014,38590600,26.65806451612903,31.18064516129032,22.88064516129032,68.3,82.93548387096774,0.31,-0.092,5,2.2155654485807426,108
JAWA TIMUR,2014-06-01,784.0,2014,38590600,26.9,31.663333333333338,22.803333333333335,54.0,79.46666666666667,0.23,-0.028,6,2.031582820686903,109
JAWA TIMUR,2014-07-01,569.0,2014,38590600,26.509677419354837,31.30322580645161,22.19677419354839,60.5,76.74193548387096,0.1,-0.363,7,1.4744523277689385,110
JAWA TIMUR,2014-08-01,640.0,2014,38590600,26.89032258064516,32.593548387096774,21.364516129032257,6.8,69.06451612903226,0.11,-0.372,8,1.658434955662778,111
JAWA TIMUR,2014-09-01,551.0,2014,38590600,27.76,34.6,21.103333333333335,1.5,59.266666666666666,0.28,-0.145,9,1.427808844640923,112
JAWA TIMUR,2014-10-01,600.0,2014,38590600,29.23870967741935,35.89354838709678,22.758064516129032,5.7,57.67741935483871,0.54,0.141,10,1.5547827709338544,113
JAWA TIMUR,2014-11-01,735.0,2014,38590600,27.97,33.3,23.8,277.1,76.16666666666667,0.71,0.01,11,1.9046088943939716,114
JAWA TIMUR,2014-12-01,923.0,2014,38590600,25.693548387096776,29.870967741935484,23.129032258064516,619.4,91.16129032258064,0.77,0.046,12,2.3917741626199125,115
JAWA TIMUR,2015-01-01,4584.0,2015,38847000,25.68064516129032,29.812903225806455,23.04193548387097,367.8,88.74193548387096,0.69,-0.1,1,11.800139006873117,116
JAWA TIMUR,2015-02-01,4379.0,2015,38847000,25.314285714285713,29.59642857142857,22.442857142857143,499.7,90.14285714285714,0.61,-0.345,2,11.272427729296986,117
JAWA TIMUR,2015-03-01,2645.0,2015,38847000,25.516129032258064,29.751612903225805,22.580645161290324,499.4,90.03225806451613,0.65,-0.241,3,6.808762581409118,118
JAWA TIMUR,2015-04-01,1941.0,2015,38847000,25.563333333333333,29.763333333333332,22.686666666666667,365.5,90.16666666666669,0.81,-0.008,4,4.99652482817206,119
JAWA TIMUR,2015-05-01,1508.0,2015,38847000,25.91290322580645,30.76774193548387,21.458064516129035,83.3,81.29032258064517,1.02,0.24,5,3.8818956418771076,120
JAWA TIMUR,2015-06-01,1194.0,2015,38847000,26.586666666666662,32.10333333333333,21.37,14.1,73.73333333333333,1.25,0.296,6,3.073596416711715,121
JAWA TIMUR,2015-07-01,738.0,2015,38847000,26.57741935483871,32.21290322580645,21.08709677419355,0.9,69.51612903225806,1.57,0.225,7,1.8997605992740751,122
JAWA TIMUR,2015-08-01,607.0,2015,38847000,27.074193548387097,33.21612903225807,21.212903225806453,0.7,66.2258064516129,1.91,0.567,8,1.5625402218961568,123
JAWA TIMUR,2015-09-01,442.0,2015,38847000,28.053333333333335,34.86,21.44333333333333,3.4,59.63333333333333,2.21,0.294,9,1.1377969984812213,124
JAWA TIMUR,2015-10-01,554.0,2015,38847000,29.016129032258064,35.7,22.248387096774195,8.799999999999999,58.38709677419355,2.47,0.483,10,1.4261075501325713,125
JAWA TIMUR,2015-11-01,806.0,2015,38847000,28.743333333333332,34.22666666666667,24.333333333333332,153.6,72.66666666666667,2.64,0.347,11,2.0748062913481093,126
JAWA TIMUR,2015-12-01,740.0,2015,38847000,26.37741935483871,30.816129032258065,23.67096774193548,441.0,88.38709677419355,2.75,0.272,12,1.904909001982135,127
JAWA TIMUR,2016-01-01,3590.0,2016,39210600,26.51290322580645,30.758064516129032,23.53548387096774,361.1,87.45161290322581,2.63,0.266,1,9.155687492667798,128
JAWA TIMUR,2016-03-01,3370.0,2016,39210600,26.496774193548383,30.635483870967743,23.70967741935484,421.5,89.64516129032258,1.71,-0.009,3,8.594614721529382,129
JAWA TIMUR,2016-04-01,2578.0,2016,39210600,26.46333333333333,30.523333333333333,23.436666666666667,212.1,87.76666666666667,1.05,0.146,4,6.574752745431082,130
JAWA TIMUR,2016-05-01,2278.0,2016,39210600,26.993548387096773,31.299999999999997,23.635483870967743,149.3,85.09677419354838,0.49,-0.113,5,5.809653512060514,131
JAWA TIMUR,2016-06-01,1523.0,2016,39210600,26.133333333333333,30.45,22.61,124.7,85.43333333333334,0.0,-0.443,6,3.8841537747445845,132
JAWA TIMUR,2016-07-01,1346.0,2016,39210600,26.10967741935484,30.55806451612903,22.26451612903226,64.7,82.96774193548387,-0.31,-0.758,7,3.4327452270559493,133
JAWA TIMUR,2016-08-01,1265.0,2016,39210600,26.75483870967742,31.72258064516129,22.177419354838708,41.5,76.80645161290323,-0.5,-0.444,8,3.2261684340458956,134
JAWA TIMUR,2016-09-01,1146.0,2016,39210600,27.16,32.22666666666667,23.243333333333332,191.0,78.86666666666666,-0.58,-0.437,9,2.9226790714755704,135
JAWA TIMUR,2016-10-01,1115.0,2016,39210600,26.296774193548387,30.570967741935487,22.993548387096773,340.8,86.54838709677419,-0.64,-0.372,10,2.843618817360612,136
JAWA TIMUR,2016-11-01,1251.0,2016,39210600,26.39,30.653333333333332,23.276666666666664,415.6,88.06666666666666,-0.6,-0.382,11,3.1904638031552692,137
JAWA TIMUR,2016-12-01,1135.0,2016,39210600,26.19032258064516,30.380645161290325,23.348387096774193,383.8,88.2258064516129,-0.45,-0.31,12,2.8946254329186494,138
JAWA TIMUR,2017-01-01,1682.0,2017,39574200,26.51935483870968,30.951612903225808,24.161290322580644,394.4,86.41935483870968,-0.19,-0.086,1,4.25024384573788,139
JAWA TIMUR,2017-02-01,1187.0,2017,39574200,26.17142857142857,30.196428571428573,23.72142857142857,320.2,86.28571428571429,-0.02,0.101,2,2.999428920862582,140
JAWA TIMUR,2017-03-01,924.0,2017,39574200,26.774193548387096,31.05161290322581,24.30322580645161,319.8,86.35483870967742,0.18,0.357,3,2.334854526433889,141
JAWA TIMUR,2017-04-01,681.0,2017,39574200,26.9,31.35,24.39,268.5,86.83333333333333,0.31,0.499,4,1.7208181087678336,142
JAWA TIMUR,2017-05-01,504.0,2017,39574200,27.55483870967742,32.354838709677416,24.219354838709677,88.3,79.2258064516129,0.4,0.536,5,1.2735570144184847,143
JAWA TIMUR,2017-06-01,384.0,2017,39574200,27.13,31.913333333333338,23.75,74.1,77.33333333333333,0.39,0.424,6,0.9703291538426551,144
JAWA TIMUR,2017-07-01,317.0,2017,39574200,27.748387096774195,33.23225806451613,23.48064516129032,31.9,68.54838709677419,0.19,0.52,7,0.8010269316878168,145
JAWA TIMUR,2017-08-01,334.0,2017,39574200,28.529032258064515,35.49677419354839,23.23225806451613,0.3,59.064516129032256,-0.07,0.349,8,0.8439842119360593,146
JAWA TIMUR,2017-09-01,338.0,2017,39574200,29.34333333333333,36.47666666666667,23.94,15.5,58.9,-0.34,0.034,9,0.854091807288587,147
JAWA TIMUR,2017-10-01,431.0,2017,39574200,29.55806451612903,35.96774193548387,25.241935483870968,114.8,66.45161290322581,-0.6,0.016,10,1.089093399234855,148
JAWA TIMUR,2017-11-01,494.0,2017,39574200,27.563333333333333,32.96333333333333,24.82,296.9,81.43333333333334,-0.77,0.289,11,1.2482880260371656,149
JAWA TIMUR,2017-12-01,562.0,2017,39574200,26.858064516129033,31.083870967741937,24.125806451612902,238.8,83.74193548387096,-0.86,0.109,12,1.4201171470301357,150
JAWA TIMUR,2018-01-01,1114.0,2018,39937800,26.358064516129033,30.438709677419357,24.11935483870968,333.2,85.41935483870968,-0.77,-0.2,1,2.789337419687614,151
JAWA TIMUR,2018-02-01,823.0,2018,39937800,25.964285714285715,30.275,23.685714285714287,322.4,87.82142857142857,-0.71,0.215,2,2.0607043953347457,152
JAWA TIMUR,2018-03-01,768.0,2018,39937800,26.654838709677417,30.970967741935485,24.038709677419355,196.4,85.7741935483871,-0.57,-0.12,3,1.9229902498384988,153
JAWA TIMUR,2018-04-01,754.0,2018,39937800,27.756666666666668,32.440000000000005,24.58,61.3,78.7,-0.39,-0.083,4,1.8879357400758179,154
JAWA TIMUR,2018-05-01,755.0,2018,39937800,29.041935483870965,35.09032258064516,24.516129032258064,10.4,64.61290322580645,-0.13,0.122,5,1.890439633630295,155
JAWA TIMUR,2018-06-01,595.0,2018,39937800,28.793333333333333,35.05,23.916666666666668,14.7,63.333333333333336,0.06,0.155,6,1.4898166649139413,156
JAWA TIMUR,2018-07-01,534.0,2018,39937800,28.251612903225805,35.29677419354839,22.74516129032258,4.5,59.064516129032256,0.14,0.053,7,1.3370791580908312,157
JAWA TIMUR,2018-08-01,533.0,2018,39937800,28.212903225806453,35.248387096774195,22.396774193548385,1.2999999999999998,57.354838709677416,0.27,0.122,8,1.334575264536354,158
JAWA TIMUR,2018-09-01,533.0,2018,39937800,29.14333333333333,36.419999999999995,23.316666666666663,6.8,55.36666666666667,0.53,0.604,9,1.334575264536354,159
JAWA TIMUR,2018-10-01,723.0,2018,39937800,30.42258064516129,37.377419354838715,24.503225806451617,6.3,54.45161290322581,0.81,0.685,10,1.8103150398870242,160
JAWA TIMUR,2018-11-01,789.0,2018,39937800,28.846666666666668,34.79666666666667,25.076666666666664,200.2,73.06666666666666,0.97,0.5,11,1.9755720144825204,161
JAWA TIMUR,2018-12-01,528.0,2018,39937800,27.43548387096774,31.82903225806452,24.68064516129032,301.8,82.29032258064517,0.92,0.309,12,1.322055796763968,162
JAWA TIMUR,2019-01-01,5590.0,2019,40301400,26.516129032258064,31.151612903225807,24.148387096774194,431.6,88.38709677419355,0.89,0.387,1,13.870485888827684,163
JAWA TIMUR,2019-02-01,4311.0,2019,40301400,26.77857142857143,31.585714285714285,24.1,270.8,87.14285714285714,0.86,0.416,2,10.696898867036877,164
JAWA TIMUR,2019-03-01,2894.0,2019,40301400,26.47741935483871,30.812903225806455,24.04516129032258,370.0,87.61290322580645,0.84,0.224,3,7.180891978938697,165
JAWA TIMUR,2019-04-01,1613.0,2019,40301400,27.236666666666668,31.663333333333338,24.37,190.4,85.3,0.77,0.258,4,4.002342350389813,166
JAWA TIMUR,2019-05-01,1353.0,2019,40301400,27.806451612903224,32.81290322580645,23.932258064516127,19.4,75.90322580645162,0.64,0.539,5,3.357203471839688,167
JAWA TIMUR,2019-06-01,762.0,2019,40301400,27.753333333333337,33.76,22.876666666666665,11.7,65.7,0.52,0.605,6,1.8907531748276736,168
JAWA TIMUR,2019-07-01,399.0,2019,40301400,27.52258064516129,33.83870967741935,22.31935483870968,5.2,62.96774193548387,0.33,0.597,7,0.9900400482365377,169
JAWA TIMUR,2019-08-01,225.0,2019,40301400,27.90967741935484,34.49677419354839,22.5,2.1,59.516129032258064,0.19,0.436,8,0.5582932602837618,170
JAWA TIMUR,2019-09-01,218.0,2019,40301400,28.503333333333337,35.50666666666667,22.553333333333335,0.5,57.96666666666667,0.23,0.893,9,0.5409241366304892,171
JAWA TIMUR,2019-10-01,263.0,2019,40301400,30.26774193548387,37.5516129032258,24.187096774193545,6.8,54.45161290322581,0.39,0.964,10,0.6525827886872416,172
JAWA TIMUR,2019-11-01,356.0,2019,40301400,29.91,36.333333333333336,25.136666666666667,71.8,65.0,0.58,0.835,11,0.8833440029378632,173
JAWA TIMUR,2019-12-01,413.0,2019,40301400,28.416129032258063,34.622580645161285,25.003225806451617,254.8,80.45161290322581,0.66,0.243,12,1.0247782955430829,174
JAWA TIMUR,2020-01-01,1069.0,2020,40665000,27.33225806451613,32.303225806451614,24.55806451612903,319.3,85.25806451612904,0.64,0.173,1,2.628796262141891,175
JAWA TIMUR,2020-02-01,1665.0,2020,40665000,26.558620689655175,31.0,24.348275862068967,471.5,90.0,0.63,0.054,2,4.094430099594246,176
JAWA TIMUR,2020-03-01,1533.0,2020,40665000,26.94516129032258,31.364516129032257,24.483870967741936,311.0,88.58064516129032,0.53,0.019,3,3.769826632239026,177
JAWA TIMUR,2020-04-01,1085.0,2020,40665000,27.236666666666668,31.456666666666663,24.60666666666667,232.9,86.0,0.3,-0.011,4,2.668142136972827,178
JAWA TIMUR,2020-05-01,870.0,2020,40665000,28.0258064516129,32.751612903225805,24.76129032258065,116.2,79.74193548387096,0.01,0.298,5,2.1394319439321285,179
JAWA TIMUR,2020-06-01,649.0,2020,40665000,27.933333333333337,33.526666666666664,23.456666666666667,15.1,71.1,-0.23,0.454,6,1.5959670478298291,180
JAWA TIMUR,2020-07-01,402.0,2020,40665000,28.27741935483871,34.74193548387097,23.08709677419355,6.199999999999999,63.806451612903224,-0.36,0.32,7,0.9885651051272594,181
JAWA TIMUR,2020-08-01,242.0,2020,40665000,28.806451612903224,35.5516129032258,23.358064516129033,3.7,61.064516129032256,-0.53,-0.183,8,0.5951063568179024,182
JAWA TIMUR,2020-10-01,226.0,2020,40665000,29.22258064516129,35.86451612903225,24.664516129032258,149.8,68.16129032258064,-1.12,0.074,10,0.5557604819869667,183
JAWA TIMUR,2020-11-01,279.0,2020,40665000,28.68,34.593333333333334,24.726666666666667,169.8,74.53333333333333,-1.2,0.02,11,0.6860936923644412,184
JAWA TIMUR,2020-12-01,318.0,2020,40665000,26.61935483870968,31.074193548387097,24.05806451612903,383.1,85.2258064516129,-1.08,0.03,12,0.781999262264847,185
JAWA TIMUR,2021-01-01,674.0,2021,40951250,26.05161290322581,29.89032258064516,23.90967741935484,379.2,89.38709677419355,-0.91,0.051,1,1.6458594060010379,186
JAWA TIMUR,2021-02-01,638.0,2021,40951250,25.99642857142857,30.025,23.86785714285714,402.7,88.32142857142857,-0.79,0.243,2,1.5579500015262049,187
JAWA TIMUR,2021-03-01,738.0,2021,40951250,26.5258064516129,30.98064516129032,23.822580645161292,352.1,88.0,-0.71,0.266,3,1.802142791734074,188
JAWA TIMUR,2021-04-01,681.0,2021,40951250,27.223333333333336,32.04333333333334,23.78666666666667,152.6,81.16666666666667,-0.55,0.25,4,1.6629529013155886,189
JAWA TIMUR,2021-05-01,525.0,2021,40951250,28.25483870967742,33.54838709677419,24.322580645161292,47.599999999999994,73.54838709677419,-0.39,0.009,5,1.2820121485913127,190
JAWA TIMUR,2021-06-01,414.0,2021,40951250,27.743333333333332,33.21666666666667,24.073333333333338,77.9,76.5,-0.3,-0.002,6,1.010958151460578,191
JAWA TIMUR,2021-07-01,120.0,2021,40951250,28.51290322580645,35.403225806451616,23.07741935483871,2.7,60.806451612903224,-0.35,-0.228,7,0.29303134824944294,192
JAWA TIMUR,2021-08-01,133.0,2021,40951250,29.225806451612904,36.20645161290323,23.770967741935483,7.5,61.354838709677416,-0.45,-0.099,8,0.3247764109764659,193
JAWA TIMUR,2021-09-01,205.0,2021,40951250,29.456666666666667,36.416666666666664,24.216666666666665,28.0,62.266666666666666,-0.63,-0.058,9,0.5005952199261317,194
JAWA TIMUR,2021-10-01,365.0,2021,40951250,29.748387096774195,37.3,24.603225806451615,92.1,64.0,-0.76,-0.091,10,0.8913036842587223,195
JAWA TIMUR,2021-11-01,817.0,2021,40951250,26.746666666666663,32.36333333333333,23.953333333333333,391.9,85.93333333333334,-0.91,0.069,11,1.9950550959982907,196
JAWA TIMUR,2021-12-01,1450.0,2021,40951250,26.780645161290323,32.009677419354844,24.04516129032258,348.2,86.12903225806451,-0.87,-0.12,12,3.5407954580141023,197
JAWA TIMUR,2022-01-01,2912.0,2022,41237500,26.429032258064513,31.538709677419355,23.72258064516129,313.0,85.19354838709677,-0.82,-0.056,1,7.061533798120642,198
JAWA TIMUR,2022-02-01,1325.0,2022,41237500,25.892857142857142,30.575,23.467857142857145,405.2,88.5,-0.79,-0.083,2,3.213094877235526,199
JAWA TIMUR,2022-03-01,1017.0,2022,41237500,26.4,31.67096774193548,23.703225806451613,442.0,88.09677419354838,-0.86,-0.093,3,2.466201879357381,200
JAWA TIMUR,2022-04-01,987.0,2022,41237500,27.0,32.28333333333333,23.813333333333333,189.9,83.3,-0.95,-0.068,4,2.393452561382237,201
JAWA TIMUR,2022-05-01,1101.0,2022,41237500,27.08709677419355,31.75483870967742,24.164516129032258,169.20000000000002,84.12903225806451,-0.9,-0.122,5,2.6698999696877843,202
JAWA TIMUR,2022-06-01,1133.0,2022,41237500,26.833333333333332,32.013333333333335,23.26,87.8,80.7,-0.78,-0.335,6,2.7474992421946043,203
JAWA TIMUR,2022-07-01,916.0,2022,41237500,27.470967741935485,33.31612903225806,22.993548387096773,33.3,70.29032258064517,-0.76,-0.195,7,2.2212791755077297,204
JAWA TIMUR,2022-08-01,799.0,2022,41237500,28.24516129032258,34.87096774193548,23.299999999999997,33.199999999999996,66.6774193548387,-0.87,-0.246,8,1.9375568354046682,205
JAWA TIMUR,2022-09-01,658.0,2022,41237500,29.113333333333333,36.49,23.91,38.8,63.86666666666667,-0.97,-0.322,9,1.5956350409214914,206
JAWA TIMUR,2022-10-01,682.0,2022,41237500,26.825806451612905,32.67741935483871,23.60967741935484,250.8,82.35483870967742,-0.94,-0.691,10,1.6538344953016066,207
JAWA TIMUR,2022-11-01,795.0,2022,41237500,26.516666666666666,32.053333333333335,23.756666666666668,341.7,86.66666666666667,-0.85,-0.269,11,1.9278569263413154,208
JAWA TIMUR,2022-12-01,910.0,2022,41237500,26.52258064516129,31.725806451612904,23.51935483870968,291.3,84.03225806451613,-0.71,-0.092,12,2.2067293119127007,209
JAWA TIMUR,2023-01-01,1637.0,2023,41523750,26.583870967741937,31.674193548387095,23.748387096774195,247.1,83.51612903225806,-0.54,0.109,1,3.9423221650260394,210
JAWA TIMUR,2023-02-01,1119.0,2023,41523750,25.792857142857144,30.225,23.62857142857143,466.2,88.28571428571429,-0.29,0.157,2,2.694843312562088,211
JAWA TIMUR,2023-03-01,1127.0,2023,41523750,26.39032258064516,31.606451612903225,23.470967741935485,293.8,86.96774193548387,-0.02,0.415,3,2.714109395225624,212
JAWA TIMUR,2023-04-01,747.0,2023,41523750,26.996666666666663,32.09,23.826666666666664,113.2,83.9,0.27,0.56,4,1.7989704687076673,213
JAWA TIMUR,2023-05-01,837.0,2023,41523750,27.47741935483871,32.79032258064516,23.438709677419357,54.4,76.19354838709677,0.57,0.443,5,2.0157138986724465,214
JAWA TIMUR,2023-06-01,686.0,2023,41523750,28.253333333333337,34.156666666666666,23.716666666666665,8.7,69.63333333333334,0.84,0.665,6,1.6520665883982057,215
JAWA TIMUR,2023-07-01,497.0,2023,41523750,27.393548387096775,33.670967741935485,22.606451612903225,48.6,69.96774193548387,1.12,0.498,7,1.1969053854721696,216
JAWA TIMUR,2023-08-01,469.0,2023,41523750,27.94838709677419,34.86129032258064,22.32903225806452,0.7999999999999999,63.03225806451613,1.37,0.825,8,1.1294740961497938,217
JAWA TIMUR,2023-09-01,485.0,2023,41523750,28.696666666666665,35.96,22.756666666666668,8.4,59.666666666666664,1.6,0.946,9,1.1680062614768656,218
JAWA TIMUR,2023-10-01,520.0,2023,41523750,30.51290322580645,37.99677419354839,24.48709677419355,8.4,56.29032258064516,1.83,0.804,10,1.2522953731298354,219
JAWA TIMUR,2023-11-01,552.0,2023,41523750,30.166666666666668,37.73,25.39333333333333,132.0,67.0,1.99,0.92,11,1.329359703783979,220
JAWA TIMUR,2023-12-01,725.0,2023,41523750,28.661290322580644,35.277419354838706,24.822580645161292,158.5,76.19354838709677,2.06,0.851,12,1.7459887413829436,221
JAWA TIMUR,2024-01-01,2605.0,2024,41810000,27.56451612903226,33.358064516129026,24.55483870967742,327.9,83.2258064516129,1.92,0.765,1,6.230566850035877,222
JAWA TIMUR,2024-02-01,3472.0,2024,41810000,27.089655172413792,32.665517241379305,24.420689655172417,351.2,88.48275862068965,1.62,0.328,2,8.3042334369768,223
JAWA TIMUR,2024-03-01,4988.0,2024,41810000,27.31935483870968,32.41612903225806,24.4741935483871,283.3,86.6774193548387,1.26,0.421,3,11.93016024874432,224
JAWA TIMUR,2024-04-01,3880.0,2024,41810000,27.796666666666667,32.906666666666666,24.85,218.4,85.53333333333333,0.82,0.44,4,9.280076536713706,225
JAWA TIMUR,2024-05-01,3712.0,2024,41810000,28.70967741935484,34.34193548387096,24.48064516129032,17.7,73.87096774193549,0.49,0.297,5,8.878258789763214,226
JAWA TIMUR,2024-06-01,3175.0,2024,41810000,28.03666666666667,33.93,23.776666666666664,34.8,74.53333333333333,0.22,0.197,6,7.593877062903611,227
JAWA TIMUR,2024-07-01,986.0,2024,41810000,27.68064516129032,34.167741935483875,22.548387096774192,10.0,67.48387096774194,0.08,0.033,7,2.358287491030854,228
