province,date,temp_mean,temp_max,temp_min,precip_total,rh_mean
JAWA TIMUR,2004-01-01,25.693548387096776,29.81935483870968,22.967741935483872,464.9,89.06451612903226
JAWA TIMUR,2004-02-01,25.489655172413794,29.551724137931036,22.913793103448278,440.2,89.20689655172414
JAWA TIMUR,2004-03-01,25.703225806451613,29.906451612903226,22.980645161290322,514.7,90.38709677419355
JAWA TIMUR,2004-04-01,26.676666666666666,31.413333333333334,22.526666666666664,91.8,82.13333333333334
JAWA TIMUR,2004-05-01,26.54516129032258,31.17096774193548,22.94516129032258,149.4,83.83870967741936
JAWA TIMUR,2004-06-01,25.966666666666665,31.21333333333333,20.96333333333333,12.5,73.96666666666667
JAWA TIMUR,2004-07-01,26.27741935483871,31.970967741935485,20.95483870967742,15.600000000000001,71.64516129032258
JAWA TIMUR,2004-08-01,26.651612903225807,32.95483870967742,20.612903225806452,0.30000000000000004,65.41935483870968
JAWA TIMUR,2004-09-01,27.62,33.6,22.123333333333335,19.7,67.0
JAWA TIMUR,2004-10-01,28.848387096774193,35.34193548387096,22.82903225806452,13.2,62.03225806451613
JAWA TIMUR,2004-11-01,27.89,33.24333333333333,23.81,223.20000000000002,76.26666666666667
JAWA TIMUR,2004-12-01,25.703225806451613,29.780645161290323,23.016129032258064,449.1,89.64516129032258
JAWA TIMUR,2005-01-01,25.91290322580645,30.212903225806453,22.95483870967742,374.7,87.51612903225806
JAWA TIMUR,2005-02-01,25.87142857142857,30.349999999999998,22.814285714285713,370.2,88.78571428571429
JAWA TIMUR,2005-03-01,25.73225806451613,30.12258064516129,22.725806451612904,528.7,89.48387096774194
JAWA TIMUR,2005-04-01,25.866666666666667,30.4,22.28666666666667,266.4,86.03333333333333
JAWA TIMUR,2005-05-01,26.54516129032258,31.654838709677417,21.812903225806455,31.5,76.70967741935483
JAWA TIMUR,2005-06-01,26.296666666666667,31.029999999999998,22.2,63.2,80.46666666666667
JAWA TIMUR,2005-07-01,26.40967741935484,31.81935483870968,21.48709677419355,21.2,73.06451612903226
JAWA TIMUR,2005-08-01,26.780645161290323,32.47096774193548,21.345161290322583,27.8,70.48387096774194
JAWA TIMUR,2005-09-01,28.07,33.93666666666667,22.746666666666666,20.5,67.06666666666666
JAWA TIMUR,2005-10-01,27.483870967741936,32.83870967741935,23.074193548387097,205.2,76.03225806451613
JAWA TIMUR,2005-11-01,27.32,31.94,23.459999999999997,203.70000000000002,79.13333333333334
JAWA TIMUR,2005-12-01,25.183870967741935,29.203225806451613,22.570967741935487,467.6,91.58064516129032
JAWA TIMUR,2006-01-01,25.200000000000003,29.30322580645161,22.809677419354838,479.4,90.29032258064517
JAWA TIMUR,2006-02-01,25.485714285714288,29.775000000000002,22.7,671.1,90.82142857142857
JAWA TIMUR,2006-03-01,25.53548387096774,29.738709677419354,22.551612903225806,488.8,89.64516129032258
JAWA TIMUR,2006-04-01,25.626666666666665,29.95,22.526666666666664,339.9,88.93333333333334
JAWA TIMUR,2006-05-01,25.335483870967742,29.774193548387096,22.029032258064515,272.59999999999997,87.93548387096774
JAWA TIMUR,2006-06-01,25.623333333333335,30.586666666666666,21.09,19.4,79.96666666666667
JAWA TIMUR,2006-07-01,25.983870967741936,31.596774193548388,20.703225806451613,6.4,73.19354838709677
JAWA TIMUR,2006-08-01,26.325806451612905,32.56774193548387,20.193548387096776,1.6,66.0
JAWA TIMUR,2006-09-01,27.31,34.04666666666667,20.69333333333333,1.3,61.43333333333333
JAWA TIMUR,2006-10-01,28.36774193548387,34.71935483870968,22.09032258064516,5.2,61.45161290322581
JAWA TIMUR,2006-11-01,29.21333333333333,35.07666666666667,23.846666666666668,60.8,65.93333333333334
JAWA TIMUR,2006-12-01,26.81935483870968,31.448387096774194,23.809677419354838,405.0,85.3225806451613
JAWA TIMUR,2007-01-01,26.94193548387097,31.70967741935484,23.287096774193547,265.0,81.45161290322581
JAWA TIMUR,2007-02-01,25.335714285714285,29.478571428571428,22.74285714285714,515.9,90.75
JAWA TIMUR,2007-03-01,25.519354838709678,29.596774193548388,22.838709677419356,502.2,89.96774193548387
JAWA TIMUR,2007-04-01,25.573333333333334,29.83,22.57,316.5,89.5
JAWA TIMUR,2007-05-01,26.26451612903226,30.938709677419357,22.26774193548387,71.2,81.6774193548387
JAWA TIMUR,2007-06-01,26.146666666666665,30.846666666666668,21.89333333333333,82.3,81.1
JAWA TIMUR,2007-07-01,26.238709677419354,31.429032258064513,21.296774193548387,11.0,73.87096774193549
JAWA TIMUR,2007-08-01,26.787096774193547,32.71935483870968,21.048387096774192,13.0,67.38709677419355
JAWA TIMUR,2007-09-01,27.82,34.53333333333333,21.526666666666664,5.5,61.2
JAWA TIMUR,2007-10-01,28.519354838709678,34.54838709677419,23.154838709677417,50.8,66.12903225806451
JAWA TIMUR,2007-11-01,27.09333333333333,32.11666666666667,23.196666666666665,225.4,79.6
JAWA TIMUR,2007-12-01,25.72258064516129,30.003225806451614,23.06451612903226,451.1,88.96774193548387
JAWA TIMUR,2008-01-01,25.738709677419354,30.129032258064516,22.783870967741933,463.8,87.7741935483871
JAWA TIMUR,2008-02-01,24.855172413793102,28.579310344827583,22.648275862068964,580.0,90.44827586206897
JAWA TIMUR,2008-03-01,25.041935483870965,29.299999999999997,22.04516129032258,569.1,91.0
JAWA TIMUR,2008-04-01,25.529999999999998,29.98,21.933333333333334,193.3,86.4
JAWA TIMUR,2008-05-01,25.80322580645161,31.1,21.09032258064516,71.9,79.45161290322581
JAWA TIMUR,2008-06-01,25.94333333333333,31.38,20.990000000000002,37.5,76.9
JAWA TIMUR,2008-07-01,26.070967741935487,32.196774193548386,20.048387096774192,0.5,68.45161290322581
JAWA TIMUR,2008-08-01,27.02258064516129,32.8,21.596774193548388,19.2,68.29032258064517
JAWA TIMUR,2008-09-01,28.153333333333332,34.723333333333336,22.040000000000003,8.4,62.266666666666666
JAWA TIMUR,2008-10-01,28.26774193548387,34.04516129032258,23.296774193548387,99.9,70.54838709677419
JAWA TIMUR,2008-11-01,26.35,30.796666666666667,23.07,266.2,86.2
JAWA TIMUR,2008-12-01,26.009677419354837,30.461290322580645,22.98709677419355,416.6,87.41935483870968
JAWA TIMUR,2009-01-01,25.483870967741936,29.561290322580643,22.906451612903226,487.7,89.45161290322581
JAWA TIMUR,2009-02-01,25.15357142857143,29.178571428571427,22.735714285714288,630.1,90.67857142857143
JAWA TIMUR,2009-03-01,25.76451612903226,30.200000000000003,22.27741935483871,370.6,88.12903225806451
JAWA TIMUR,2009-04-01,26.283333333333335,30.873333333333335,22.406666666666663,186.29999999999998,84.43333333333334
JAWA TIMUR,2009-05-01,25.958064516129035,30.493548387096773,22.370967741935484,214.6,86.35483870967742
JAWA TIMUR,2009-06-01,26.076666666666664,31.05666666666667,21.44,34.2,79.0
JAWA TIMUR,2009-07-01,26.248387096774195,32.122580645161285,20.716129032258067,22.1,72.29032258064517
JAWA TIMUR,2009-08-01,27.04516129032258,32.76451612903226,21.364516129032257,12.9,69.74193548387096
JAWA TIMUR,2009-09-01,28.34333333333333,34.42666666666666,22.676666666666666,6.9,64.9
JAWA TIMUR,2009-10-01,28.312903225806455,34.13870967741936,23.251612903225805,62.1,70.03225806451613
JAWA TIMUR,2009-11-01,27.92,33.233333333333334,23.59,318.6,75.8
JAWA TIMUR,2009-12-01,27.083870967741937,31.480645161290322,23.809677419354838,318.8,83.70967741935483
JAWA TIMUR,2010-01-01,25.45483870967742,29.70967741935484,22.94516129032258,641.6,90.74193548387096
JAWA TIMUR,2010-02-01,25.853571428571428,30.02857142857143,23.125,667.1,91.28571428571429
JAWA TIMUR,2010-03-01,25.86774193548387,30.074193548387097,22.883870967741935,516.8,90.64516129032258
JAWA TIMUR,2010-04-01,25.90666666666667,29.903333333333332,23.313333333333333,520.3,91.96666666666667
JAWA TIMUR,2010-05-01,26.080645161290324,30.02258064516129,23.316129032258065,331.0,90.41935483870968
JAWA TIMUR,2010-06-01,25.81,30.15666666666667,22.436666666666667,110.0,86.7
JAWA TIMUR,2010-07-01,26.051612903225806,30.635483870967743,22.14516129032258,86.0,82.74193548387096
JAWA TIMUR,2010-08-01,26.493548387096773,31.261290322580646,22.4741935483871,113.0,80.80645161290323
JAWA TIMUR,2010-09-01,26.09,30.666666666666668,22.566666666666666,225.0,85.2
JAWA TIMUR,2010-10-01,26.22258064516129,30.677419354838708,22.874193548387098,349.5,85.2258064516129
JAWA TIMUR,2010-11-01,25.84333333333333,30.166666666666668,22.64,338.8,88.1
JAWA TIMUR,2010-12-01,25.393548387096775,29.603225806451615,22.65806451612903,540.1,90.45161290322581
JAWA TIMUR,2011-01-01,24.92258064516129,28.825806451612905,22.506451612903227,472.0,90.41935483870968
JAWA TIMUR,2011-02-01,25.307142857142857,29.542857142857144,22.553571428571427,413.2,89.21428571428571
JAWA TIMUR,2011-03-01,25.470967741935485,29.68064516129032,22.567741935483873,529.0,89.87096774193549
JAWA TIMUR,2011-04-01,25.423333333333336,29.586666666666666,22.35666666666667,417.40000000000003,89.8
JAWA TIMUR,2011-05-01,25.74516129032258,30.048387096774192,22.31935483870968,204.1,86.87096774193549
JAWA TIMUR,2011-06-01,26.046666666666667,30.986666666666668,21.529999999999998,44.0,77.46666666666667
JAWA TIMUR,2011-07-01,25.787096774193547,31.219354838709677,20.59032258064516,20.8,75.3225806451613
JAWA TIMUR,2011-08-01,26.567741935483873,32.62903225806452,20.683870967741935,1.0,67.6774193548387
JAWA TIMUR,2011-09-01,27.583333333333332,33.65,21.993333333333332,26.3,66.83333333333333
JAWA TIMUR,2011-10-01,28.42258064516129,34.15161290322581,23.190322580645162,31.5,68.0
JAWA TIMUR,2011-11-01,26.263333333333332,30.759999999999998,23.163333333333334,456.4,86.96666666666667
JAWA TIMUR,2011-12-01,26.22258064516129,30.719354838709677,23.296774193548387,457.9,88.38709677419355
JAWA TIMUR,2012-01-01,25.183870967741935,28.72258064516129,22.89032258064516,541.6,91.06451612903226
JAWA TIMUR,2012-02-01,25.351724137931036,29.548275862068966,22.279310344827586,383.4,89.86206896551724
JAWA TIMUR,2012-03-01,25.416129032258063,29.53548387096774,22.661290322580644,405.5,89.09677419354838
JAWA TIMUR,2012-04-01,25.966666666666665,30.263333333333332,22.363333333333333,199.1,85.53333333333333
JAWA TIMUR,2012-05-01,25.961290322580645,30.4741935483871,22.103225806451615,137.8,83.96774193548387
JAWA TIMUR,2012-06-01,25.416666666666668,30.34,21.016666666666666,53.300000000000004,80.5
JAWA TIMUR,2012-07-01,25.73225806451613,31.32903225806452,20.361290322580647,14.7,74.2258064516129
JAWA TIMUR,2012-08-01,26.47741935483871,32.82258064516129,20.23548387096774,0.30000000000000004,65.80645161290323
JAWA TIMUR,2012-09-01,27.80666666666667,34.25,21.456666666666667,1.3,62.1
JAWA TIMUR,2012-10-01,28.729032258064517,34.65806451612904,23.164516129032258,26.700000000000003,66.35483870967742
JAWA TIMUR,2012-11-01,27.663333333333334,32.516666666666666,23.936666666666667,204.8,79.33333333333333
JAWA TIMUR,2012-12-01,25.629032258064516,29.76774193548387,22.858064516129033,520.5,90.38709677419355
JAWA TIMUR,2013-01-01,25.438709677419357,29.364516129032257,23.141935483870967,688.1,91.38709677419355
JAWA TIMUR,2013-02-01,25.59642857142857,29.625,22.88214285714286,384.1,89.60714285714286
JAWA TIMUR,2013-03-01,25.83225806451613,30.270967741935483,22.748387096774195,533.5,89.51612903225806
JAWA TIMUR,2013-04-01,25.936666666666667,29.93,22.883333333333333,318.8,88.5
JAWA TIMUR,2013-05-01,25.92258064516129,30.096774193548388,22.76451612903226,211.70000000000002,87.45161290322581
JAWA TIMUR,2013-06-01,25.313333333333333,29.19,22.446666666666665,202.8,90.16666666666667
JAWA TIMUR,2013-07-01,25.096774193548388,29.654838709677417,21.135483870967743,105.1,84.12903225806451
JAWA TIMUR,2013-08-01,26.12258064516129,32.041935483870965,20.419354838709676,3.5999999999999996,71.09677419354838
JAWA TIMUR,2013-09-01,27.959999999999997,34.230000000000004,21.80666666666667,2.8,63.86666666666667
JAWA TIMUR,2013-10-01,28.806451612903224,34.854838709677416,23.45483870967742,33.6,65.54838709677419
JAWA TIMUR,2013-11-01,27.113333333333333,32.13666666666667,23.423333333333336,255.3,80.16666666666667
JAWA TIMUR,2013-12-01,25.55483870967742,29.480645161290322,22.919354838709676,618.2,89.83870967741936
JAWA TIMUR,2014-01-01,24.938709677419357,28.774193548387096,22.674193548387095,549.4,90.70967741935483
JAWA TIMUR,2014-02-01,25.314285714285713,29.510714285714283,22.571428571428573,419.9,89.14285714285714
JAWA TIMUR,2014-03-01,25.770967741935483,30.09032258064516,22.419354838709676,379.7,87.90322580645162
JAWA TIMUR,2014-04-01,25.993333333333332,30.433333333333334,22.716666666666665,331.4,88.4
JAWA TIMUR,2014-05-01,26.65806451612903,31.18064516129032,22.88064516129032,68.3,82.93548387096774
JAWA TIMUR,2014-06-01,26.9,31.663333333333334,22.803333333333335,54.0,79.46666666666667
JAWA TIMUR,2014-07-01,26.509677419354837,31.30322580645161,22.19677419354839,60.5,76.74193548387096
JAWA TIMUR,2014-08-01,26.89032258064516,32.593548387096774,21.364516129032257,6.8,69.06451612903226
JAWA TIMUR,2014-09-01,27.759999999999998,34.6,21.103333333333335,1.5,59.266666666666666
JAWA TIMUR,2014-10-01,29.238709677419354,35.89354838709678,22.758064516129032,5.7,57.67741935483871
JAWA TIMUR,2014-11-01,27.970000000000002,33.3,23.8,277.1,76.16666666666667
JAWA TIMUR,2014-12-01,25.693548387096776,29.870967741935484,23.129032258064516,619.4,91.16129032258064
JAWA TIMUR,2015-01-01,25.68064516129032,29.812903225806455,23.04193548387097,367.8,88.74193548387096
JAWA TIMUR,2015-02-01,25.314285714285713,29.59642857142857,22.442857142857143,499.7,90.14285714285714
JAWA TIMUR,2015-03-01,25.516129032258064,29.751612903225805,22.580645161290324,499.40000000000003,90.03225806451613
JAWA TIMUR,2015-04-01,25.563333333333333,29.763333333333332,22.686666666666667,365.5,90.16666666666667
JAWA TIMUR,2015-05-01,25.91290322580645,30.76774193548387,21.458064516129035,83.3,81.29032258064517
JAWA TIMUR,2015-06-01,26.586666666666666,32.10333333333333,21.37,14.1,73.73333333333333
JAWA TIMUR,2015-07-01,26.57741935483871,32.21290322580645,21.08709677419355,0.9,69.51612903225806
JAWA TIMUR,2015-08-01,27.074193548387097,33.21612903225807,21.212903225806453,0.7,66.2258064516129
JAWA TIMUR,2015-09-01,28.053333333333335,34.86,21.44333333333333,3.4,59.63333333333333
JAWA TIMUR,2015-10-01,29.016129032258064,35.7,22.248387096774195,8.799999999999999,58.38709677419355
JAWA TIMUR,2015-11-01,28.743333333333332,34.22666666666667,24.333333333333332,153.6,72.66666666666667
JAWA TIMUR,2015-12-01,26.37741935483871,30.816129032258065,23.67096774193548,441.0,88.38709677419355
JAWA TIMUR,2016-01-01,26.51290322580645,30.758064516129032,23.53548387096774,361.1,87.45161290322581
JAWA TIMUR,2016-02-01,25.66896551724138,29.520689655172415,23.227586206896554,727.6,92.79310344827586
JAWA TIMUR,2016-03-01,26.496774193548386,30.635483870967743,23.70967741935484,421.5,89.64516129032258
JAWA TIMUR,2016-04-01,26.46333333333333,30.523333333333333,23.436666666666667,212.1,87.76666666666667
JAWA TIMUR,2016-05-01,26.993548387096773,31.299999999999997,23.635483870967743,149.3,85.09677419354838
JAWA TIMUR,2016-06-01,26.133333333333333,30.45,22.61,124.7,85.43333333333334
JAWA TIMUR,2016-07-01,26.10967741935484,30.55806451612903,22.26451612903226,64.7,82.96774193548387
JAWA TIMUR,2016-08-01,26.75483870967742,31.72258064516129,22.177419354838708,41.5,76.80645161290323
JAWA TIMUR,2016-09-01,27.16,32.22666666666667,23.243333333333332,191.0,78.86666666666666
JAWA TIMUR,2016-10-01,26.296774193548387,30.570967741935487,22.993548387096773,340.8,86.54838709677419
JAWA TIMUR,2016-11-01,26.39,30.653333333333332,23.276666666666664,415.6,88.06666666666666
JAWA TIMUR,2016-12-01,26.190322580645162,30.380645161290325,23.348387096774193,383.8,88.2258064516129
JAWA TIMUR,2017-01-01,26.519354838709678,30.951612903225808,24.161290322580644,394.4,86.41935483870968
JAWA TIMUR,2017-02-01,26.17142857142857,30.196428571428573,23.72142857142857,320.2,86.28571428571429
JAWA TIMUR,2017-03-01,26.774193548387096,31.051612903225806,24.30322580645161,319.8,86.35483870967742
JAWA TIMUR,2017-04-01,26.9,31.35,24.39,268.5,86.83333333333333
JAWA TIMUR,2017-05-01,27.55483870967742,32.354838709677416,24.219354838709677,88.3,79.2258064516129
JAWA TIMUR,2017-06-01,27.13,31.913333333333334,23.75,74.1,77.33333333333333
JAWA TIMUR,2017-07-01,27.748387096774195,33.23225806451613,23.480645161290322,31.900000000000002,68.54838709677419
JAWA TIMUR,2017-08-01,28.529032258064515,35.49677419354839,23.23225806451613,0.30000000000000004,59.064516129032256
JAWA TIMUR,2017-09-01,29.34333333333333,36.47666666666667,23.94,15.5,58.9
JAWA TIMUR,2017-10-01,29.55806451612903,35.96774193548387,25.241935483870968,114.8,66.45161290322581
JAWA TIMUR,2017-11-01,27.563333333333333,32.96333333333333,24.82,296.9,81.43333333333334
JAWA TIMUR,2017-12-01,26.858064516129033,31.083870967741937,24.125806451612902,238.79999999999998,83.74193548387096
JAWA TIMUR,2018-01-01,26.358064516129033,30.438709677419357,24.11935483870968,333.2,85.41935483870968
JAWA TIMUR,2018-02-01,25.964285714285715,30.275000000000002,23.685714285714287,322.4,87.82142857142857
JAWA TIMUR,2018-03-01,26.654838709677417,30.970967741935485,24.038709677419355,196.4,85.7741935483871
JAWA TIMUR,2018-04-01,27.756666666666668,32.440000000000005,24.58,61.300000000000004,78.7
JAWA TIMUR,2018-05-01,29.041935483870965,35.09032258064516,24.516129032258064,10.4,64.61290322580645
JAWA TIMUR,2018-06-01,28.793333333333333,35.05,23.916666666666668,14.7,63.333333333333336
JAWA TIMUR,2018-07-01,28.251612903225805,35.29677419354839,22.74516129032258,4.5,59.064516129032256
JAWA TIMUR,2018-08-01,28.212903225806453,35.248387096774195,22.396774193548385,1.2999999999999998,57.354838709677416
JAWA TIMUR,2018-09-01,29.14333333333333,36.419999999999995,23.316666666666666,6.8,55.36666666666667
JAWA TIMUR,2018-10-01,30.42258064516129,37.377419354838715,24.503225806451614,6.3,54.45161290322581
JAWA TIMUR,2018-11-01,28.846666666666668,34.79666666666667,25.076666666666664,200.2,73.06666666666666
JAWA TIMUR,2018-12-01,27.43548387096774,31.82903225806452,24.68064516129032,301.8,82.29032258064517
JAWA TIMUR,2019-01-01,26.516129032258064,31.151612903225807,24.148387096774194,431.6,88.38709677419355
JAWA TIMUR,2019-02-01,26.77857142857143,31.585714285714285,24.099999999999998,270.8,87.14285714285714
JAWA TIMUR,2019-03-01,26.47741935483871,30.812903225806455,24.04516129032258,370.0,87.61290322580645
JAWA TIMUR,2019-04-01,27.236666666666668,31.663333333333334,24.37,190.4,85.3
JAWA TIMUR,2019-05-01,27.806451612903224,32.81290322580645,23.932258064516127,19.4,75.90322580645162
JAWA TIMUR,2019-06-01,27.753333333333334,33.76,22.876666666666665,11.7,65.7
JAWA TIMUR,2019-07-01,27.52258064516129,33.83870967741935,22.31935483870968,5.2,62.96774193548387
JAWA TIMUR,2019-08-01,27.90967741935484,34.49677419354839,22.5,2.1,59.516129032258064
JAWA TIMUR,2019-09-01,28.503333333333334,35.50666666666667,22.553333333333335,0.5,57.96666666666667
JAWA TIMUR,2019-10-01,30.26774193548387,37.5516129032258,24.187096774193545,6.8,54.45161290322581
JAWA TIMUR,2019-11-01,29.91,36.333333333333336,25.136666666666667,71.8,65.0
JAWA TIMUR,2019-12-01,28.416129032258063,34.622580645161285,25.003225806451614,254.8,80.45161290322581
JAWA TIMUR,2020-01-01,27.33225806451613,32.303225806451614,24.55806451612903,319.3,85.25806451612904
JAWA TIMUR,2020-02-01,26.558620689655175,31.0,24.348275862068967,471.5,90.0
JAWA TIMUR,2020-03-01,26.94516129032258,31.364516129032257,24.483870967741936,311.0,88.58064516129032
JAWA TIMUR,2020-04-01,27.236666666666668,31.456666666666663,24.60666666666667,232.9,86.0
JAWA TIMUR,2020-05-01,28.0258064516129,32.751612903225805,24.761290322580646,116.2,79.74193548387096
JAWA TIMUR,2020-06-01,27.933333333333334,33.526666666666664,23.456666666666667,15.1,71.1
JAWA TIMUR,2020-07-01,28.27741935483871,34.74193548387097,23.08709677419355,6.199999999999999,63.806451612903224
JAWA TIMUR,2020-08-01,28.806451612903224,35.5516129032258,23.358064516129033,3.7,61.064516129032256
JAWA TIMUR,2020-09-01,30.05,37.06666666666667,24.223333333333336,6.0,58.1
JAWA TIMUR,2020-10-01,29.22258064516129,35.86451612903225,24.664516129032258,149.8,68.16129032258064
JAWA TIMUR,2020-11-01,28.68,34.593333333333334,24.726666666666667,169.8,74.53333333333333
JAWA TIMUR,2020-12-01,26.61935483870968,31.074193548387097,24.05806451612903,383.1,85.2258064516129
JAWA TIMUR,2021-01-01,26.051612903225806,29.89032258064516,23.90967741935484,379.2,89.38709677419355
JAWA TIMUR,2021-02-01,25.99642857142857,30.025000000000002,23.86785714285714,402.7,88.32142857142857
JAWA TIMUR,2021-03-01,26.5258064516129,30.980645161290322,23.822580645161292,352.1,88.0
JAWA TIMUR,2021-04-01,27.223333333333336,32.04333333333334,23.78666666666667,152.6,81.16666666666667
JAWA TIMUR,2021-05-01,28.25483870967742,33.54838709677419,24.322580645161292,47.599999999999994,73.54838709677419
JAWA TIMUR,2021-06-01,27.743333333333332,33.21666666666667,24.073333333333334,77.9,76.5
JAWA TIMUR,2021-07-01,28.51290322580645,35.403225806451616,23.07741935483871,2.7,60.806451612903224
JAWA TIMUR,2021-08-01,29.225806451612904,36.20645161290323,23.770967741935483,7.5,61.354838709677416
JAWA TIMUR,2021-09-01,29.456666666666667,36.416666666666664,24.216666666666665,28.0,62.266666666666666
JAWA TIMUR,2021-10-01,29.748387096774195,37.3,24.603225806451615,92.1,64.0
JAWA TIMUR,2021-11-01,26.746666666666666,32.36333333333333,23.953333333333333,391.9,85.93333333333334
JAWA TIMUR,2021-12-01,26.780645161290323,32.009677419354844,24.04516129032258,348.2,86.12903225806451
JAWA TIMUR,2022-01-01,26.429032258064513,31.538709677419355,23.72258064516129,313.0,85.19354838709677
JAWA TIMUR,2022-02-01,25.892857142857142,30.575,23.467857142857145,405.2,88.5
JAWA TIMUR,2022-03-01,26.4,31.67096774193548,23.703225806451613,442.0,88.09677419354838
JAWA TIMUR,2022-04-01,27.0,32.28333333333333,23.813333333333333,189.9,83.3
JAWA TIMUR,2022-05-01,27.08709677419355,31.75483870967742,24.164516129032258,169.20000000000002,84.12903225806451
JAWA TIMUR,2022-06-01,26.833333333333332,32.013333333333335,23.259999999999998,87.8,80.7
JAWA TIMUR,2022-07-01,27.470967741935485,33.31612903225806,22.993548387096773,33.3,70.29032258064517
JAWA TIMUR,2022-08-01,28.24516129032258,34.87096774193548,23.299999999999997,33.199999999999996,66.6774193548387
JAWA TIMUR,2022-09-01,29.113333333333333,36.49,23.91,38.8,63.86666666666667
JAWA TIMUR,2022-10-01,26.825806451612905,32.67741935483871,23.60967741935484,250.8,82.35483870967742
JAWA TIMUR,2022-11-01,26.516666666666666,32.053333333333335,23.756666666666668,341.7,86.66666666666667
JAWA TIMUR,2022-12-01,26.52258064516129,31.725806451612904,23.519354838709678,291.3,84.03225806451613
JAWA TIMUR,2023-01-01,26.583870967741937,31.674193548387095,23.748387096774195,247.1,83.51612903225806
JAWA TIMUR,2023-02-01,25.792857142857144,30.224999999999998,23.62857142857143,466.2,88.28571428571429
JAWA TIMUR,2023-03-01,26.39032258064516,31.606451612903225,23.470967741935485,293.8,86.96774193548387
JAWA TIMUR,2023-04-01,26.996666666666666,32.09,23.826666666666664,113.2,83.9
JAWA TIMUR,2023-05-01,27.47741935483871,32.79032258064516,23.438709677419357,54.4,76.19354838709677
JAWA TIMUR,2023-06-01,28.253333333333334,34.156666666666666,23.716666666666665,8.7,69.63333333333334
JAWA TIMUR,2023-07-01,27.393548387096775,33.670967741935485,22.606451612903225,48.6,69.96774193548387
JAWA TIMUR,2023-08-01,27.948387096774194,34.86129032258064,22.32903225806452,0.7999999999999999,63.03225806451613
JAWA TIMUR,2023-09-01,28.696666666666665,35.96,22.756666666666668,8.4,59.666666666666664
JAWA TIMUR,2023-10-01,30.51290322580645,37.99677419354839,24.48709677419355,8.4,56.29032258064516
JAWA TIMUR,2023-11-01,30.166666666666668,37.730000000000004,25.39333333333333,132.0,67.0
JAWA TIMUR,2023-12-01,28.661290322580644,35.277419354838706,24.822580645161292,158.5,76.19354838709677
JAWA TIMUR,2024-01-01,27.56451612903226,33.358064516129026,24.55483870967742,327.9,83.2258064516129
JAWA TIMUR,2024-02-01,27.089655172413792,32.665517241379305,24.420689655172417,351.2,88.48275862068965
JAWA TIMUR,2024-03-01,27.31935483870968,32.41612903225806,24.4741935483871,283.3,86.6774193548387
JAWA TIMUR,2024-04-01,27.796666666666667,32.906666666666666,24.85,218.4,85.53333333333333
JAWA TIMUR,2024-05-01,28.70967741935484,34.34193548387096,24.480645161290322,17.7,73.87096774193549
JAWA TIMUR,2024-06-01,28.03666666666667,33.93,23.776666666666664,34.8,74.53333333333333
JAWA TIMUR,2024-07-01,27.68064516129032,34.167741935483875,22.548387096774192,10.0,67.48387096774194
JAWA BARAT,2004-01-01,22.358064516129033,25.864516129032257,20.129032258064516,456.9,90.51612903225806
JAWA BARAT,2004-02-01,22.02758620689655,25.324137931034482,19.93793103448276,317.8,90.89655172413794
JAWA BARAT,2004-03-01,22.483870967741936,26.112903225806452,20.15806451612903,392.0,90.12903225806451
JAWA BARAT,2004-04-01,22.91,26.60666666666667,19.966666666666665,325.0,87.83333333333333
JAWA BARAT,2004-05-01,22.761290322580646,26.438709677419357,20.04516129032258,324.5,88.16129032258064
JAWA BARAT,2004-06-01,22.043333333333333,26.243333333333332,18.38,63.199999999999996,83.53333333333333
JAWA BARAT,2004-07-01,21.938709677419357,25.938709677419357,18.309677419354838,108.2,83.80645161290323
JAWA BARAT,2004-08-01,22.641935483870967,27.570967741935487,17.916129032258063,23.4,74.74193548387096
JAWA BARAT,2004-09-01,23.126666666666665,27.266666666666666,19.503333333333334,181.9,79.06666666666666
JAWA BARAT,2004-10-01,23.79032258064516,28.23548387096774,19.46451612903226,73.5,74.87096774193549
JAWA BARAT,2004-11-01,23.073333333333334,26.60666666666667,20.6,454.0,86.23333333333333
JAWA BARAT,2004-12-01,22.26451612903226,25.374193548387098,20.129032258064516,436.0,89.96774193548387
JAWA BARAT,2005-01-01,22.154838709677417,25.41290322580645,19.94516129032258,326.0,90.25806451612904
JAWA BARAT,2005-02-01,22.400000000000002,25.99642857142857,19.92142857142857,454.0,90.53571428571429
JAWA BARAT,2005-03-01,22.596774193548388,26.154838709677417,20.05483870967742,399.3,89.61290322580645
JAWA BARAT,2005-04-01,22.883333333333333,26.613333333333333,19.983333333333334,243.5,87.23333333333333
JAWA BARAT,2005-05-01,22.91290322580645,26.506451612903227,19.96451612903226,266.7,86.93548387096774
JAWA BARAT,2005-06-01,22.496666666666666,25.933333333333334,19.903333333333332,216.8,88.7
JAWA BARAT,2005-07-01,22.041935483870965,25.851612903225806,18.825806451612905,157.7,85.16129032258064
JAWA BARAT,2005-08-01,22.248387096774195,26.151612903225807,19.02258064516129,150.3,84.2258064516129
JAWA BARAT,2005-09-01,22.959999999999997,26.81,19.683333333333334,154.8,82.53333333333333
JAWA BARAT,2005-10-01,22.838709677419356,26.448387096774194,20.161290322580644,345.9,86.38709677419355
JAWA BARAT,2005-11-01,22.846666666666668,26.433333333333334,20.086666666666666,443.8,85.56666666666666
JAWA BARAT,2005-12-01,22.358064516129033,25.883870967741935,20.154838709677417,452.90000000000003,89.64516129032258
JAWA BARAT,2006-01-01,21.95483870967742,25.116129032258065,19.929032258064513,484.9,90.7741935483871
JAWA BARAT,2006-02-01,22.325,25.90357142857143,20.021428571428572,492.9,90.85714285714286
JAWA BARAT,2006-03-01,22.40967741935484,25.80322580645161,19.906451612903226,274.6,88.83870967741936
JAWA BARAT,2006-04-01,22.413333333333334,26.026666666666664,19.773333333333333,328.9,88.8
JAWA BARAT,2006-05-01,22.561290322580643,26.187096774193545,19.5258064516129,230.2,88.03225806451613
JAWA BARAT,2006-06-01,22.19,26.410000000000004,18.259999999999998,90.1,82.23333333333333
JAWA BARAT,2006-07-01,22.73225806451613,26.948387096774194,18.73548387096774,75.2,79.93548387096774
JAWA BARAT,2006-08-01,22.703225806451613,27.84193548387097,17.593548387096774,22.3,71.54838709677419
JAWA BARAT,2006-09-01,23.35,28.90666666666667,17.92,13.4,69.9
JAWA BARAT,2006-10-01,24.30322580645161,29.654838709677417,19.27741935483871,56.8,67.83870967741936
JAWA BARAT,2006-11-01,23.89,27.936666666666667,20.703333333333333,249.8,80.26666666666667
JAWA BARAT,2006-12-01,22.729032258064517,26.135483870967743,20.529032258064515,559.6,89.7741935483871
JAWA BARAT,2007-01-01,22.799999999999997,26.44193548387097,19.76451612903226,230.8,84.48387096774194
JAWA BARAT,2007-02-01,22.13214285714286,25.457142857142856,20.014285714285712,484.1,91.10714285714286
JAWA BARAT,2007-03-01,22.448387096774194,25.929032258064513,20.229032258064517,367.7,89.03225806451613
JAWA BARAT,2007-04-01,22.53666666666667,25.973333333333336,20.283333333333335,448.7,91.1
JAWA BARAT,2007-05-01,22.774193548387096,26.36774193548387,19.874193548387098,230.2,87.6774193548387
JAWA BARAT,2007-06-01,22.37,26.203333333333333,19.240000000000002,167.3,86.96666666666667
JAWA BARAT,2007-07-01,22.529032258064515,26.835483870967742,18.693548387096776,73.2,80.58064516129032
JAWA BARAT,2007-08-01,23.070967741935487,27.92258064516129,18.503225806451614,91.8,73.90322580645162
JAWA BARAT,2007-09-01,23.423333333333336,28.226666666666667,19.113333333333333,101.7,75.3
JAWA BARAT,2007-10-01,23.348387096774193,27.296774193548387,20.04516129032258,246.20000000000002,80.61290322580645
JAWA BARAT,2007-11-01,22.866666666666667,26.48,20.296666666666667,308.7,86.56666666666666
JAWA BARAT,2007-12-01,22.177419354838708,25.351612903225806,20.164516129032258,694.9,91.06451612903226
JAWA BARAT,2008-01-01,22.35483870967742,25.948387096774194,19.72258064516129,298.2,88.03225806451613
JAWA BARAT,2008-02-01,21.50344827586207,24.24827586206897,19.7551724137931,344.1,90.58620689655173
JAWA BARAT,2008-03-01,22.096774193548388,25.748387096774195,19.612903225806452,607.4,89.6774193548387
JAWA BARAT,2008-04-01,22.303333333333335,26.073333333333334,19.44333333333333,322.5,88.6
JAWA BARAT,2008-05-01,22.348387096774193,26.351612903225806,18.703225806451613,92.7,83.70967741935483
JAWA BARAT,2008-06-01,22.56,26.563333333333333,18.759999999999998,136.5,81.63333333333334
JAWA BARAT,2008-07-01,22.58709677419355,27.574193548387097,17.716129032258067,24.1,74.45161290322581
JAWA BARAT,2008-08-01,22.729032258064517,27.10967741935484,19.154838709677417,226.8,80.6774193548387
JAWA BARAT,2008-09-01,23.473333333333336,27.823333333333334,19.466666666666665,99.9,77.23333333333333
JAWA BARAT,2008-10-01,23.05483870967742,26.990322580645163,20.141935483870967,386.2,85.3225806451613
JAWA BARAT,2008-11-01,22.526666666666664,25.93,20.33,496.6,90.13333333333334
JAWA BARAT,2008-12-01,22.383870967741935,25.54516129032258,20.293548387096774,394.90000000000003,89.96774193548387
JAWA BARAT,2009-01-01,21.90967741935484,25.25483870967742,19.532258064516128,291.4,89.48387096774194
JAWA BARAT,2009-02-01,21.810714285714287,24.88214285714286,19.892857142857142,416.1,91.07142857142857
JAWA BARAT,2009-03-01,22.43548387096774,26.14516129032258,19.638709677419353,401.6,87.87096774193549
JAWA BARAT,2009-04-01,22.82,26.503333333333334,20.033333333333335,297.7,88.33333333333333
JAWA BARAT,2009-05-01,22.68064516129032,26.219354838709677,19.980645161290322,199.0,88.61290322580645
JAWA BARAT,2009-06-01,22.55,26.3,19.426666666666666,178.29999999999998,86.16666666666667
JAWA BARAT,2009-07-01,22.432258064516127,26.89032258064516,18.241935483870968,78.8,79.3225806451613
JAWA BARAT,2009-08-01,23.174193548387095,27.799999999999997,18.56451612903226,27.0,75.54838709677419
JAWA BARAT,2009-09-01,24.256666666666668,29.023333333333333,19.84,51.0,71.7
JAWA BARAT,2009-10-01,23.22258064516129,27.135483870967743,20.270967741935483,431.1,83.41935483870968
JAWA BARAT,2009-11-01,22.86,26.263333333333332,20.41,619.0,88.3
JAWA BARAT,2009-12-01,22.903225806451612,26.37741935483871,20.335483870967742,323.9,87.58064516129032
JAWA BARAT,2010-01-01,22.18064516129032,25.648387096774194,20.103225806451615,448.9,90.93548387096774
JAWA BARAT,2010-02-01,22.760714285714283,26.082142857142856,20.49285714285714,533.2,91.14285714285714
JAWA BARAT,2010-03-01,22.780645161290323,26.183870967741935,20.55806451612903,675.9,91.48387096774194
JAWA BARAT,2010-04-01,23.543333333333333,27.173333333333336,20.776666666666664,197.3,87.56666666666666
JAWA BARAT,2010-05-01,23.358064516129033,26.674193548387095,21.096774193548388,379.0,90.16129032258064
JAWA BARAT,2010-06-01,22.69,26.046666666666667,20.276666666666664,312.2,89.06666666666666
JAWA BARAT,2010-07-01,22.287096774193547,25.812903225806455,19.687096774193545,305.2,88.7741935483871
JAWA BARAT,2010-08-01,22.529032258064515,26.08709677419355,19.76774193548387,283.2,87.74193548387096
JAWA BARAT,2010-09-01,22.303333333333335,25.836666666666666,19.89,523.0,89.86666666666666
JAWA BARAT,2010-10-01,22.612903225806452,26.312903225806455,20.08709677419355,481.59999999999997,88.41935483870968
JAWA BARAT,2010-11-01,22.516666666666666,25.779999999999998,20.333333333333332,579.5,90.0
JAWA BARAT,2010-12-01,22.048387096774192,25.10967741935484,19.97741935483871,511.4,89.58064516129032
JAWA BARAT,2011-01-01,21.79032258064516,25.0258064516129,19.63225806451613,241.3,89.19354838709677
JAWA BARAT,2011-02-01,22.103571428571428,25.442857142857143,19.75,220.8,87.78571428571429
JAWA BARAT,2011-03-01,22.287096774193547,26.01290322580645,19.870967741935484,388.5,89.2258064516129
JAWA BARAT,2011-04-01,22.31,25.83,19.883333333333333,372.2,89.73333333333333
JAWA BARAT,2011-05-01,22.674193548387095,26.03548387096774,20.138709677419353,299.8,88.96774193548387
JAWA BARAT,2011-06-01,22.646666666666665,26.603333333333335,19.240000000000002,157.3,84.03333333333333
JAWA BARAT,2011-07-01,22.44193548387097,26.54516129032258,18.812903225806455,82.3,81.87096774193549
JAWA BARAT,2011-08-01,23.070967741935487,27.83225806451613,18.429032258064513,36.0,75.0
JAWA BARAT,2011-09-01,23.59333333333333,28.256666666666668,19.18,53.9,73.23333333333333
JAWA BARAT,2011-10-01,23.116129032258065,27.06451612903226,20.093548387096774,368.7,83.90322580645162
JAWA BARAT,2011-11-01,22.456666666666667,25.89,20.17,597.2,90.4
JAWA BARAT,2011-12-01,22.63225806451613,26.138709677419353,20.345161290322583,382.1,89.3225806451613
JAWA BARAT,2012-01-01,22.070967741935487,25.07741935483871,20.08709677419355,387.7,90.03225806451613
JAWA BARAT,2012-02-01,22.2551724137931,25.83448275862069,19.948275862068964,480.3,90.20689655172414
JAWA BARAT,2012-03-01,22.396774193548385,25.770967741935483,20.01290322580645,296.8,86.58064516129032
JAWA BARAT,2012-04-01,22.476666666666667,26.016666666666666,19.953333333333333,427.4,89.66666666666667
JAWA BARAT,2012-05-01,22.68064516129032,26.567741935483873,19.416129032258063,199.0,86.16129032258064
JAWA BARAT,2012-06-01,22.496666666666666,26.363333333333333,19.043333333333333,110.5,84.33333333333333
JAWA BARAT,2012-07-01,22.761290322580646,27.425806451612903,18.325806451612905,46.0,76.03225806451613
JAWA BARAT,2012-08-01,23.438709677419357,28.729032258064517,18.361290322580647,22.0,69.58064516129032
JAWA BARAT,2012-09-01,23.476666666666667,28.203333333333333,19.23,73.6,74.46666666666667
JAWA BARAT,2012-10-01,23.219354838709677,27.461290322580645,19.932258064516127,284.7,82.58064516129032
JAWA BARAT,2012-11-01,22.783333333333335,26.363333333333333,20.533333333333335,623.4,89.3
JAWA BARAT,2012-12-01,22.551612903225806,25.990322580645163,20.419354838709676,581.1,90.51612903225806
JAWA BARAT,2013-01-01,22.06451612903226,25.051612903225806,20.19677419354839,412.0,91.6774193548387
JAWA BARAT,2013-02-01,22.357142857142858,25.67142857142857,20.167857142857144,435.90000000000003,89.82142857142857
JAWA BARAT,2013-03-01,22.770967741935483,26.46451612903226,20.270967741935483,418.7,89.25806451612904
JAWA BARAT,2013-04-01,22.836666666666666,26.166666666666668,20.55,494.79999999999995,90.5
JAWA BARAT,2013-05-01,22.838709677419356,26.206451612903226,20.370967741935484,266.2,89.64516129032258
JAWA BARAT,2013-06-01,22.64,25.96333333333333,20.23,271.5,89.23333333333333
JAWA BARAT,2013-07-01,21.858064516129033,25.287096774193547,19.299999999999997,311.2,87.74193548387096
JAWA BARAT,2013-08-01,22.45483870967742,26.693548387096776,18.493548387096773,138.1,80.54838709677419
JAWA BARAT,2013-09-01,23.28666666666667,27.726666666666667,19.303333333333335,105.3,78.56666666666666
JAWA BARAT,2013-10-01,23.48709677419355,27.65806451612903,19.983870967741936,226.9,79.41935483870968
JAWA BARAT,2013-11-01,22.726666666666667,26.38,20.040000000000003,282.0,85.66666666666667
JAWA BARAT,2013-12-01,22.33225806451613,25.52258064516129,20.24516129032258,489.3,90.45161290322581
JAWA BARAT,2014-01-01,21.509677419354837,24.396774193548385,19.687096774193545,400.0,91.58064516129032
JAWA BARAT,2014-02-01,21.917857142857144,24.99285714285714,19.964285714285715,247.1,90.17857142857143
JAWA BARAT,2014-03-01,22.325806451612905,25.874193548387098,19.883870967741935,414.8,90.74193548387096
JAWA BARAT,2014-04-01,22.746666666666666,26.616666666666667,20.02,371.9,89.23333333333333
JAWA BARAT,2014-05-01,23.04516129032258,26.83225806451613,20.193548387096776,285.1,88.38709677419355
JAWA BARAT,2014-06-01,22.86,26.34,20.09,164.7,87.36666666666666
JAWA BARAT,2014-07-01,22.44516129032258,25.951612903225808,19.80322580645161,223.6,86.64516129032258
JAWA BARAT,2014-08-01,22.638709677419353,26.68064516129032,18.806451612903224,106.8,81.19354838709677
JAWA BARAT,2014-09-01,23.85666666666667,28.936666666666667,19.116666666666667,31.0,70.5
JAWA BARAT,2014-10-01,24.322580645161292,28.951612903225808,20.32903225806452,149.0,72.48387096774194
JAWA BARAT,2014-11-01,23.28666666666667,27.240000000000002,20.603333333333335,427.9,85.3
JAWA BARAT,2014-12-01,22.625806451612902,25.929032258064513,20.61935483870968,590.4,90.16129032258064
JAWA BARAT,2015-01-01,22.096774193548388,25.5,19.83225806451613,331.6,89.58064516129032
JAWA BARAT,2015-02-01,22.071428571428573,25.342857142857145,19.87142857142857,505.3,90.60714285714286
JAWA BARAT,2015-03-01,22.19677419354839,25.606451612903225,19.93548387096774,424.1,90.2258064516129
JAWA BARAT,2015-04-01,22.596666666666668,26.029999999999998,20.333333333333332,450.5,90.36666666666666
JAWA BARAT,2015-05-01,22.89032258064516,26.72258064516129,19.393548387096775,141.5,84.6774193548387
JAWA BARAT,2015-06-01,23.116666666666667,27.616666666666667,18.82,71.5,80.0
JAWA BARAT,2015-07-01,23.44193548387097,28.07741935483871,19.351612903225806,25.3,74.06451612903226
JAWA BARAT,2015-08-01,23.90967741935484,29.26774193548387,19.203225806451613,22.0,70.90322580645162
JAWA BARAT,2015-09-01,24.44333333333333,29.970000000000002,19.456666666666667,54.699999999999996,67.9
JAWA BARAT,2015-10-01,24.44516129032258,29.538709677419355,19.858064516129033,112.0,71.35483870967742
JAWA BARAT,2015-11-01,23.376666666666665,27.259999999999998,20.673333333333336,488.1,85.73333333333333
JAWA BARAT,2015-12-01,22.838709677419356,25.993548387096773,20.63225806451613,481.3,89.51612903225806
JAWA BARAT,2016-01-01,23.03548387096774,26.32903225806452,20.85483870967742,392.1,90.16129032258064
JAWA BARAT,2016-02-01,22.596551724137928,25.720689655172414,20.7448275862069,584.0,92.13793103448276
JAWA BARAT,2016-03-01,23.219354838709677,26.538709677419355,21.10967741935484,447.3,90.61290322580645
JAWA BARAT,2016-04-01,23.223333333333336,26.673333333333336,20.923333333333336,497.7,90.46666666666667
JAWA BARAT,2016-05-01,23.419354838709676,26.677419354838708,21.03548387096774,214.1,89.45161290322581
JAWA BARAT,2016-06-01,22.93,26.45,20.19,205.4,87.5
JAWA BARAT,2016-07-01,22.64516129032258,26.312903225806455,19.625806451612902,191.8,87.19354838709677
JAWA BARAT,2016-08-01,23.0,26.864516129032257,19.81935483870968,241.4,84.06451612903226
JAWA BARAT,2016-09-01,22.740000000000002,26.21333333333333,20.203333333333333,424.0,87.8
JAWA BARAT,2016-10-01,22.596774193548388,25.86774193548387,20.425806451612903,634.3,89.70967741935483
JAWA BARAT,2016-11-01,22.85,26.483333333333334,20.7,633.3,90.03333333333333
JAWA BARAT,2016-12-01,22.793548387096774,26.203225806451613,20.383870967741935,262.4,87.35483870967742
JAWA BARAT,2017-01-01,22.809677419354838,26.44193548387097,20.093548387096774,109.9,80.41935483870968
JAWA BARAT,2017-02-01,22.210714285714285,25.75,19.639285714285712,302.6,84.46428571428571
JAWA BARAT,2017-03-01,22.845161290322583,26.938709677419357,19.451612903225808,207.3,81.45161290322581
JAWA BARAT,2017-04-01,22.746666666666666,27.043333333333333,19.423333333333336,159.4,83.4
JAWA BARAT,2017-05-01,23.07741935483871,27.80322580645161,19.116129032258065,52.5,79.58064516129032
JAWA BARAT,2017-06-01,23.066666666666666,28.06,18.916666666666668,42.300000000000004,78.2
JAWA BARAT,2017-07-01,22.70967741935484,28.374193548387098,18.529032258064515,33.6,74.70967741935483
JAWA BARAT,2017-08-01,23.358064516129033,29.738709677419354,18.25483870967742,7.6,68.48387096774194
JAWA BARAT,2017-09-01,23.883333333333333,30.266666666666666,18.89333333333333,167.2,67.83333333333333
JAWA BARAT,2017-10-01,23.148387096774194,28.067741935483873,19.596774193548388,278.0,80.74193548387096
JAWA BARAT,2017-11-01,23.0,27.483333333333334,19.67,155.7,80.5
JAWA BARAT,2017-12-01,22.77741935483871,26.693548387096776,19.664516129032258,83.1,80.0
JAWA BARAT,2018-01-01,22.548387096774192,25.961290322580645,20.032258064516128,184.3,80.74193548387096
JAWA BARAT,2018-02-01,22.332142857142856,26.135714285714283,19.37857142857143,94.9,83.21428571428571
JAWA BARAT,2018-03-01,22.661290322580644,26.72258064516129,19.096774193548388,146.6,81.96774193548387
JAWA BARAT,2018-04-01,22.93,27.68,18.983333333333334,147.9,81.7
JAWA BARAT,2018-05-01,23.0,28.448387096774194,18.312903225806455,37.5,77.96774193548387
JAWA BARAT,2018-06-01,23.026666666666664,28.476666666666667,18.573333333333334,54.5,78.4
JAWA BARAT,2018-07-01,22.529032258064515,29.22258064516129,16.651612903225807,4.8,66.03225806451613
JAWA BARAT,2018-08-01,23.07741935483871,29.887096774193548,17.27741935483871,21.1,64.29032258064517
JAWA BARAT,2018-09-01,23.36,30.223333333333336,18.003333333333334,51.2,66.86666666666666
JAWA BARAT,2018-10-01,24.461290322580645,30.81935483870968,19.335483870967742,102.4,67.93548387096774
JAWA BARAT,2018-11-01,23.029999999999998,27.773333333333333,19.55,416.0,82.73333333333333
JAWA BARAT,2018-12-01,23.074193548387097,27.112903225806452,19.932258064516127,156.9,82.19354838709677
JAWA BARAT,2019-01-01,22.664516129032258,26.548387096774192,19.612903225806452,192.4,83.7741935483871
JAWA BARAT,2019-02-01,22.849999999999998,27.196428571428573,19.271428571428572,331.1,84.64285714285714
JAWA BARAT,2019-03-01,22.95483870967742,26.870967741935484,19.73548387096774,233.5,82.35483870967742
JAWA BARAT,2019-04-01,23.09333333333333,27.59,19.623333333333335,287.7,84.86666666666666
JAWA BARAT,2019-05-01,22.916129032258063,27.748387096774195,19.14516129032258,221.0,82.29032258064517
JAWA BARAT,2019-06-01,22.716666666666665,28.73,17.513333333333332,10.700000000000001,72.86666666666666
JAWA BARAT,2019-07-01,22.76451612903226,29.593548387096774,17.18064516129032,10.4,67.2258064516129
JAWA BARAT,2019-08-01,22.92258064516129,30.09032258064516,17.10967741935484,17.7,64.38709677419355
JAWA BARAT,2019-09-01,24.15666666666667,31.563333333333333,17.78666666666667,10.0,59.86666666666667
JAWA BARAT,2019-10-01,24.712903225806453,31.703225806451613,18.951612903225808,61.5,62.774193548387096
JAWA BARAT,2019-11-01,24.163333333333334,30.096666666666668,19.316666666666666,133.4,71.5
JAWA BARAT,2019-12-01,23.403225806451612,28.16774193548387,19.94516129032258,489.4,83.25806451612904
JAWA BARAT,2020-01-01,22.990322580645163,26.719354838709677,20.212903225806453,443.09999999999997,85.29032258064517
JAWA BARAT,2020-02-01,22.858620689655172,26.313793103448276,20.089655172413792,313.1,85.86206896551724
JAWA BARAT,2020-03-01,23.203225806451613,27.45483870967742,20.009677419354837,366.0,84.06451612903226
JAWA BARAT,2020-04-01,23.16,27.376666666666665,19.779999999999998,297.5,85.5
JAWA BARAT,2020-05-01,23.41290322580645,27.729032258064517,19.980645161290322,297.6,84.61290322580645
JAWA BARAT,2020-06-01,22.853333333333335,27.44,18.933333333333334,79.4,81.66666666666667
JAWA BARAT,2020-07-01,22.387096774193548,27.980645161290322,17.86774193548387,43.1,76.6774193548387
JAWA BARAT,2020-08-01,23.190322580645162,29.0258064516129,18.309677419354838,78.1,75.29032258064517
JAWA BARAT,2020-09-01,23.823333333333334,30.113333333333333,18.876666666666665,84.6,69.4
JAWA BARAT,2020-10-01,23.1,28.0258064516129,19.64516129032258,315.2,80.2258064516129
JAWA BARAT,2020-11-01,23.176666666666666,27.753333333333334,19.4,132.9,80.4
JAWA BARAT,2020-12-01,22.48709677419355,26.051612903225806,20.048387096774192,260.7,82.6774193548387
JAWA BARAT,2021-01-01,22.306451612903224,25.664516129032258,20.041935483870965,224.9,83.87096774193549
JAWA BARAT,2021-02-01,22.32857142857143,25.692857142857143,19.932142857142857,154.7,85.32142857142857
JAWA BARAT,2021-03-01,22.687096774193545,26.809677419354838,19.322580645161292,235.5,82.38709677419355
JAWA BARAT,2021-04-01,22.86,27.41,18.959999999999997,140.5,80.86666666666666
JAWA BARAT,2021-05-01,23.248387096774195,27.96451612903226,19.135483870967743,197.9,81.83870967741936
JAWA BARAT,2021-06-01,22.56,26.93,18.40666666666667,180.6,84.7
JAWA BARAT,2021-07-01,22.164516129032258,27.870967741935484,17.1,47.3,78.54838709677419
JAWA BARAT,2021-08-01,22.548387096774192,28.241935483870968,18.200000000000003,117.8,77.7741935483871
JAWA BARAT,2021-09-01,22.91,28.44333333333333,18.59333333333333,114.10000000000001,78.1
JAWA BARAT,2021-10-01,23.316129032258065,29.009677419354837,18.983870967741936,161.6,78.61290322580645
JAWA BARAT,2021-11-01,22.613333333333333,27.09,19.720000000000002,404.6,84.23333333333333
JAWA BARAT,2021-12-01,22.64516129032258,26.72258064516129,19.448387096774194,210.6,84.3225806451613
JAWA BARAT,2022-01-01,22.54516129032258,26.81935483870968,19.103225806451615,118.0,82.6774193548387
JAWA BARAT,2022-02-01,22.489285714285717,26.62142857142857,19.364285714285717,168.5,82.0
JAWA BARAT,2022-03-01,22.690322580645162,27.306451612903224,18.980645161290322,206.2,83.29032258064517
JAWA BARAT,2022-04-01,22.65666666666667,27.40666666666667,18.88,213.7,83.26666666666667
JAWA BARAT,2022-05-01,22.958064516129035,27.89032258064516,18.774193548387096,131.5,83.2258064516129
JAWA BARAT,2022-06-01,22.026666666666664,26.976666666666667,17.796666666666667,81.10000000000001,82.83333333333333
JAWA BARAT,2022-07-01,22.429032258064513,27.806451612903224,17.84193548387097,64.8,80.48387096774194
JAWA BARAT,2022-08-01,22.883870967741935,28.706451612903226,18.212903225806453,54.2,76.90322580645162
JAWA BARAT,2022-09-01,22.723333333333336,28.42,18.483333333333334,211.3,80.06666666666666
JAWA BARAT,2022-10-01,22.42258064516129,27.093548387096774,18.996774193548386,364.7,83.93548387096774
JAWA BARAT,2022-11-01,22.58,27.08,19.236666666666668,254.2,83.2
JAWA BARAT,2022-12-01,22.280645161290323,26.525806451612905,19.270967741935483,263.5,84.03225806451613
JAWA BARAT,2023-01-01,22.287096774193547,26.438709677419357,19.18064516129032,130.9,82.96774193548387
JAWA BARAT,2023-02-01,22.13214285714286,25.439285714285713,19.62142857142857,189.0,83.5
JAWA BARAT,2023-03-01,22.516129032258064,27.193548387096776,18.77741935483871,197.0,83.0
JAWA BARAT,2023-04-01,22.756666666666668,27.80666666666667,18.533333333333335,101.5,82.13333333333334
JAWA BARAT,2023-05-01,22.961290322580645,27.89032258064516,18.725806451612904,187.2,81.93548387096774
JAWA BARAT,2023-06-01,22.936666666666667,28.206666666666667,18.59,74.0,80.7
JAWA BARAT,2023-07-01,22.038709677419355,27.532258064516128,17.370967741935484,64.30000000000001,78.25806451612904
JAWA BARAT,2023-08-01,22.73225806451613,29.32903225806452,16.70967741935484,22.4,70.80645161290323
JAWA BARAT,2023-09-01,23.526666666666664,30.75,17.186666666666667,13.8,63.7
JAWA BARAT,2023-10-01,24.9,32.00967741935484,18.551612903225806,36.5,62.67741935483871
JAWA BARAT,2023-11-01,23.98,30.176666666666666,19.14333333333333,220.6,77.0
JAWA BARAT,2023-12-01,23.470967741935485,28.65806451612903,19.164516129032258,185.4,80.41935483870968
JAWA BARAT,2024-01-01,23.051612903225806,27.38064516129032,19.806451612903224,295.6,83.41935483870968
JAWA BARAT,2024-02-01,23.17241379310345,27.410344827586208,19.900000000000002,245.0,84.44827586206897
JAWA BARAT,2024-03-01,23.02258064516129,27.338709677419356,19.793548387096774,257.2,84.25806451612904
JAWA BARAT,2024-04-01,23.473333333333336,28.346666666666668,19.723333333333336,272.4,85.23333333333333
JAWA BARAT,2024-05-01,23.541935483870965,28.496774193548386,19.093548387096774,218.5,82.06451612903226
JAWA BARAT,2024-06-01,22.67,28.006666666666668,17.763333333333332,87.3,81.93333333333334
JAWA BARAT,2024-07-01,22.074193548387097,27.806451612903224,16.983870967741936,69.60000000000001,78.16129032258064
JAWA TENGAH,2004-01-01,23.24516129032258,25.74516129032258,21.387096774193548,357.3,89.19354838709677
JAWA TENGAH,2004-02-01,23.093103448275862,25.510344827586206,21.32758620689655,319.3,88.75862068965517
JAWA TENGAH,2004-03-01,23.37741935483871,26.14516129032258,21.335483870967742,387.2,88.70967741935483
JAWA TENGAH,2004-04-01,24.27,27.71333333333333,21.45,116.5,82.56666666666666
JAWA TENGAH,2004-05-01,24.019354838709678,27.470967741935485,21.338709677419356,112.5,84.29032258064517
JAWA TENGAH,2004-06-01,23.470000000000002,27.529999999999998,19.93,36.699999999999996,75.36666666666666
JAWA TENGAH,2004-07-01,24.212903225806453,28.41290322580645,20.838709677419356,16.1,71.2258064516129
JAWA TENGAH,2004-08-01,24.403225806451612,29.15806451612903,20.225806451612904,0.9,63.38709677419355
JAWA TENGAH,2004-09-01,25.006666666666668,29.453333333333333,21.46333333333333,22.7,67.9
JAWA TENGAH,2004-10-01,25.83225806451613,30.348387096774193,22.01290322580645,31.799999999999997,65.2258064516129
JAWA TENGAH,2004-11-01,24.563333333333333,27.946666666666665,22.033333333333335,267.9,80.96666666666667
JAWA TENGAH,2004-12-01,23.325806451612905,26.016129032258064,21.458064516129035,434.8,88.58064516129032
JAWA TENGAH,2005-01-01,23.36774193548387,25.929032258064513,21.39032258064516,253.6,87.35483870967742
JAWA TENGAH,2005-02-01,23.55,26.267857142857142,21.45357142857143,219.6,87.78571428571429
JAWA TENGAH,2005-03-01,23.593548387096774,26.44516129032258,21.503225806451614,352.2,88.19354838709677
JAWA TENGAH,2005-04-01,23.88,27.263333333333332,21.226666666666667,169.8,84.0
JAWA TENGAH,2005-05-01,24.312903225806455,27.96451612903226,21.306451612903224,42.9,78.3225806451613
JAWA TENGAH,2005-06-01,24.27,27.746666666666666,21.509999999999998,62.2,79.43333333333334
JAWA TENGAH,2005-07-01,23.83225806451613,28.0258064516129,20.383870967741935,36.4,74.51612903225806
JAWA TENGAH,2005-08-01,24.629032258064516,28.809677419354838,21.106451612903225,10.6,67.7741935483871
JAWA TENGAH,2005-09-01,25.37,29.776666666666664,21.796666666666667,30.7,67.43333333333334
JAWA TENGAH,2005-10-01,24.838709677419356,28.51290322580645,22.08709677419355,164.6,76.03225806451613
JAWA TENGAH,2005-11-01,24.296666666666667,27.8,21.533333333333335,147.0,80.36666666666666
JAWA TENGAH,2005-12-01,23.103225806451615,25.887096774193548,21.187096774193545,475.2,89.19354838709677
JAWA TENGAH,2006-01-01,22.96451612903226,25.393548387096775,21.270967741935483,375.1,88.54838709677419
JAWA TENGAH,2006-02-01,23.24642857142857,25.974999999999998,21.192857142857143,389.4,88.92857142857143
JAWA TENGAH,2006-03-01,23.44193548387097,26.003225806451614,21.506451612903227,280.8,87.45161290322581
JAWA TENGAH,2006-04-01,23.44,26.61,20.990000000000002,260.5,87.4
JAWA TENGAH,2006-05-01,23.48709677419355,26.861290322580647,20.822580645161292,164.4,85.03225806451613
JAWA TENGAH,2006-06-01,23.376666666666665,27.263333333333332,20.14,35.9,77.43333333333334
JAWA TENGAH,2006-07-01,24.061290322580643,28.38064516129032,20.38064516129032,8.9,69.41935483870968
JAWA TENGAH,2006-08-01,24.251612903225805,28.967741935483872,20.17096774193548,2.7,62.58064516129032
JAWA TENGAH,2006-09-01,24.836666666666666,29.69,20.423333333333336,0.6000000000000001,60.5
JAWA TENGAH,2006-10-01,25.674193548387095,30.206451612903226,21.896774193548385,12.7,63.483870967741936
JAWA TENGAH,2006-11-01,25.323333333333334,29.35,22.31,113.89999999999999,75.56666666666666
JAWA TENGAH,2006-12-01,24.06451612903226,27.05806451612903,22.029032258064515,345.6,86.3225806451613
JAWA TENGAH,2007-01-01,23.906451612903226,26.996774193548386,21.23225806451613,170.6,83.74193548387096
JAWA TENGAH,2007-02-01,23.099999999999998,25.67142857142857,21.364285714285717,367.1,89.14285714285714
JAWA TENGAH,2007-03-01,23.35483870967742,26.06451612903226,21.370967741935484,376.9,88.19354838709677
JAWA TENGAH,2007-04-01,23.546666666666667,26.73,21.396666666666665,284.9,88.2
JAWA TENGAH,2007-05-01,23.96451612903226,27.34193548387097,21.24516129032258,100.7,83.12903225806451
JAWA TENGAH,2007-06-01,23.596666666666668,27.153333333333332,20.653333333333332,79.0,81.6
JAWA TENGAH,2007-07-01,24.316129032258065,28.27741935483871,21.032258064516128,7.4,70.90322580645162
JAWA TENGAH,2007-08-01,24.44516129032258,28.896774193548385,20.706451612903226,18.4,65.48387096774194
JAWA TENGAH,2007-09-01,25.18,29.776666666666664,21.31,1.2,62.0
JAWA TENGAH,2007-10-01,25.438709677419357,29.48709677419355,22.299999999999997,55.3,68.80645161290323
JAWA TENGAH,2007-11-01,24.043333333333333,27.413333333333334,21.459999999999997,211.29999999999998,82.6
JAWA TENGAH,2007-12-01,23.358064516129033,26.125806451612902,21.529032258064515,462.40000000000003,88.29032258064517
JAWA TENGAH,2008-01-01,23.22258064516129,25.9741935483871,21.187096774193545,366.8,87.80645161290323
JAWA TENGAH,2008-02-01,22.83448275862069,24.882758620689657,21.47241379310345,275.7,87.55172413793103
JAWA TENGAH,2008-03-01,23.070967741935487,26.0258064516129,20.896774193548385,345.1,88.83870967741936
JAWA TENGAH,2008-04-01,23.40666666666667,26.7,20.85666666666667,184.8,85.7
JAWA TENGAH,2008-05-01,23.603225806451615,27.506451612903227,20.25483870967742,46.2,78.29032258064517
JAWA TENGAH,2008-06-01,24.073333333333334,28.11,20.523333333333333,22.9,73.63333333333334
JAWA TENGAH,2008-07-01,24.241935483870968,28.835483870967742,20.138709677419353,2.5,63.74193548387097
JAWA TENGAH,2008-08-01,24.73548387096774,28.835483870967742,21.403225806451612,41.9,67.6774193548387
JAWA TENGAH,2008-09-01,25.513333333333332,29.779999999999998,21.87,5.9,64.73333333333333
JAWA TENGAH,2008-10-01,24.993548387096773,29.038709677419355,22.067741935483873,182.1,75.58064516129032
JAWA TENGAH,2008-11-01,23.71333333333333,26.91,21.44,313.9,86.63333333333334
JAWA TENGAH,2008-12-01,23.32903225806452,26.20967741935484,21.293548387096774,410.0,87.74193548387096
JAWA TENGAH,2009-01-01,23.070967741935487,25.348387096774193,21.30322580645161,385.5,87.48387096774194
JAWA TENGAH,2009-02-01,22.760714285714283,25.167857142857144,21.11785714285714,544.0,89.39285714285714
JAWA TENGAH,2009-03-01,23.56451612903226,26.654838709677417,20.958064516129035,226.3,85.51612903225806
JAWA TENGAH,2009-04-01,23.94,27.273333333333333,21.28666666666667,168.5,85.5
JAWA TENGAH,2009-05-01,23.79032258064516,27.07741935483871,21.248387096774195,148.4,85.2258064516129
JAWA TENGAH,2009-06-01,24.05666666666667,27.716666666666665,20.89333333333333,27.0,78.7
JAWA TENGAH,2009-07-01,24.048387096774192,28.54516129032258,20.041935483870965,25.499999999999996,69.96774193548387
JAWA TENGAH,2009-08-01,24.690322580645162,29.148387096774194,20.548387096774192,5.8,66.7741935483871
JAWA TENGAH,2009-09-01,25.756666666666668,30.193333333333335,22.026666666666664,9.4,62.6
JAWA TENGAH,2009-10-01,25.361290322580647,29.48709677419355,22.258064516129032,113.0,71.45161290322581
JAWA TENGAH,2009-11-01,24.603333333333335,28.123333333333335,21.903333333333332,228.4,80.53333333333333
JAWA TENGAH,2009-12-01,24.06451612903226,27.041935483870965,21.76451612903226,260.5,85.45161290322581
JAWA TENGAH,2010-01-01,23.206451612903226,25.677419354838708,21.529032258064515,421.6,89.16129032258064
JAWA TENGAH,2010-02-01,23.764285714285712,26.589285714285715,21.74285714285714,362.4,89.07142857142857
JAWA TENGAH,2010-03-01,23.79032258064516,26.458064516129035,21.848387096774193,500.7,89.09677419354838
JAWA TENGAH,2010-04-01,24.1,27.10666666666667,21.94,280.0,88.66666666666667
JAWA TENGAH,2010-05-01,24.296774193548387,27.283870967741933,22.174193548387095,244.6,87.51612903225806
JAWA TENGAH,2010-06-01,23.73,26.85,21.42,189.1,86.06666666666666
JAWA TENGAH,2010-07-01,23.480645161290322,26.838709677419356,20.848387096774193,157.3,84.29032258064517
JAWA TENGAH,2010-08-01,23.87741935483871,27.32903225806452,21.212903225806453,113.1,82.48387096774194
JAWA TENGAH,2010-09-01,23.636666666666667,27.029999999999998,21.176666666666666,244.70000000000002,85.0
JAWA TENGAH,2010-10-01,23.69677419354839,27.003225806451614,21.374193548387098,301.1,85.19354838709677
JAWA TENGAH,2010-11-01,23.596666666666668,26.813333333333333,21.476666666666667,320.1,87.13333333333334
JAWA TENGAH,2010-12-01,23.17096774193548,25.69677419354839,21.432258064516127,435.5,88.29032258064517
JAWA TENGAH,2011-01-01,22.887096774193548,24.925806451612903,21.36774193548387,278.9,87.41935483870968
JAWA TENGAH,2011-02-01,23.114285714285717,25.353571428571428,21.375,262.1,87.21428571428571
JAWA TENGAH,2011-03-01,23.106451612903225,25.86774193548387,20.86774193548387,401.5,88.6774193548387
JAWA TENGAH,2011-04-01,23.246666666666666,26.35666666666667,20.953333333333333,349.0,88.2
JAWA TENGAH,2011-05-01,23.73548387096774,26.725806451612904,21.212903225806453,115.10000000000001,85.03225806451613
JAWA TENGAH,2011-06-01,23.956666666666667,27.926666666666666,20.726666666666667,29.5,74.96666666666667
JAWA TENGAH,2011-07-01,24.041935483870965,28.219354838709677,20.503225806451614,12.700000000000001,71.19354838709677
JAWA TENGAH,2011-08-01,24.532258064516128,29.112903225806452,20.53548387096774,1.7000000000000002,64.45161290322581
JAWA TENGAH,2011-09-01,25.166666666666668,29.540000000000003,21.55666666666667,16.8,63.86666666666667
JAWA TENGAH,2011-10-01,25.20967741935484,29.593548387096774,21.887096774193548,107.5,71.03225806451613
JAWA TENGAH,2011-11-01,23.73,26.89333333333333,21.52,404.4,86.53333333333333
JAWA TENGAH,2011-12-01,23.64516129032258,26.693548387096776,21.638709677419353,393.1,88.0
JAWA TENGAH,2012-01-01,23.08709677419355,25.419354838709676,21.4741935483871,511.9,88.38709677419355
JAWA TENGAH,2012-02-01,23.137931034482758,26.04137931034483,20.944827586206895,365.6,88.37931034482759
JAWA TENGAH,2012-03-01,23.467741935483872,26.083870967741937,21.44193548387097,227.0,85.74193548387096
JAWA TENGAH,2012-04-01,23.746666666666666,26.953333333333333,21.086666666666666,182.1,84.36666666666666
JAWA TENGAH,2012-05-01,23.770967741935483,27.416129032258063,20.84193548387097,84.8,82.16129032258064
JAWA TENGAH,2012-06-01,24.016666666666666,27.826666666666664,20.759999999999998,33.7,76.23333333333333
JAWA TENGAH,2012-07-01,24.096774193548388,28.29032258064516,20.438709677419357,10.399999999999999,68.87096774193549
JAWA TENGAH,2012-08-01,24.506451612903227,29.187096774193545,20.26774193548387,1.4,62.354838709677416
JAWA TENGAH,2012-09-01,25.363333333333333,29.956666666666667,21.453333333333333,4.6,62.2
JAWA TENGAH,2012-10-01,25.838709677419356,30.135483870967743,22.46451612903226,28.0,67.48387096774194
JAWA TENGAH,2012-11-01,24.523333333333333,28.1,22.166666666666668,277.4,81.86666666666666
JAWA TENGAH,2012-12-01,23.429032258064513,26.37741935483871,21.519354838709678,440.9,89.16129032258064
JAWA TENGAH,2013-01-01,23.200000000000003,25.387096774193548,21.72258064516129,460.5,89.16129032258064
JAWA TENGAH,2013-02-01,23.460714285714285,25.960714285714285,21.682142857142857,286.3,88.17857142857143
JAWA TENGAH,2013-03-01,23.741935483870968,26.4741935483871,21.635483870967743,287.8,87.09677419354838
JAWA TENGAH,2013-04-01,23.956666666666667,26.959999999999997,21.77,293.2,86.83333333333333
JAWA TENGAH,2013-05-01,23.906451612903226,26.874193548387098,21.638709677419353,258.7,86.2258064516129
JAWA TENGAH,2013-06-01,23.58,26.346666666666668,21.346666666666668,169.29999999999998,86.8
JAWA TENGAH,2013-07-01,23.05806451612903,26.406451612903226,20.258064516129032,140.2,82.03225806451613
JAWA TENGAH,2013-08-01,24.08709677419355,28.451612903225808,19.98709677419355,25.7,70.19354838709677
JAWA TENGAH,2013-09-01,25.153333333333332,29.59333333333333,21.220000000000002,6.4,65.8
JAWA TENGAH,2013-10-01,25.425806451612903,29.712903225806453,21.990322580645163,117.7,69.25806451612904
JAWA TENGAH,2013-11-01,24.136666666666667,27.413333333333334,21.623333333333335,212.6,82.53333333333333
JAWA TENGAH,2013-12-01,23.261290322580646,25.799999999999997,21.548387096774192,511.1,88.93548387096774
JAWA TENGAH,2014-01-01,22.683870967741935,24.893548387096775,21.229032258064517,490.3,88.51612903225806
JAWA TENGAH,2014-02-01,22.99642857142857,25.164285714285715,21.442857142857143,260.7,87.0
JAWA TENGAH,2014-03-01,23.548387096774192,26.274193548387096,21.4,264.2,87.03225806451613
JAWA TENGAH,2014-04-01,23.779999999999998,26.846666666666668,21.256666666666668,215.7,86.8
JAWA TENGAH,2014-05-01,24.370967741935484,27.703225806451613,21.661290322580644,85.7,83.41935483870968
JAWA TENGAH,2014-06-01,24.573333333333334,28.226666666666667,21.6,62.2,79.23333333333333
JAWA TENGAH,2014-07-01,24.129032258064516,27.851612903225806,20.948387096774194,42.0,74.83870967741936
JAWA TENGAH,2014-08-01,24.77741935483871,29.051612903225806,20.97741935483871,5.7,67.3225806451613
JAWA TENGAH,2014-09-01,25.566666666666666,30.490000000000002,21.31,3.8000000000000003,60.4
JAWA TENGAH,2014-10-01,26.299999999999997,30.725806451612904,22.570967741935487,23.2,62.96774193548387
JAWA TENGAH,2014-11-01,24.80666666666667,28.39,22.096666666666668,309.5,79.56666666666666
JAWA TENGAH,2014-12-01,23.51290322580645,26.33225806451613,21.693548387096776,503.2,88.87096774193549
JAWA TENGAH,2015-01-01,23.08709677419355,25.57741935483871,21.322580645161292,351.6,88.12903225806451
JAWA TENGAH,2015-02-01,23.053571428571427,25.582142857142856,21.25,328.3,88.5
JAWA TENGAH,2015-03-01,23.40967741935484,26.129032258064516,21.403225806451612,325.8,87.12903225806451
JAWA TENGAH,2015-04-01,23.496666666666666,26.42,21.44333333333333,319.2,88.56666666666666
JAWA TENGAH,2015-05-01,24.07741935483871,27.796774193548387,20.887096774193548,80.60000000000001,79.64516129032258
JAWA TENGAH,2015-06-01,24.503333333333334,28.7,20.896666666666665,27.299999999999997,73.0
JAWA TENGAH,2015-07-01,24.83225806451613,29.322580645161292,20.961290322580645,3.5,65.96774193548387
JAWA TENGAH,2015-08-01,24.929032258064513,29.68064516129032,20.925806451612903,1.7000000000000002,63.903225806451616
JAWA TENGAH,2015-09-01,25.636666666666667,30.323333333333334,21.513333333333332,21.3,61.8
JAWA TENGAH,2015-10-01,25.996774193548386,31.067741935483873,21.51290322580645,13.299999999999999,64.58064516129032
JAWA TENGAH,2015-11-01,25.07,28.776666666666664,22.39,208.7,79.7
JAWA TENGAH,2015-12-01,23.851612903225806,26.39032258064516,22.070967741935487,526.0,87.80645161290323
JAWA TENGAH,2016-01-01,24.125806451612902,26.86774193548387,22.177419354838708,262.1,87.48387096774194
JAWA TENGAH,2016-02-01,23.593103448275862,25.900000000000002,22.017241379310345,464.1,89.89655172413794
JAWA TENGAH,2016-03-01,24.345161290322583,26.82903225806452,22.33225806451613,264.2,87.70967741935483
JAWA TENGAH,2016-04-01,24.346666666666668,27.486666666666668,22.14333333333333,284.1,86.3
JAWA TENGAH,2016-05-01,24.68064516129032,27.79032258064516,22.238709677419354,111.6,84.7741935483871
JAWA TENGAH,2016-06-01,24.013333333333332,27.17,21.486666666666668,111.1,84.53333333333333
JAWA TENGAH,2016-07-01,23.993548387096773,27.4741935483871,21.23225806451613,77.4,81.61290322580645
JAWA TENGAH,2016-08-01,24.53548387096774,28.438709677419357,21.17096774193548,43.8,74.51612903225806
JAWA TENGAH,2016-09-01,24.5,28.006666666666668,21.83,194.1,79.46666666666667
JAWA TENGAH,2016-10-01,23.864516129032257,26.948387096774194,21.725806451612904,333.5,86.09677419354838
JAWA TENGAH,2016-11-01,24.066666666666666,27.243333333333332,21.873333333333335,348.6,86.7
JAWA TENGAH,2016-12-01,23.716129032258067,26.43548387096774,21.741935483870968,335.8,87.35483870967742
JAWA TENGAH,2017-01-01,24.403225806451612,27.051612903225806,22.509677419354837,432.6,86.29032258064517
JAWA TENGAH,2017-02-01,24.071428571428573,26.896428571428572,22.11785714285714,366.0,87.46428571428571
JAWA TENGAH,2017-03-01,24.683870967741935,27.493548387096773,22.496774193548386,342.3,86.3225806451613
JAWA TENGAH,2017-04-01,25.05666666666667,27.743333333333332,23.033333333333335,289.2,84.7
JAWA TENGAH,2017-05-01,25.61935483870968,29.15806451612903,22.958064516129035,136.4,78.29032258064517
JAWA TENGAH,2017-06-01,25.28666666666667,28.873333333333335,22.55,146.79999999999998,79.26666666666667
JAWA TENGAH,2017-07-01,25.348387096774193,30.032258064516128,22.006451612903227,51.3,72.03225806451613
JAWA TENGAH,2017-08-01,26.096774193548388,31.919354838709676,22.096774193548388,13.1,63.61290322580645
JAWA TENGAH,2017-09-01,26.366666666666667,31.9,22.66,93.5,66.7
JAWA TENGAH,2017-10-01,25.703225806451613,29.625806451612902,22.97741935483871,175.0,77.87096774193549
JAWA TENGAH,2017-11-01,24.933333333333334,27.936666666666667,22.903333333333332,406.3,84.13333333333334
JAWA TENGAH,2017-12-01,24.625806451612902,27.6,22.345161290322583,398.3,85.06451612903226
JAWA TENGAH,2018-01-01,24.432258064516127,27.345161290322583,22.387096774193548,308.8,84.90322580645162
JAWA TENGAH,2018-02-01,23.764285714285712,26.360714285714288,21.785714285714285,512.2,88.78571428571429
JAWA TENGAH,2018-03-01,24.458064516129035,27.29032258064516,22.174193548387095,340.6,87.06451612903226
JAWA TENGAH,2018-04-01,25.236666666666668,28.413333333333334,22.88,185.0,83.0
JAWA TENGAH,2018-05-01,25.893548387096775,29.970967741935485,22.951612903225808,75.8,74.93548387096774
JAWA TENGAH,2018-06-01,25.783333333333335,30.43,22.44333333333333,63.4,72.43333333333334
JAWA TENGAH,2018-07-01,25.503225806451614,31.496774193548386,21.187096774193545,9.4,63.354838709677416
JAWA TENGAH,2018-08-01,25.541935483870965,31.65806451612903,21.14516129032258,10.0,60.0
JAWA TENGAH,2018-09-01,26.31,32.34,22.209999999999997,15.9,61.36666666666667
JAWA TENGAH,2018-10-01,26.906451612903226,32.18387096774194,22.9741935483871,35.7,65.12903225806451
JAWA TENGAH,2018-11-01,25.613333333333333,29.336666666666666,22.98,286.40000000000003,81.6
JAWA TENGAH,2018-12-01,24.883870967741935,27.893548387096775,22.683870967741935,377.09999999999997,86.83870967741936
JAWA TENGAH,2019-01-01,24.393548387096775,27.116129032258065,22.432258064516127,647.5,89.74193548387096
JAWA TENGAH,2019-02-01,24.567857142857143,27.3,22.47142857142857,530.9,89.17857142857143
JAWA TENGAH,2019-03-01,24.580645161290324,27.41290322580645,22.52258064516129,524.0,88.51612903225806
JAWA TENGAH,2019-04-01,25.273333333333333,28.303333333333335,23.096666666666668,385.1,86.53333333333333
JAWA TENGAH,2019-05-01,25.780645161290323,29.41290322580645,22.83225806451613,94.5,78.45161290322581
JAWA TENGAH,2019-06-01,25.73,30.926666666666666,21.756666666666668,36.5,68.0
JAWA TENGAH,2019-07-01,25.63225806451613,31.225806451612904,21.451612903225808,34.7,63.96774193548387
JAWA TENGAH,2019-08-01,25.92258064516129,32.20322580645161,21.47741935483871,8.700000000000001,60.70967741935484
JAWA TENGAH,2019-09-01,26.673333333333336,33.45333333333333,22.116666666666667,7.9,60.0
JAWA TENGAH,2019-10-01,27.51290322580645,33.76774193548387,23.061290322580643,31.5,60.645161290322584
JAWA TENGAH,2019-11-01,26.59333333333333,31.546666666666667,23.013333333333332,182.4,73.06666666666666
JAWA TENGAH,2019-12-01,25.248387096774195,28.312903225806455,23.003225806451614,395.0,88.48387096774194
JAWA TENGAH,2020-01-01,24.783870967741933,27.61935483870968,22.59032258064516,648.5,88.83870967741936
JAWA TENGAH,2020-02-01,24.56206896551724,27.33103448275862,22.586206896551722,470.7,89.79310344827586
JAWA TENGAH,2020-03-01,24.967741935483872,27.97741935483871,22.783870967741933,460.6,88.7741935483871
JAWA TENGAH,2020-04-01,25.333333333333332,28.366666666666667,23.040000000000003,270.9,86.53333333333333
JAWA TENGAH,2020-05-01,25.74516129032258,28.938709677419357,23.348387096774193,226.3,84.16129032258064
JAWA TENGAH,2020-06-01,25.779999999999998,29.80666666666667,22.44,63.8,75.96666666666667
JAWA TENGAH,2020-07-01,26.061290322580643,31.493548387096773,22.0258064516129,54.0,67.0
JAWA TENGAH,2020-08-01,26.612903225806452,32.167741935483875,22.75483870967742,42.2,66.29032258064517
JAWA TENGAH,2020-09-01,26.396666666666665,31.696666666666665,22.60666666666667,126.5,68.8
JAWA TENGAH,2020-10-01,25.780645161290323,30.022580645161288,22.87741935483871,271.2,77.38709677419355
JAWA TENGAH,2020-11-01,25.466666666666665,29.03666666666667,22.803333333333335,342.6,83.13333333333334
JAWA TENGAH,2020-12-01,24.238709677419354,27.05483870967742,22.26451612903226,600.0,89.16129032258064
JAWA TENGAH,2021-01-01,23.85483870967742,26.4741935483871,22.1,572.8,90.03225806451613
JAWA TENGAH,2021-02-01,23.664285714285715,26.175,21.967857142857145,529.0,91.28571428571429
JAWA TENGAH,2021-03-01,24.39032258064516,27.193548387096776,22.22258064516129,431.2,88.80645161290323
JAWA TENGAH,2021-04-01,24.970000000000002,28.233333333333334,22.35,196.1,84.46666666666667
JAWA TENGAH,2021-05-01,25.741935483870968,29.46451612903226,23.02258064516129,184.9,81.03225806451613
JAWA TENGAH,2021-06-01,24.94333333333333,28.34333333333333,22.509999999999998,194.9,84.66666666666667
JAWA TENGAH,2021-07-01,25.961290322580645,30.970967741935485,22.09032258064516,19.5,67.74193548387096
JAWA TENGAH,2021-08-01,26.23548387096774,31.606451612903225,22.396774193548385,93.0,68.2258064516129
JAWA TENGAH,2021-09-01,26.1,31.209999999999997,22.56,119.9,71.53333333333333
JAWA TENGAH,2021-10-01,26.05483870967742,30.848387096774193,22.706451612903226,183.1,74.38709677419355
JAWA TENGAH,2021-11-01,24.626666666666665,27.68,22.470000000000002,497.3,87.43333333333334
JAWA TENGAH,2021-12-01,24.5258064516129,27.651612903225807,22.23225806451613,507.3,88.2258064516129
JAWA TENGAH,2022-01-01,24.135483870967743,27.080645161290324,21.806451612903224,399.9,86.6774193548387
JAWA TENGAH,2022-02-01,24.25714285714286,27.175,22.125,325.4,86.78571428571429
JAWA TENGAH,2022-03-01,24.629032258064516,27.72258064516129,22.34193548387097,530.0,87.64516129032258
JAWA TENGAH,2022-04-01,24.95,28.18,22.540000000000003,327.8,84.26666666666667
JAWA TENGAH,2022-05-01,25.18064516129032,28.361290322580647,22.851612903225806,219.0,84.25806451612904
JAWA TENGAH,2022-06-01,24.64,28.133333333333333,21.853333333333335,206.5,82.26666666666667
JAWA TENGAH,2022-07-01,25.061290322580643,29.506451612903227,21.683870967741935,95.9,76.51612903225806
JAWA TENGAH,2022-08-01,25.60967741935484,30.69677419354839,22.01290322580645,102.3,72.19354838709677
JAWA TENGAH,2022-09-01,25.956666666666667,31.066666666666666,22.376666666666665,159.6,72.83333333333333
JAWA TENGAH,2022-10-01,24.503225806451614,28.15806451612903,22.05806451612903,512.2,84.54838709677419
JAWA TENGAH,2022-11-01,24.486666666666668,27.613333333333333,22.186666666666667,602.1,87.06666666666666
JAWA TENGAH,2022-12-01,24.345161290322583,27.370967741935484,22.009677419354837,411.6,85.93548387096774
JAWA TENGAH,2023-01-01,24.106451612903225,27.135483870967743,21.703225806451613,419.40000000000003,86.87096774193549
JAWA TENGAH,2023-02-01,23.821428571428573,26.610714285714288,21.8,423.2,88.21428571428571
JAWA TENGAH,2023-03-01,24.516129032258064,27.67096774193548,22.032258064516128,423.4,86.25806451612904
JAWA TENGAH,2023-04-01,24.95,28.16,22.413333333333334,386.1,84.63333333333334
JAWA TENGAH,2023-05-01,25.641935483870967,29.616129032258065,22.383870967741935,99.6,77.03225806451613
JAWA TENGAH,2023-06-01,25.990000000000002,30.873333333333335,22.39333333333333,70.2,73.76666666666667
JAWA TENGAH,2023-07-01,25.629032258064516,30.86774193548387,21.54516129032258,60.5,69.35483870967742
JAWA TENGAH,2023-08-01,26.396774193548385,32.696774193548386,21.677419354838708,7.2,62.58064516129032
JAWA TENGAH,2023-09-01,26.986666666666668,33.733333333333334,22.023333333333333,15.1,57.03333333333333
JAWA TENGAH,2023-10-01,27.980645161290322,34.0516129032258,23.654838709677417,36.3,63.12903225806452
JAWA TENGAH,2023-11-01,26.533333333333335,31.06,23.35666666666667,233.5,78.26666666666667
JAWA TENGAH,2023-12-01,25.87741935483871,29.57741935483871,22.851612903225806,281.8,80.83870967741936
JAWA TENGAH,2024-01-01,25.083870967741937,28.280645161290323,22.76451612903226,427.0,87.90322580645162
JAWA TENGAH,2024-02-01,25.151724137931033,28.106896551724137,22.879310344827587,553.7,88.24137931034483
JAWA TENGAH,2024-03-01,25.322580645161292,28.574193548387097,22.970967741935485,407.1,87.0
JAWA TENGAH,2024-04-01,25.926666666666666,29.423333333333336,23.483333333333334,371.3,86.66666666666667
JAWA TENGAH,2024-05-01,26.916129032258063,31.364516129032257,23.483870967741936,51.0,75.25806451612904
JAWA TENGAH,2024-06-01,26.05666666666667,30.676666666666666,22.66,88.7,77.5
JAWA TENGAH,2024-07-01,25.796774193548387,31.193548387096776,21.603225806451615,53.5,69.80645161290323
DKI JAKARTA,2004-01-01,25.85483870967742,28.719354838709677,23.738709677419354,270.3,85.96774193548387
DKI JAKARTA,2004-02-01,25.689655172413794,28.49655172413793,23.617241379310343,248.4,86.51724137931035
DKI JAKARTA,2004-03-01,26.074193548387097,29.248387096774195,23.741935483870968,228.9,85.3225806451613
DKI JAKARTA,2004-04-01,26.653333333333332,30.1,23.96333333333333,113.0,83.5
DKI JAKARTA,2004-05-01,26.299999999999997,29.683870967741935,23.741935483870968,211.7,84.58064516129032
DKI JAKARTA,2004-06-01,25.87,29.46333333333333,22.756666666666668,34.7,79.83333333333333
DKI JAKARTA,2004-07-01,25.79032258064516,29.470967741935485,22.61935483870968,43.3,80.03225806451613
DKI JAKARTA,2004-08-01,26.74516129032258,30.87741935483871,23.006451612903227,2.8,72.06451612903226
DKI JAKARTA,2004-09-01,27.07,31.173333333333336,23.57,35.1,74.23333333333333
DKI JAKARTA,2004-10-01,27.516129032258064,31.925806451612903,23.85483870967742,38.7,74.6774193548387
DKI JAKARTA,2004-11-01,26.8,30.273333333333333,24.09,185.1,81.16666666666667
DKI JAKARTA,2004-12-01,25.758064516129032,28.60967741935484,23.551612903225806,234.0,86.03225806451613
DKI JAKARTA,2005-01-01,25.690322580645162,28.47741935483871,23.46451612903226,260.7,86.38709677419355
DKI JAKARTA,2005-02-01,25.964285714285715,29.02857142857143,23.62142857142857,253.4,86.0
DKI JAKARTA,2005-03-01,26.261290322580646,29.34193548387097,23.780645161290323,202.6,85.70967741935483
DKI JAKARTA,2005-04-01,26.589999999999996,29.98,23.996666666666666,107.4,83.56666666666666
DKI JAKARTA,2005-05-01,26.629032258064516,29.903225806451612,23.835483870967742,66.7,82.12903225806451
DKI JAKARTA,2005-06-01,26.15,29.62,23.40666666666667,92.2,83.73333333333333
DKI JAKARTA,2005-07-01,26.112903225806452,29.538709677419355,23.10967741935484,62.4,79.61290322580645
DKI JAKARTA,2005-08-01,26.364516129032257,30.10967741935484,23.325806451612905,51.6,78.7741935483871
DKI JAKARTA,2005-09-01,27.16,31.123333333333335,23.86,58.699999999999996,76.4
DKI JAKARTA,2005-10-01,26.648387096774194,30.32903225806452,23.84516129032258,135.3,80.83870967741936
DKI JAKARTA,2005-11-01,26.32,29.740000000000002,23.673333333333336,168.6,82.83333333333333
DKI JAKARTA,2005-12-01,26.08709677419355,29.22258064516129,23.761290322580646,157.2,83.25806451612904
DKI JAKARTA,2006-01-01,25.425806451612903,28.151612903225807,23.53548387096774,328.9,85.96774193548387
DKI JAKARTA,2006-02-01,25.914285714285715,29.00714285714286,23.61785714285714,279.1,85.64285714285714
DKI JAKARTA,2006-03-01,26.05806451612903,29.1,23.68064516129032,235.7,84.54838709677419
DKI JAKARTA,2006-04-01,26.123333333333335,29.459999999999997,23.673333333333336,145.8,84.2
DKI JAKARTA,2006-05-01,26.177419354838708,29.432258064516127,23.493548387096773,119.8,84.61290322580645
DKI JAKARTA,2006-06-01,26.003333333333334,29.576666666666664,22.80666666666667,39.199999999999996,80.9
DKI JAKARTA,2006-07-01,26.67096774193548,30.358064516129033,23.39032258064516,29.5,76.19354838709677
DKI JAKARTA,2006-08-01,26.616129032258065,30.951612903225808,22.641935483870967,3.5,71.06451612903226
DKI JAKARTA,2006-09-01,27.153333333333332,31.796666666666667,23.063333333333333,3.7,69.66666666666667
DKI JAKARTA,2006-10-01,27.712903225806453,32.13870967741936,23.948387096774194,37.300000000000004,71.96774193548387
DKI JAKARTA,2006-11-01,27.226666666666667,31.166666666666668,24.07,105.3,78.86666666666666
DKI JAKARTA,2006-12-01,26.37741935483871,29.36774193548387,24.183870967741935,310.9,85.09677419354838
DKI JAKARTA,2007-01-01,26.5258064516129,29.845161290322583,23.79032258064516,177.9,79.6774193548387
DKI JAKARTA,2007-02-01,25.792857142857144,28.664285714285715,23.521428571428572,256.9,85.78571428571429
DKI JAKARTA,2007-03-01,26.193548387096776,29.15806451612903,24.038709677419355,216.0,83.90322580645162
DKI JAKARTA,2007-04-01,26.11,29.3,23.740000000000002,236.7,86.56666666666666
DKI JAKARTA,2007-05-01,26.34193548387097,29.56451612903226,23.73225806451613,116.8,84.45161290322581
DKI JAKARTA,2007-06-01,26.116666666666667,29.40666666666667,23.403333333333332,115.0,83.66666666666667
DKI JAKARTA,2007-07-01,26.299999999999997,29.861290322580647,23.13225806451613,36.2,78.64516129032258
DKI JAKARTA,2007-08-01,26.570967741935487,30.741935483870968,22.91290322580645,55.8,75.06451612903226
DKI JAKARTA,2007-09-01,27.323333333333334,31.673333333333336,23.6,18.3,71.76666666666667
DKI JAKARTA,2007-10-01,27.206451612903226,31.18064516129032,23.92258064516129,79.7,76.51612903225806
DKI JAKARTA,2007-11-01,26.69,30.446666666666665,23.766666666666666,107.4,79.36666666666666
DKI JAKARTA,2007-12-01,25.81935483870968,28.693548387096776,23.799999999999997,379.2,85.54838709677419
DKI JAKARTA,2008-01-01,26.048387096774192,29.029032258064515,23.725806451612904,165.3,83.19354838709677
DKI JAKARTA,2008-02-01,25.282758620689656,27.75862068965517,23.49655172413793,308.3,85.72413793103448
DKI JAKARTA,2008-03-01,25.700000000000003,28.858064516129033,23.18064516129032,271.7,85.25806451612904
DKI JAKARTA,2008-04-01,25.95,29.246666666666666,23.253333333333334,198.4,85.06666666666666
DKI JAKARTA,2008-05-01,26.36774193548387,29.916129032258063,23.1,28.0,79.96774193548387
DKI JAKARTA,2008-06-01,26.386666666666667,30.06,23.17,44.4,78.4
DKI JAKARTA,2008-07-01,26.835483870967742,31.212903225806453,22.851612903225806,5.6,71.03225806451613
DKI JAKARTA,2008-08-01,26.661290322580644,30.687096774193545,23.37741935483871,88.89999999999999,75.90322580645162
DKI JAKARTA,2008-09-01,27.46333333333333,31.686666666666667,23.833333333333332,24.6,73.2
DKI JAKARTA,2008-10-01,27.032258064516128,31.05483870967742,24.029032258064515,117.2,79.06451612903226
DKI JAKARTA,2008-11-01,26.123333333333335,29.42,23.793333333333333,295.6,85.46666666666667
DKI JAKARTA,2008-12-01,25.729032258064517,28.451612903225808,23.67096774193548,284.2,85.61290322580645
DKI JAKARTA,2009-01-01,25.41290322580645,28.25483870967742,23.32903225806452,216.9,85.35483870967742
DKI JAKARTA,2009-02-01,25.353571428571428,27.892857142857142,23.61785714285714,288.7,86.17857142857143
DKI JAKARTA,2009-03-01,26.116129032258065,29.51290322580645,23.461290322580645,198.0,83.93548387096774
DKI JAKARTA,2009-04-01,26.396666666666665,29.753333333333334,23.733333333333334,165.8,84.96666666666667
DKI JAKARTA,2009-05-01,26.44193548387097,29.583870967741937,23.896774193548385,116.0,84.25806451612904
DKI JAKARTA,2009-06-01,26.433333333333334,29.83,23.65,63.9,81.56666666666666
DKI JAKARTA,2009-07-01,26.66774193548387,30.61935483870968,23.164516129032258,37.6,74.80645161290323
DKI JAKARTA,2009-08-01,27.14516129032258,31.364516129032257,23.416129032258063,12.5,73.48387096774194
DKI JAKARTA,2009-09-01,27.75,32.10666666666667,23.993333333333332,26.0,72.16666666666667
DKI JAKARTA,2009-10-01,27.729032258064517,31.725806451612904,24.45483870967742,75.3,74.12903225806451
DKI JAKARTA,2009-11-01,26.863333333333333,30.256666666666668,24.39,271.59999999999997,80.73333333333333
DKI JAKARTA,2009-12-01,26.251612903225805,29.335483870967742,23.83225806451613,223.1,85.12903225806451
DKI JAKARTA,2010-01-01,25.806451612903224,28.616129032258065,23.787096774193547,297.2,85.70967741935483
DKI JAKARTA,2010-02-01,26.375,29.29642857142857,24.185714285714287,275.1,86.28571428571429
DKI JAKARTA,2010-03-01,26.348387096774193,29.4,24.261290322580646,321.1,86.74193548387096
DKI JAKARTA,2010-04-01,27.236666666666668,30.676666666666666,24.523333333333333,95.1,82.4
DKI JAKARTA,2010-05-01,26.916129032258063,30.164516129032258,24.47741935483871,195.3,85.7741935483871
DKI JAKARTA,2010-06-01,26.21333333333333,29.216666666666665,23.93,148.7,85.9
DKI JAKARTA,2010-07-01,25.86774193548387,29.016129032258064,23.470967741935485,239.0,85.41935483870968
DKI JAKARTA,2010-08-01,26.18064516129032,29.483870967741936,23.567741935483873,115.2,83.64516129032258
DKI JAKARTA,2010-09-01,25.993333333333332,29.276666666666664,23.55,192.2,85.23333333333333
DKI JAKARTA,2010-10-01,26.116129032258065,29.516129032258064,23.548387096774192,238.0,84.6774193548387
DKI JAKARTA,2010-11-01,26.1,29.246666666666666,23.816666666666666,284.2,84.83333333333333
DKI JAKARTA,2010-12-01,25.661290322580644,28.345161290322583,23.751612903225805,255.6,84.06451612903226
DKI JAKARTA,2011-01-01,25.574193548387097,28.241935483870968,23.506451612903227,170.70000000000002,84.90322580645162
DKI JAKARTA,2011-02-01,25.803571428571427,28.482142857142858,23.575,151.0,84.21428571428571
DKI JAKARTA,2011-03-01,25.90967741935484,28.916129032258063,23.719354838709677,150.0,83.58064516129032
DKI JAKARTA,2011-04-01,26.006666666666668,29.10666666666667,23.603333333333335,180.8,84.8
DKI JAKARTA,2011-05-01,26.190322580645162,29.335483870967742,23.74516129032258,124.4,84.87096774193549
DKI JAKARTA,2011-06-01,26.35,29.803333333333335,23.44,59.8,79.93333333333334
DKI JAKARTA,2011-07-01,26.203225806451613,29.719354838709677,23.24516129032258,31.7,78.58064516129032
DKI JAKARTA,2011-08-01,27.009677419354837,31.19677419354839,23.416129032258063,8.1,71.90322580645162
DKI JAKARTA,2011-09-01,27.46333333333333,31.633333333333333,23.78666666666667,24.3,71.3
DKI JAKARTA,2011-10-01,27.129032258064516,31.164516129032258,24.05483870967742,134.7,77.7741935483871
DKI JAKARTA,2011-11-01,26.3,29.653333333333332,23.793333333333333,221.0,82.4
DKI JAKARTA,2011-12-01,26.361290322580647,29.419354838709676,24.11935483870968,225.6,83.70967741935483
DKI JAKARTA,2012-01-01,25.70967741935484,28.31935483870968,23.82903225806452,259.1,84.96774193548387
DKI JAKARTA,2012-02-01,25.78620689655172,28.886206896551727,23.441379310344825,293.09999999999997,86.27586206896552
DKI JAKARTA,2012-03-01,26.345161290322583,29.364516129032257,24.0,125.5,81.35483870967742
DKI JAKARTA,2012-04-01,26.05,29.346666666666668,23.626666666666665,260.0,85.43333333333334
DKI JAKARTA,2012-05-01,26.406451612903226,29.629032258064516,23.703225806451613,97.0,83.38709677419355
DKI JAKARTA,2012-06-01,26.236666666666668,29.61,23.473333333333336,70.3,82.53333333333333
DKI JAKARTA,2012-07-01,26.335483870967742,30.061290322580643,23.070967741935487,18.8,77.16129032258064
DKI JAKARTA,2012-08-01,26.967741935483872,31.370967741935484,23.241935483870968,3.2,70.93548387096774
DKI JAKARTA,2012-09-01,27.33,31.64,23.540000000000003,18.400000000000002,71.9
DKI JAKARTA,2012-10-01,27.241935483870968,31.31935483870968,24.06451612903226,92.4,76.70967741935483
DKI JAKARTA,2012-11-01,26.466666666666665,29.803333333333335,24.066666666666666,254.29999999999998,84.13333333333334
DKI JAKARTA,2012-12-01,26.06451612903226,29.270967741935483,23.967741935483872,292.2,85.74193548387096
DKI JAKARTA,2013-01-01,25.5,27.948387096774194,23.806451612903224,394.3,87.16129032258064
DKI JAKARTA,2013-02-01,25.932142857142857,28.807142857142857,23.82857142857143,261.8,85.5
DKI JAKARTA,2013-03-01,26.490322580645163,29.748387096774195,23.996774193548386,212.1,84.12903225806451
DKI JAKARTA,2013-04-01,26.456666666666667,29.63,24.163333333333334,282.5,85.36666666666666
DKI JAKARTA,2013-05-01,26.406451612903226,29.648387096774194,23.94516129032258,176.20000000000002,85.51612903225806
DKI JAKARTA,2013-06-01,26.336666666666666,29.59333333333333,23.82,115.8,84.33333333333333
DKI JAKARTA,2013-07-01,25.496774193548386,28.596774193548388,23.177419354838708,247.6,84.93548387096774
DKI JAKARTA,2013-08-01,26.19677419354839,29.967741935483872,23.048387096774192,40.4,77.80645161290323
DKI JAKARTA,2013-09-01,26.756666666666668,30.59333333333333,23.34,73.4,76.86666666666666
DKI JAKARTA,2013-10-01,27.17096774193548,31.003225806451614,23.970967741935485,89.6,77.03225806451613
DKI JAKARTA,2013-11-01,26.336666666666666,29.853333333333335,23.646666666666665,143.6,81.46666666666667
DKI JAKARTA,2013-12-01,25.864516129032257,28.783870967741933,23.80322580645161,370.2,85.93548387096774
DKI JAKARTA,2014-01-01,25.05806451612903,27.654838709677417,23.296774193548387,359.8,86.87096774193549
DKI JAKARTA,2014-02-01,25.474999999999998,28.09642857142857,23.310714285714287,260.2,86.5
DKI JAKARTA,2014-03-01,25.864516129032257,28.925806451612903,23.47741935483871,262.2,86.64516129032258
DKI JAKARTA,2014-04-01,26.466666666666665,30.076666666666664,23.85666666666667,189.8,84.5
DKI JAKARTA,2014-05-01,26.687096774193545,30.1,24.009677419354837,108.3,84.54838709677419
DKI JAKARTA,2014-06-01,26.44,29.846666666666668,23.903333333333332,173.2,84.13333333333334
DKI JAKARTA,2014-07-01,25.951612903225808,29.23225806451613,23.293548387096774,102.0,83.12903225806451
DKI JAKARTA,2014-08-01,26.299999999999997,29.874193548387098,23.17096774193548,23.8,78.51612903225806
DKI JAKARTA,2014-09-01,27.246666666666666,31.573333333333334,23.446666666666665,11.5,70.66666666666667
DKI JAKARTA,2014-10-01,27.825806451612905,32.170967741935485,24.212903225806453,40.3,72.19354838709677
DKI JAKARTA,2014-11-01,26.886666666666667,30.543333333333333,24.233333333333334,231.5,81.56666666666666
DKI JAKARTA,2014-12-01,26.093548387096774,29.06451612903226,24.125806451612902,356.4,85.35483870967742
DKI JAKARTA,2015-01-01,25.516129032258064,28.11935483870968,23.61935483870968,254.3,85.2258064516129
DKI JAKARTA,2015-02-01,25.410714285714285,28.164285714285715,23.239285714285717,335.1,86.82142857142857
DKI JAKARTA,2015-03-01,25.83225806451613,28.838709677419356,23.638709677419353,269.0,85.93548387096774
DKI JAKARTA,2015-04-01,26.220000000000002,29.266666666666666,23.953333333333333,254.6,85.6
DKI JAKARTA,2015-05-01,26.780645161290323,30.17096774193548,23.903225806451612,71.6,81.16129032258064
DKI JAKARTA,2015-06-01,26.916666666666668,30.626666666666665,23.77,44.7,78.03333333333333
DKI JAKARTA,2015-07-01,26.996774193548386,30.993548387096773,23.80322580645161,17.7,73.45161290322581
DKI JAKARTA,2015-08-01,26.92258064516129,31.316129032258065,23.490322580645163,16.599999999999998,74.0
DKI JAKARTA,2015-09-01,27.623333333333335,32.25,23.709999999999997,19.299999999999997,69.9
DKI JAKARTA,2015-10-01,28.200000000000003,32.95483870967742,24.27741935483871,20.7,69.2258064516129
DKI JAKARTA,2015-11-01,27.353333333333335,31.066666666666666,24.563333333333333,162.6,79.4
DKI JAKARTA,2015-12-01,26.274193548387096,29.200000000000003,24.103225806451615,323.3,85.25806451612904
DKI JAKARTA,2016-01-01,26.458064516129035,29.322580645161292,24.287096774193547,304.5,86.83870967741936
DKI JAKARTA,2016-02-01,26.03103448275862,28.655172413793103,24.193103448275863,448.2,88.0
DKI JAKARTA,2016-03-01,26.62258064516129,29.548387096774192,24.483870967741936,328.5,87.3225806451613
DKI JAKARTA,2016-04-01,26.73,29.903333333333332,24.53666666666667,332.3,86.6
DKI JAKARTA,2016-05-01,26.89032258064516,29.806451612903224,24.69677419354839,199.4,85.70967741935483
DKI JAKARTA,2016-06-01,26.513333333333332,29.646666666666665,24.046666666666667,103.5,84.3
DKI JAKARTA,2016-07-01,26.25483870967742,29.700000000000003,23.483870967741936,119.8,83.7741935483871
DKI JAKARTA,2016-08-01,26.448387096774194,29.845161290322583,23.65806451612903,116.0,81.7741935483871
DKI JAKARTA,2016-09-01,26.473333333333336,29.81,23.853333333333335,161.5,82.73333333333333
DKI JAKARTA,2016-10-01,26.229032258064517,29.361290322580647,24.019354838709678,355.3,84.83870967741936
DKI JAKARTA,2016-11-01,26.43,29.67,24.19,262.9,84.83333333333333
DKI JAKARTA,2016-12-01,26.299999999999997,29.08709677419355,24.25483870967742,175.9,82.64516129032258
DKI JAKARTA,2017-01-01,26.44516129032258,29.65806451612903,24.12258064516129,195.6,83.16129032258064
DKI JAKARTA,2017-02-01,25.74642857142857,29.099999999999998,23.564285714285713,311.8,86.5
DKI JAKARTA,2017-03-01,26.748387096774195,30.787096774193547,23.87741935483871,258.1,83.38709677419355
DKI JAKARTA,2017-04-01,26.826666666666664,30.790000000000003,24.126666666666665,235.2,84.0
DKI JAKARTA,2017-05-01,27.438709677419357,31.5741935483871,24.32903225806452,141.9,81.48387096774194
DKI JAKARTA,2017-06-01,26.913333333333334,30.89,23.83,198.8,82.4
DKI JAKARTA,2017-07-01,26.81935483870968,31.016129032258064,23.57741935483871,61.9,79.41935483870968
DKI JAKARTA,2017-08-01,27.70967741935484,32.561290322580646,23.961290322580645,14.0,70.35483870967742
DKI JAKARTA,2017-09-01,28.043333333333333,32.79333333333333,24.59333333333333,115.6,71.8
DKI JAKARTA,2017-10-01,27.248387096774195,31.64516129032258,24.22258064516129,210.1,81.83870967741936
DKI JAKARTA,2017-11-01,27.003333333333334,31.133333333333333,24.30666666666667,267.5,82.66666666666667
DKI JAKARTA,2017-12-01,26.706451612903226,30.674193548387095,24.096774193548388,205.6,80.87096774193549
DKI JAKARTA,2018-01-01,26.296774193548387,29.638709677419353,24.006451612903227,191.3,82.29032258064517
DKI JAKARTA,2018-02-01,25.810714285714287,29.060714285714287,23.414285714285715,266.8,86.32142857142857
DKI JAKARTA,2018-03-01,26.503225806451614,30.519354838709678,23.641935483870967,252.0,84.16129032258064
DKI JAKARTA,2018-04-01,26.706666666666667,30.686666666666667,23.740000000000002,189.8,84.8
DKI JAKARTA,2018-05-01,27.26774193548387,31.62258064516129,23.748387096774195,110.60000000000001,80.74193548387096
DKI JAKARTA,2018-06-01,27.16,31.523333333333333,23.740000000000002,55.3,79.9
DKI JAKARTA,2018-07-01,26.9741935483871,31.92258064516129,22.84193548387097,20.3,73.58064516129032
DKI JAKARTA,2018-08-01,27.651612903225807,32.5,23.648387096774194,17.9,67.64516129032258
DKI JAKARTA,2018-09-01,27.666666666666668,32.946666666666665,23.573333333333334,38.5,69.9
DKI JAKARTA,2018-10-01,28.12258064516129,32.906451612903226,24.42258064516129,99.0,73.7741935483871
DKI JAKARTA,2018-11-01,27.026666666666664,31.34,24.066666666666666,258.7,83.46666666666667
DKI JAKARTA,2018-12-01,27.006451612903227,30.88064516129032,24.216129032258067,170.6,81.38709677419355
DKI JAKARTA,2019-01-01,26.467741935483872,29.741935483870968,23.893548387096775,253.3,85.03225806451613
DKI JAKARTA,2019-02-01,26.52857142857143,30.357142857142858,23.717857142857145,249.6,86.57142857142857
DKI JAKARTA,2019-03-01,26.719354838709677,30.574193548387097,24.01290322580645,255.9,85.16129032258064
DKI JAKARTA,2019-04-01,26.953333333333333,31.366666666666667,24.043333333333333,250.4,86.16666666666667
DKI JAKARTA,2019-05-01,27.358064516129033,31.567741935483873,23.95483870967742,133.1,82.16129032258064
DKI JAKARTA,2019-06-01,27.75,32.72666666666667,23.633333333333333,31.5,74.1
DKI JAKARTA,2019-07-01,27.96451612903226,33.5258064516129,23.638709677419353,21.2,66.58064516129032
DKI JAKARTA,2019-08-01,27.86774193548387,33.21290322580645,23.67096774193548,26.0,65.3225806451613
DKI JAKARTA,2019-09-01,28.34333333333333,33.79666666666667,24.1,8.4,65.8
DKI JAKARTA,2019-10-01,28.570967741935487,33.89354838709678,24.461290322580645,49.4,69.7741935483871
DKI JAKARTA,2019-11-01,28.06,32.92666666666666,24.453333333333333,134.9,77.36666666666666
DKI JAKARTA,2019-12-01,26.932258064516127,30.932258064516127,24.135483870967743,364.2,85.2258064516129
DKI JAKARTA,2020-01-01,26.45483870967742,29.567741935483873,24.10967741935484,477.0,87.64516129032258
DKI JAKARTA,2020-02-01,26.306896551724137,29.441379310344825,24.082758620689653,390.6,88.37931034482759
DKI JAKARTA,2020-03-01,26.787096774193547,30.62258064516129,24.04516129032258,331.8,86.48387096774194
DKI JAKARTA,2020-04-01,26.98,30.866666666666667,24.16,280.9,86.86666666666666
DKI JAKARTA,2020-05-01,27.216129032258067,31.18064516129032,24.193548387096776,236.20000000000002,85.90322580645162
DKI JAKARTA,2020-06-01,27.09,31.483333333333334,23.65666666666667,122.10000000000001,82.86666666666666
DKI JAKARTA,2020-07-01,27.26451612903226,32.07741935483871,23.43548387096774,79.5,76.51612903225806
DKI JAKARTA,2020-08-01,27.787096774193547,33.01935483870968,23.858064516129033,73.0,73.12903225806451
DKI JAKARTA,2020-09-01,27.759999999999998,32.97666666666667,23.790000000000003,88.3,75.43333333333334
DKI JAKARTA,2020-10-01,27.219354838709677,31.870967741935484,23.95483870967742,227.6,80.54838709677419
DKI JAKARTA,2020-11-01,27.053333333333335,31.313333333333333,24.073333333333334,205.9,83.4
DKI JAKARTA,2020-12-01,26.161290322580644,29.580645161290324,23.990322580645163,243.0,84.51612903225806
DKI JAKARTA,2021-01-01,25.690322580645162,28.629032258064516,23.6,427.2,87.58064516129032
DKI JAKARTA,2021-02-01,25.74285714285714,28.946428571428573,23.442857142857143,402.7,88.21428571428571
DKI JAKARTA,2021-03-01,26.529032258064515,30.493548387096773,23.57741935483871,235.5,84.96774193548387
DKI JAKARTA,2021-04-01,26.81,30.746666666666666,23.706666666666667,152.8,83.86666666666666
DKI JAKARTA,2021-05-01,27.306451612903224,31.53548387096774,24.129032258064516,165.5,83.54838709677419
DKI JAKARTA,2021-06-01,26.493333333333332,30.723333333333336,23.41,148.8,85.83333333333333
DKI JAKARTA,2021-07-01,26.96451612903226,31.64516129032258,23.11935483870968,47.9,78.2258064516129
DKI JAKARTA,2021-08-01,27.161290322580644,31.883870967741935,23.419354838709676,114.10000000000001,77.41935483870968
DKI JAKARTA,2021-09-01,27.236666666666668,31.9,23.740000000000002,163.2,79.36666666666666
DKI JAKARTA,2021-10-01,27.270967741935483,32.22258064516129,23.758064516129032,167.4,79.7741935483871
DKI JAKARTA,2021-11-01,26.67,31.05666666666667,23.933333333333334,240.9,82.9
DKI JAKARTA,2021-12-01,26.45483870967742,30.67096774193548,23.603225806451615,302.1,84.7741935483871
DKI JAKARTA,2022-01-01,26.31935483870968,30.4741935483871,23.32903225806452,232.9,83.74193548387096
DKI JAKARTA,2022-02-01,26.264285714285712,30.232142857142858,23.542857142857144,208.5,83.71428571428571
DKI JAKARTA,2022-03-01,26.76774193548387,31.151612903225807,23.887096774193548,266.1,83.25806451612904
DKI JAKARTA,2022-04-01,26.813333333333333,31.583333333333332,23.723333333333336,210.0,83.7
DKI JAKARTA,2022-05-01,26.88064516129032,31.393548387096775,23.76451612903226,153.7,84.87096774193549
DKI JAKARTA,2022-06-01,26.076666666666664,30.726666666666667,22.86,188.0,85.33333333333333
DKI JAKARTA,2022-07-01,26.796774193548387,31.37741935483871,23.29032258064516,122.2,80.7741935483871
DKI JAKARTA,2022-08-01,26.68064516129032,31.983870967741936,22.870967741935484,143.9,80.12903225806451
DKI JAKARTA,2022-09-01,26.623333333333335,31.813333333333333,23.023333333333333,195.7,81.03333333333333
DKI JAKARTA,2022-10-01,26.361290322580647,31.009677419354837,23.383870967741935,308.1,84.7741935483871
DKI JAKARTA,2022-11-01,26.493333333333332,31.166666666666668,23.483333333333334,280.3,83.73333333333333
DKI JAKARTA,2022-12-01,26.177419354838708,30.61935483870968,23.393548387096775,286.2,84.7741935483871
DKI JAKARTA,2023-01-01,26.24516129032258,30.04516129032258,23.448387096774194,223.8,82.74193548387096
DKI JAKARTA,2023-02-01,25.714285714285715,29.685714285714287,23.34642857142857,338.0,85.39285714285714
DKI JAKARTA,2023-03-01,26.096774193548388,30.287096774193547,23.216129032258067,282.3,85.64516129032258
DKI JAKARTA,2023-04-01,27.203333333333333,32.190000000000005,23.663333333333334,146.2,80.56666666666666
DKI JAKARTA,2023-05-01,27.44193548387097,32.096774193548384,23.983870967741936,132.9,81.90322580645162
DKI JAKARTA,2023-06-01,27.17,32.27,23.490000000000002,157.7,81.06666666666666
DKI JAKARTA,2023-07-01,27.19677419354839,32.50645161290323,23.25483870967742,75.4,76.38709677419355
DKI JAKARTA,2023-08-01,27.806451612903224,33.65161290322581,23.212903225806453,27.5,70.96774193548387
DKI JAKARTA,2023-09-01,28.126666666666665,34.35,23.39333333333333,21.099999999999998,67.13333333333334
DKI JAKARTA,2023-10-01,28.861290322580647,35.170967741935485,24.36774193548387,68.0,70.19354838709677
DKI JAKARTA,2023-11-01,27.616666666666667,33.083333333333336,24.07,258.9,81.76666666666667
DKI JAKARTA,2023-12-01,27.638709677419353,32.751612903225805,24.07741935483871,195.7,80.12903225806451
DKI JAKARTA,2024-01-01,26.92258064516129,31.238709677419354,24.08709677419355,352.4,83.96774193548387
DKI JAKARTA,2024-02-01,26.93103448275862,31.12758620689655,24.127586206896552,265.5,85.82758620689656
DKI JAKARTA,2024-03-01,26.929032258064513,31.29032258064516,24.070967741935487,275.2,84.90322580645162
DKI JAKARTA,2024-04-01,27.446666666666665,32.18333333333333,24.376666666666665,281.7,86.53333333333333
DKI JAKARTA,2024-05-01,27.806451612903224,32.483870967741936,24.396774193548385,217.5,83.2258064516129
DKI JAKARTA,2024-06-01,27.12333333333333,31.85,23.603333333333335,143.7,83.2
DKI JAKARTA,2024-07-01,27.01290322580645,32.064516129032256,23.01290322580645,97.0,76.93548387096774
BANTEN,2004-01-01,26.24516129032258,29.009677419354837,24.193548387096776,223.3,86.35483870967742
BANTEN,2004-02-01,26.082758620689653,28.82758620689655,24.193103448275863,251.7,87.37931034482759
BANTEN,2004-03-01,26.238709677419354,29.141935483870967,24.345161290322583,297.7,87.80645161290323
BANTEN,2004-04-01,26.779999999999998,29.88,24.373333333333335,119.2,86.13333333333334
BANTEN,2004-05-01,26.480645161290322,29.69677419354839,24.141935483870967,174.2,86.64516129032258
BANTEN,2004-06-01,25.903333333333332,29.36,22.973333333333336,37.2,83.53333333333333
BANTEN,2004-07-01,25.90967741935484,29.39032258064516,22.893548387096775,45.2,83.0
BANTEN,2004-08-01,26.651612903225807,30.361290322580647,23.258064516129032,15.3,76.6774193548387
BANTEN,2004-09-01,27.026666666666664,30.923333333333336,23.796666666666667,48.6,77.63333333333334
BANTEN,2004-10-01,27.532258064516128,31.767741935483873,24.032258064516128,52.3,76.90322580645162
BANTEN,2004-11-01,27.026666666666664,30.293333333333333,24.490000000000002,173.10000000000002,82.43333333333334
BANTEN,2004-12-01,25.980645161290322,28.56451612903226,24.148387096774194,247.79999999999998,87.70967741935483
BANTEN,2005-01-01,26.05806451612903,28.683870967741935,24.0258064516129,241.4,87.0
BANTEN,2005-02-01,26.321428571428573,29.15357142857143,24.24285714285714,282.3,87.57142857142857
BANTEN,2005-03-01,26.629032258064516,29.57741935483871,24.451612903225808,208.7,86.74193548387096
BANTEN,2005-04-01,26.846666666666668,30.05666666666667,24.48,121.3,85.56666666666666
BANTEN,2005-05-01,26.690322580645162,29.79032258064516,24.141935483870967,79.39999999999999,85.29032258064517
BANTEN,2005-06-01,26.346666666666668,29.543333333333333,23.93,112.7,85.9
BANTEN,2005-07-01,26.05483870967742,29.106451612903225,23.42258064516129,92.0,84.74193548387096
BANTEN,2005-08-01,26.177419354838708,29.532258064516128,23.374193548387098,68.1,83.35483870967742
BANTEN,2005-09-01,26.966666666666665,30.529999999999998,24.176666666666666,79.4,81.33333333333333
BANTEN,2005-10-01,26.641935483870967,29.86774193548387,24.174193548387095,145.9,83.87096774193549
BANTEN,2005-11-01,26.46333333333333,29.526666666666664,24.18,188.3,85.0
BANTEN,2005-12-01,26.019354838709678,28.77741935483871,24.177419354838708,144.2,86.74193548387096
BANTEN,2006-01-01,25.519354838709678,28.01290322580645,23.874193548387098,292.9,88.64516129032258
BANTEN,2006-02-01,26.185714285714287,29.025000000000002,24.175,268.6,87.10714285714286
BANTEN,2006-03-01,26.299999999999997,29.238709677419354,24.13225806451613,275.0,86.64516129032258
BANTEN,2006-04-01,26.279999999999998,29.27,24.273333333333333,164.9,87.46666666666667
BANTEN,2006-05-01,26.383870967741935,29.47741935483871,23.903225806451612,138.9,86.96774193548387
BANTEN,2006-06-01,26.21333333333333,29.34,23.506666666666668,58.5,84.4
BANTEN,2006-07-01,26.583870967741937,29.9,23.69677419354839,39.7,80.70967741935483
BANTEN,2006-08-01,26.5258064516129,30.625806451612902,22.903225806451612,12.5,75.3225806451613
BANTEN,2006-09-01,27.279999999999998,31.833333333333332,23.31,7.4,71.73333333333333
BANTEN,2006-10-01,27.861290322580647,32.0258064516129,24.238709677419354,45.0,73.51612903225806
BANTEN,2006-11-01,27.473333333333336,30.96333333333333,24.746666666666666,123.3,79.86666666666666
BANTEN,2006-12-01,26.548387096774192,29.17096774193548,24.64516129032258,323.0,86.58064516129032
BANTEN,2007-01-01,26.470967741935485,29.280645161290323,24.206451612903226,147.4,83.25806451612904
BANTEN,2007-02-01,26.164285714285715,28.857142857142858,24.114285714285717,214.70000000000002,86.75
BANTEN,2007-03-01,26.25483870967742,28.9,24.480645161290322,198.79999999999998,86.74193548387096
BANTEN,2007-04-01,26.326666666666664,29.2,24.296666666666667,204.5,88.33333333333333
BANTEN,2007-05-01,26.606451612903225,29.61935483870968,24.164516129032258,137.6,86.3225806451613
BANTEN,2007-06-01,26.27,29.226666666666667,23.923333333333336,151.2,86.4
BANTEN,2007-07-01,26.24516129032258,29.358064516129033,23.4,59.0,83.87096774193549
BANTEN,2007-08-01,26.425806451612903,29.925806451612903,23.438709677419357,53.2,80.35483870967742
BANTEN,2007-09-01,27.146666666666665,30.983333333333334,23.740000000000002,28.9,76.06666666666666
BANTEN,2007-10-01,27.36774193548387,31.05483870967742,24.23225806451613,100.2,77.64516129032258
BANTEN,2007-11-01,27.086666666666666,30.84333333333333,24.266666666666666,76.0,77.3
BANTEN,2007-12-01,26.083870967741937,28.751612903225805,24.312903225806455,310.9,86.87096774193549
BANTEN,2008-01-01,26.106451612903225,28.80322580645161,24.183870967741935,185.8,86.41935483870968
BANTEN,2008-02-01,25.686206896551724,28.044827586206896,23.979310344827585,294.2,87.17241379310344
BANTEN,2008-03-01,25.887096774193548,28.72258064516129,23.85483870967742,257.2,87.6774193548387
BANTEN,2008-04-01,26.290000000000003,29.30666666666667,24.006666666666668,189.2,86.46666666666667
BANTEN,2008-05-01,26.59032258064516,29.774193548387096,23.70967741935484,35.6,82.70967741935483
BANTEN,2008-06-01,26.216666666666665,29.413333333333334,23.540000000000003,63.9,83.8
BANTEN,2008-07-01,26.70967741935484,30.674193548387095,23.051612903225806,7.8,76.2258064516129
BANTEN,2008-08-01,26.635483870967743,30.200000000000003,23.770967741935483,106.3,79.35483870967742
BANTEN,2008-09-01,27.016666666666666,30.653333333333332,23.926666666666666,48.8,79.63333333333334
BANTEN,2008-10-01,26.93548387096774,30.387096774193548,24.316129032258065,151.8,82.19354838709677
BANTEN,2008-11-01,26.19333333333333,29.13,24.16,299.6,87.06666666666666
BANTEN,2008-12-01,25.80322580645161,28.316129032258065,24.10967741935484,298.8,87.64516129032258
BANTEN,2009-01-01,25.72258064516129,28.39032258064516,23.851612903225806,228.6,86.93548387096774
BANTEN,2009-02-01,25.57857142857143,27.932142857142857,23.95,275.0,88.14285714285714
BANTEN,2009-03-01,26.429032258064513,29.47741935483871,24.164516129032258,172.7,85.83870967741936
BANTEN,2009-04-01,26.613333333333333,29.766666666666666,24.336666666666666,150.3,87.1
BANTEN,2009-05-01,26.70967741935484,29.69677419354839,24.31935483870968,154.3,86.48387096774194
BANTEN,2009-06-01,26.43,29.613333333333333,23.89333333333333,78.39999999999999,85.16666666666667
BANTEN,2009-07-01,26.26774193548387,29.88064516129032,23.07741935483871,48.7,81.7741935483871
BANTEN,2009-08-01,26.693548387096776,30.30322580645161,23.55483870967742,31.299999999999997,79.41935483870968
BANTEN,2009-09-01,27.65666666666667,31.933333333333334,23.92,30.3,75.33333333333333
BANTEN,2009-10-01,27.451612903225808,31.103225806451615,24.509677419354837,129.8,79.64516129032258
BANTEN,2009-11-01,26.746666666666666,29.956666666666667,24.506666666666668,252.9,84.2
BANTEN,2009-12-01,26.467741935483872,29.16774193548387,24.425806451612903,228.2,86.7741935483871
BANTEN,2010-01-01,25.961290322580645,28.67096774193548,24.112903225806452,294.9,87.61290322580645
BANTEN,2010-02-01,26.642857142857142,29.34642857142857,24.589285714285715,271.2,87.82142857142857
BANTEN,2010-03-01,26.690322580645162,29.461290322580645,24.76451612903226,301.8,87.87096774193549
BANTEN,2010-04-01,27.38,30.433333333333334,25.083333333333332,85.2,84.93333333333334
BANTEN,2010-05-01,27.116129032258065,30.13225806451613,25.0258064516129,182.4,87.41935483870968
BANTEN,2010-06-01,26.33,29.096666666666668,24.293333333333333,205.3,88.56666666666666
BANTEN,2010-07-01,25.929032258064513,28.848387096774193,23.751612903225805,248.4,88.2258064516129
BANTEN,2010-08-01,26.274193548387096,29.348387096774193,23.9,111.5,86.61290322580645
BANTEN,2010-09-01,26.243333333333332,29.35,23.96333333333333,171.9,87.33333333333333
BANTEN,2010-10-01,26.33225806451613,29.567741935483873,24.103225806451615,161.2,86.61290322580645
BANTEN,2010-11-01,26.15,29.123333333333335,24.23,238.9,87.16666666666667
BANTEN,2010-12-01,25.70967741935484,28.029032258064515,24.051612903225806,253.1,87.12903225806451
BANTEN,2011-01-01,25.94193548387097,28.6,23.9,163.1,85.96774193548387
BANTEN,2011-02-01,26.12857142857143,28.7,24.09642857142857,179.0,85.60714285714286
BANTEN,2011-03-01,25.906451612903226,28.516129032258064,24.206451612903226,165.7,87.29032258064517
BANTEN,2011-04-01,26.196666666666665,29.063333333333333,24.083333333333332,163.0,87.16666666666667
BANTEN,2011-05-01,26.361290322580647,29.148387096774194,24.135483870967743,144.7,87.16129032258064
BANTEN,2011-06-01,26.416666666666668,29.486666666666668,23.746666666666666,64.5,84.13333333333334
BANTEN,2011-07-01,26.20967741935484,29.387096774193548,23.393548387096775,40.1,82.06451612903226
BANTEN,2011-08-01,26.906451612903226,30.687096774193545,23.61935483870968,17.2,76.2258064516129
BANTEN,2011-09-01,27.383333333333333,31.266666666666666,24.06,31.8,75.06666666666666
BANTEN,2011-10-01,27.125806451612902,30.938709677419357,24.190322580645162,153.7,79.6774193548387
BANTEN,2011-11-01,26.509999999999998,29.60666666666667,24.220000000000002,174.5,83.83333333333333
BANTEN,2011-12-01,26.516129032258064,29.161290322580644,24.548387096774192,192.6,85.80645161290323
BANTEN,2012-01-01,25.93548387096774,28.45483870967742,24.216129032258067,273.8,87.45161290322581
BANTEN,2012-02-01,26.155172413793103,29.03448275862069,23.989655172413794,238.3,87.17241379310344
BANTEN,2012-03-01,26.56451612903226,29.293548387096774,24.551612903225806,105.8,83.70967741935483
BANTEN,2012-04-01,26.290000000000003,29.336666666666666,24.05,206.5,86.93333333333334
BANTEN,2012-05-01,26.561290322580643,29.677419354838708,23.93548387096774,104.2,85.83870967741936
BANTEN,2012-06-01,26.476666666666667,29.6,23.993333333333332,89.3,84.96666666666667
BANTEN,2012-07-01,26.26774193548387,29.429032258064513,23.519354838709678,43.1,82.19354838709677
BANTEN,2012-08-01,26.848387096774193,30.80322580645161,23.416129032258063,21.5,76.0
BANTEN,2012-09-01,27.353333333333335,31.703333333333333,23.486666666666668,36.4,74.8
BANTEN,2012-10-01,27.309677419354838,31.032258064516128,24.43548387096774,90.9,79.41935483870968
BANTEN,2012-11-01,26.59,29.796666666666667,24.426666666666666,239.1,86.06666666666666
BANTEN,2012-12-01,26.20967741935484,29.12258064516129,24.36774193548387,305.8,87.58064516129032
BANTEN,2013-01-01,25.77741935483871,28.287096774193547,24.129032258064516,363.9,88.58064516129032
BANTEN,2013-02-01,26.360714285714288,29.039285714285715,24.435714285714287,223.8,86.75
BANTEN,2013-03-01,26.87741935483871,29.84193548387097,24.483870967741936,186.3,85.19354838709677
BANTEN,2013-04-01,26.59333333333333,29.529999999999998,24.53666666666667,296.0,87.63333333333334
BANTEN,2013-05-01,26.661290322580644,29.67096774193548,24.458064516129035,185.6,87.61290322580645
BANTEN,2013-06-01,26.483333333333334,29.44,24.313333333333333,119.9,87.66666666666667
BANTEN,2013-07-01,25.54516129032258,28.39032258064516,23.480645161290322,294.4,88.06451612903226
BANTEN,2013-08-01,26.30322580645161,29.648387096774194,23.361290322580647,46.8,81.74193548387096
BANTEN,2013-09-01,26.773333333333333,30.176666666666666,23.996666666666666,51.8,80.4
BANTEN,2013-10-01,27.174193548387095,30.84193548387097,24.293548387096774,88.6,80.48387096774194
BANTEN,2013-11-01,26.44,29.473333333333336,24.196666666666665,177.29999999999998,83.7
BANTEN,2013-12-01,26.016129032258064,28.612903225806452,24.219354838709677,347.3,88.03225806451613
BANTEN,2014-01-01,25.39032258064516,27.9,23.61935483870968,244.0,87.70967741935483
BANTEN,2014-02-01,25.935714285714287,28.614285714285717,23.87857142857143,209.3,86.75
BANTEN,2014-03-01,26.345161290322583,29.1,24.125806451612902,254.4,87.09677419354838
BANTEN,2014-04-01,26.633333333333333,29.759999999999998,24.60666666666667,162.1,86.66666666666667
BANTEN,2014-05-01,26.851612903225806,30.009677419354837,24.44516129032258,125.7,86.7741935483871
BANTEN,2014-06-01,26.626666666666665,29.673333333333336,24.276666666666664,167.6,86.8
BANTEN,2014-07-01,26.148387096774194,29.051612903225806,23.751612903225805,112.4,85.58064516129032
BANTEN,2014-08-01,26.306451612903224,29.55483870967742,23.519354838709678,43.5,81.70967741935483
BANTEN,2014-09-01,27.25,31.483333333333334,23.55,16.4,74.8
BANTEN,2014-10-01,27.76774193548387,31.893548387096775,24.403225806451612,59.199999999999996,75.74193548387096
BANTEN,2014-11-01,26.89,30.18,24.563333333333333,184.6,84.3
BANTEN,2014-12-01,26.148387096774194,28.80322580645161,24.43548387096774,328.6,87.61290322580645
BANTEN,2015-01-01,25.706451612903226,28.12258064516129,24.019354838709678,264.6,87.51612903225806
BANTEN,2015-02-01,25.864285714285717,28.603571428571428,23.771428571428572,252.4,87.25
BANTEN,2015-03-01,26.161290322580644,28.996774193548386,24.051612903225806,253.1,87.16129032258064
BANTEN,2015-04-01,26.35666666666667,29.136666666666667,24.38,238.5,87.73333333333333
BANTEN,2015-05-01,26.799999999999997,30.038709677419355,24.174193548387095,51.7,84.58064516129032
BANTEN,2015-06-01,26.73,30.08,23.846666666666668,50.1,83.1
BANTEN,2015-07-01,26.76774193548387,30.55483870967742,23.54516129032258,16.7,77.83870967741936
BANTEN,2015-08-01,27.11935483870968,31.183870967741935,23.780645161290323,16.1,75.48387096774194
BANTEN,2015-09-01,27.886666666666667,32.54666666666667,24.113333333333333,17.799999999999997,70.8
BANTEN,2015-10-01,28.4,33.10322580645161,24.496774193548386,9.6,70.70967741935483
BANTEN,2015-11-01,27.55,31.043333333333333,25.076666666666664,130.79999999999998,80.9
BANTEN,2015-12-01,26.496774193548386,29.116129032258065,24.48709677419355,334.6,86.83870967741936
BANTEN,2016-01-01,26.787096774193547,29.496774193548386,24.683870967741935,296.0,87.6774193548387
BANTEN,2016-02-01,26.489655172413794,29.013793103448275,24.682758620689654,324.9,88.37931034482759
BANTEN,2016-03-01,27.038709677419355,29.85483870967742,25.103225806451615,338.8,87.70967741935483
BANTEN,2016-04-01,26.959999999999997,29.853333333333335,25.0,295.9,88.13333333333334
BANTEN,2016-05-01,26.929032258064513,29.774193548387096,24.932258064516127,228.5,88.19354838709677
BANTEN,2016-06-01,26.6,29.596666666666668,24.31,131.4,87.06666666666666
BANTEN,2016-07-01,26.406451612903226,29.467741935483872,24.019354838709678,107.9,86.38709677419355
BANTEN,2016-08-01,26.490322580645163,29.58709677419355,23.983870967741936,95.9,85.16129032258064
BANTEN,2016-09-01,26.540000000000003,29.529999999999998,24.266666666666666,210.6,85.4
BANTEN,2016-10-01,26.270967741935483,29.24516129032258,24.37741935483871,270.9,87.51612903225806
BANTEN,2016-11-01,26.529999999999998,29.60666666666667,24.533333333333335,211.2,86.93333333333334
BANTEN,2016-12-01,26.135483870967743,28.574193548387097,24.470967741935485,245.1,87.25806451612904
BANTEN,2017-01-01,26.02258064516129,29.148387096774194,23.567741935483873,233.6,84.70967741935483
BANTEN,2017-02-01,25.539285714285715,28.567857142857143,23.414285714285715,329.7,86.25
BANTEN,2017-03-01,26.135483870967743,29.62258064516129,23.46451612903226,233.1,85.41935483870968
BANTEN,2017-04-01,26.266666666666666,29.756666666666668,23.586666666666666,238.4,85.1
BANTEN,2017-05-01,26.53548387096774,29.82903225806452,23.92258064516129,209.29999999999998,84.96774193548387
BANTEN,2017-06-01,26.12,29.33,23.576666666666664,158.5,84.93333333333334
BANTEN,2017-07-01,25.94193548387097,29.419354838709676,23.190322580645162,92.4,83.61290322580645
BANTEN,2017-08-01,26.470967741935485,30.31935483870968,23.13225806451613,27.7,77.09677419354838
BANTEN,2017-09-01,27.16,31.39,23.81,109.7,75.36666666666666
BANTEN,2017-10-01,26.783870967741933,30.66774193548387,23.83225806451613,249.5,81.3225806451613
BANTEN,2017-11-01,26.703333333333333,30.63,24.003333333333334,251.4,81.4
BANTEN,2017-12-01,26.138709677419353,29.664516129032258,23.532258064516128,202.7,82.87096774193549
BANTEN,2018-01-01,25.948387096774194,28.932258064516127,23.73225806451613,229.5,82.25806451612904
BANTEN,2018-02-01,25.635714285714283,28.82857142857143,23.232142857142858,325.1,86.10714285714286
BANTEN,2018-03-01,26.01290322580645,29.683870967741935,23.183870967741935,274.7,85.41935483870968
BANTEN,2018-04-01,26.066666666666666,29.436666666666667,23.446666666666665,221.4,86.43333333333334
BANTEN,2018-05-01,26.396774193548385,29.864516129032257,23.548387096774192,124.7,84.06451612903226
BANTEN,2018-06-01,26.113333333333333,29.57,23.183333333333334,91.3,84.43333333333334
BANTEN,2018-07-01,25.835483870967742,29.86774193548387,22.4,19.5,79.09677419354838
BANTEN,2018-08-01,26.548387096774192,30.864516129032257,22.925806451612903,38.4,74.38709677419355
BANTEN,2018-09-01,26.96333333333333,31.763333333333332,22.986666666666668,66.5,71.7
BANTEN,2018-10-01,27.44516129032258,32.038709677419355,23.81935483870968,120.0,75.19354838709677
BANTEN,2018-11-01,26.523333333333333,30.496666666666666,23.78666666666667,368.7,83.63333333333334
BANTEN,2018-12-01,26.348387096774193,29.761290322580646,23.706451612903226,210.5,82.58064516129032
BANTEN,2019-01-01,26.09032258064516,29.238709677419354,23.56451612903226,266.7,86.16129032258064
BANTEN,2019-02-01,26.025000000000002,29.407142857142855,23.310714285714287,290.3,87.46428571428571
BANTEN,2019-03-01,26.154838709677417,29.551612903225806,23.451612903225808,232.5,86.74193548387096
BANTEN,2019-04-01,26.503333333333334,30.196666666666665,23.726666666666667,293.7,87.33333333333333
BANTEN,2019-05-01,26.57741935483871,30.080645161290324,23.716129032258067,144.79999999999998,84.74193548387096
BANTEN,2019-06-01,26.506666666666668,30.30666666666667,23.236666666666668,44.4,81.13333333333334
BANTEN,2019-07-01,26.480645161290322,30.919354838709676,22.64516129032258,29.1,75.35483870967742
BANTEN,2019-08-01,26.529032258064515,31.12258064516129,22.761290322580646,29.9,73.12903225806451
BANTEN,2019-09-01,27.14333333333333,32.17666666666666,22.846666666666668,27.299999999999997,70.53333333333333
BANTEN,2019-10-01,28.0,33.07096774193548,23.674193548387095,44.3,68.90322580645162
BANTEN,2019-11-01,27.98,33.09,24.02,129.4,72.96666666666667
BANTEN,2019-12-01,26.551612903225806,30.383870967741935,23.70967741935484,317.0,85.48387096774194
BANTEN,2020-01-01,26.177419354838708,29.161290322580644,23.809677419354838,533.0,87.54838709677419
BANTEN,2020-02-01,26.086206896551722,29.127586206896552,23.82758620689655,404.1,88.48275862068965
BANTEN,2020-03-01,26.18064516129032,29.448387096774194,23.65806451612903,490.9,88.61290322580645
BANTEN,2020-04-01,26.503333333333334,29.673333333333336,23.923333333333336,291.5,88.2
BANTEN,2020-05-01,26.63225806451613,29.94193548387097,24.009677419354837,223.9,86.90322580645162
BANTEN,2020-06-01,26.27,29.85,23.42,174.9,85.66666666666667
BANTEN,2020-07-01,26.261290322580646,30.125806451612902,23.051612903225806,113.4,81.16129032258064
BANTEN,2020-08-01,26.641935483870967,30.98709677419355,23.14516129032258,108.0,78.61290322580645
BANTEN,2020-09-01,26.90666666666667,31.383333333333333,23.36,160.7,78.6
BANTEN,2020-10-01,26.94516129032258,31.36774193548387,23.63225806451613,169.0,79.74193548387096
BANTEN,2020-11-01,26.59333333333333,30.493333333333332,23.686666666666667,192.4,83.33333333333333
BANTEN,2020-12-01,25.719354838709677,28.70967741935484,23.641935483870967,325.2,86.38709677419355
BANTEN,2021-01-01,25.5,28.251612903225805,23.41290322580645,279.1,88.06451612903226
BANTEN,2021-02-01,25.635714285714283,28.614285714285717,23.467857142857145,261.5,88.03571428571429
BANTEN,2021-03-01,26.11935483870968,29.883870967741935,23.148387096774194,222.79999999999998,85.51612903225806
BANTEN,2021-04-01,26.17,29.6,23.19333333333333,217.9,86.0
BANTEN,2021-05-01,26.67096774193548,30.274193548387096,23.706451612903226,166.6,85.3225806451613
BANTEN,2021-06-01,25.913333333333334,29.6,23.123333333333335,226.9,87.1
BANTEN,2021-07-01,26.15806451612903,30.190322580645162,22.774193548387096,78.3,81.83870967741936
BANTEN,2021-08-01,26.383870967741935,30.24516129032258,23.1,131.7,81.2258064516129
BANTEN,2021-09-01,26.376666666666665,30.220000000000002,23.163333333333334,226.0,82.4
BANTEN,2021-10-01,26.990322580645163,31.793548387096774,23.38064516129032,161.4,79.03225806451613
BANTEN,2021-11-01,26.25,29.966666666666665,23.476666666666667,253.4,84.0
BANTEN,2021-12-01,26.13225806451613,29.94516129032258,23.38064516129032,332.4,85.25806451612904
BANTEN,2022-01-01,26.15806451612903,30.03548387096774,23.05806451612903,190.8,83.48387096774194
BANTEN,2022-02-01,26.057142857142857,29.714285714285715,23.32857142857143,238.6,83.46428571428571
BANTEN,2022-03-01,26.348387096774193,30.190322580645162,23.33225806451613,230.2,84.09677419354838
BANTEN,2022-04-01,26.526666666666664,30.65666666666667,23.553333333333335,232.4,83.2
BANTEN,2022-05-01,26.4,30.41290322580645,23.529032258064515,227.9,85.58064516129032
BANTEN,2022-06-01,25.646666666666665,29.653333333333332,22.763333333333332,222.8,85.5
BANTEN,2022-07-01,26.05806451612903,29.932258064516127,22.958064516129035,214.9,83.03225806451613
BANTEN,2022-08-01,26.216129032258067,30.603225806451615,22.893548387096775,137.7,81.35483870967742
BANTEN,2022-09-01,26.216666666666665,30.67,22.896666666666665,150.4,81.3
BANTEN,2022-10-01,26.01290322580645,30.203225806451613,23.106451612903225,409.2,84.12903225806451
BANTEN,2022-11-01,26.220000000000002,30.17,23.266666666666666,204.2,83.13333333333334
BANTEN,2022-12-01,26.138709677419353,29.925806451612903,23.258064516129032,226.1,82.61290322580645
BANTEN,2023-01-01,26.016129032258064,29.6,23.15806451612903,185.8,82.45161290322581
BANTEN,2023-02-01,25.557142857142857,28.889285714285712,23.103571428571428,292.7,85.25
BANTEN,2023-03-01,25.780645161290323,29.30322580645161,23.09032258064516,234.1,86.19354838709677
BANTEN,2023-04-01,26.63,30.69333333333333,23.386666666666667,88.6,81.83333333333333
BANTEN,2023-05-01,26.864516129032257,30.848387096774193,23.683870967741935,136.3,83.35483870967742
BANTEN,2023-06-01,26.413333333333334,30.496666666666666,23.216666666666665,168.8,83.36666666666666
BANTEN,2023-07-01,26.603225806451615,31.293548387096774,23.183870967741935,134.3,79.25806451612904
BANTEN,2023-08-01,27.574193548387097,33.0258064516129,23.23225806451613,35.5,71.09677419354838
BANTEN,2023-09-01,28.276666666666664,34.25333333333333,23.513333333333332,45.199999999999996,63.3
BANTEN,2023-10-01,28.683870967741935,34.71935483870968,24.229032258064517,80.9,68.25806451612904
BANTEN,2023-11-01,27.78666666666667,33.23,24.223333333333336,200.4,78.23333333333333
BANTEN,2023-12-01,27.45483870967742,32.51935483870968,23.570967741935487,176.9,78.09677419354838
BANTEN,2024-01-01,26.638709677419353,30.67096774193548,23.774193548387096,378.2,85.3225806451613
BANTEN,2024-02-01,26.617241379310343,30.29310344827586,23.858620689655172,312.5,86.62068965517241
BANTEN,2024-03-01,26.683870967741935,30.461290322580645,24.01290322580645,288.2,85.80645161290323
BANTEN,2024-04-01,26.98,30.94,24.18,275.1,86.93333333333334
BANTEN,2024-05-01,27.261290322580646,31.032258064516128,24.496774193548386,237.7,84.48387096774194
BANTEN,2024-06-01,26.773333333333333,30.996666666666666,23.573333333333334,150.2,83.53333333333333
BANTEN,2024-07-01,26.6,31.135483870967743,22.929032258064513,118.1,77.70967741935483
BALI,2004-01-01,26.051612903225806,27.948387096774194,24.40967741935484,339.4,87.64516129032258
BALI,2004-02-01,26.337931034482757,28.120689655172413,24.920689655172417,293.4,86.24137931034483
BALI,2004-03-01,26.24516129032258,27.870967741935484,24.83225806451613,343.9,87.38709677419355
BALI,2004-04-01,26.503333333333334,28.290000000000003,25.12,68.2,85.8
BALI,2004-05-01,25.88064516129032,27.551612903225806,24.593548387096774,124.0,86.61290322580645
BALI,2004-06-01,24.973333333333336,26.526666666666664,23.88,11.9,80.23333333333333
BALI,2004-07-01,24.793548387096774,26.719354838709677,23.58709677419355,13.8,83.48387096774194
BALI,2004-08-01,23.903225806451612,25.938709677419357,22.606451612903225,14.8,82.35483870967742
BALI,2004-09-01,24.576666666666664,26.776666666666664,23.15,22.400000000000002,85.5
BALI,2004-10-01,25.348387096774193,27.793548387096774,23.34193548387097,33.7,84.96774193548387
BALI,2004-11-01,26.15,28.256666666666668,24.290000000000003,246.0,87.9
BALI,2004-12-01,26.0258064516129,27.73548387096774,24.548387096774192,375.5,88.45161290322581
BALI,2005-01-01,26.11935483870968,27.83225806451613,24.73548387096774,273.2,86.51612903225806
BALI,2005-02-01,26.61785714285714,28.667857142857144,24.946428571428573,243.5,86.46428571428571
BALI,2005-03-01,26.490322580645163,28.31935483870968,24.929032258064513,357.2,87.16129032258064
BALI,2005-04-01,26.426666666666666,28.303333333333335,24.883333333333333,283.8,86.33333333333333
BALI,2005-05-01,26.151612903225807,28.074193548387097,24.690322580645162,12.5,83.38709677419355
BALI,2005-06-01,25.69333333333333,27.676666666666666,24.216666666666665,72.8,86.9
BALI,2005-07-01,25.003225806451614,26.677419354838708,23.89032258064516,70.60000000000001,82.58064516129032
BALI,2005-08-01,24.41290322580645,26.287096774193547,23.016129032258064,38.199999999999996,84.29032258064517
BALI,2005-09-01,24.80666666666667,26.77,23.413333333333334,36.7,86.46666666666667
BALI,2005-10-01,25.26774193548387,27.074193548387097,23.75483870967742,234.79999999999998,87.74193548387096
BALI,2005-11-01,25.836666666666666,27.83,24.223333333333336,123.2,83.53333333333333
BALI,2005-12-01,25.72258064516129,27.64516129032258,24.190322580645162,563.9,90.03225806451613
BALI,2006-01-01,25.91290322580645,27.61935483870968,24.509677419354837,485.1,87.93548387096774
BALI,2006-02-01,25.925,27.717857142857145,24.364285714285717,274.6,86.64285714285714
BALI,2006-03-01,26.216129032258067,28.203225806451613,24.625806451612902,325.3,86.93548387096774
BALI,2006-04-01,25.886666666666667,27.676666666666666,24.486666666666668,257.5,86.76666666666667
BALI,2006-05-01,25.85483870967742,27.467741935483872,24.62258064516129,138.5,85.51612903225806
BALI,2006-06-01,24.823333333333334,26.290000000000003,23.876666666666665,43.3,82.13333333333334
BALI,2006-07-01,23.94193548387097,25.716129032258067,22.896774193548385,22.6,83.48387096774194
BALI,2006-08-01,23.883870967741935,25.88064516129032,22.616129032258065,11.6,81.45161290322581
BALI,2006-09-01,24.040000000000003,26.53666666666667,22.27,3.6,82.4
BALI,2006-10-01,25.216129032258067,27.74516129032258,23.12258064516129,8.4,84.90322580645162
BALI,2006-11-01,26.503333333333334,28.790000000000003,24.633333333333333,47.4,85.43333333333334
BALI,2006-12-01,26.432258064516127,28.35483870967742,24.799999999999997,363.1,88.03225806451613
BALI,2007-01-01,26.135483870967743,27.887096774193548,24.84193548387097,120.2,84.54838709677419
BALI,2007-02-01,26.428571428571427,28.417857142857144,24.832142857142856,281.7,86.03571428571429
BALI,2007-03-01,26.39032258064516,28.34193548387097,24.851612903225806,413.9,85.74193548387096
BALI,2007-04-01,26.13,27.91,24.63,208.0,87.93333333333334
BALI,2007-05-01,26.006451612903227,27.716129032258067,24.83225806451613,98.1,87.64516129032258
BALI,2007-06-01,24.996666666666666,26.39333333333333,24.096666666666668,105.2,86.63333333333334
BALI,2007-07-01,24.141935483870967,25.741935483870968,23.096774193548388,36.300000000000004,86.61290322580645
BALI,2007-08-01,23.73225806451613,25.496774193548386,22.638709677419353,54.7,85.38709677419355
BALI,2007-09-01,24.040000000000003,26.243333333333332,22.376666666666665,4.5,84.63333333333334
BALI,2007-10-01,25.067741935483873,27.216129032258067,23.27741935483871,70.5,87.35483870967742
BALI,2007-11-01,25.84333333333333,27.716666666666665,24.373333333333335,142.0,84.93333333333334
BALI,2007-12-01,25.77741935483871,27.635483870967743,24.270967741935483,533.6,89.64516129032258
BALI,2008-01-01,26.016129032258064,27.693548387096776,24.606451612903225,307.7,85.80645161290323
BALI,2008-02-01,26.07586206896552,27.99655172413793,24.50689655172414,375.5,86.0
BALI,2008-03-01,25.648387096774194,27.700000000000003,23.887096774193548,543.0,88.64516129032258
BALI,2008-04-01,25.89333333333333,27.82,24.41,237.2,86.16666666666667
BALI,2008-05-01,25.34193548387097,26.94516129032258,24.20967741935484,81.7,83.61290322580645
BALI,2008-06-01,24.82,26.573333333333334,23.733333333333334,15.3,84.96666666666667
BALI,2008-07-01,23.990322580645163,25.75483870967742,22.925806451612903,17.3,81.19354838709677
BALI,2008-08-01,24.299999999999997,26.280645161290323,23.106451612903225,47.6,84.80645161290323
BALI,2008-09-01,24.77,26.94,23.256666666666668,36.1,85.33333333333333
BALI,2008-10-01,25.893548387096775,28.01290322580645,24.34193548387097,102.5,87.61290322580645
BALI,2008-11-01,25.94333333333333,27.84333333333333,24.533333333333335,332.3,88.86666666666666
BALI,2008-12-01,25.83225806451613,27.406451612903226,24.56451612903226,289.1,85.96774193548387
BALI,2009-01-01,25.916129032258063,27.638709677419353,24.593548387096774,361.4,86.96774193548387
BALI,2009-02-01,25.767857142857142,27.660714285714285,24.292857142857144,375.4,87.60714285714286
BALI,2009-03-01,26.238709677419354,28.106451612903225,24.46451612903226,223.1,85.12903225806451
BALI,2009-04-01,26.65666666666667,28.543333333333333,25.27,114.1,85.76666666666667
BALI,2009-05-01,26.09032258064516,27.748387096774195,24.845161290322583,200.4,86.90322580645162
BALI,2009-06-01,25.773333333333333,27.55,24.59333333333333,26.599999999999998,83.3
BALI,2009-07-01,24.838709677419356,26.593548387096774,23.674193548387095,48.4,81.35483870967742
BALI,2009-08-01,24.387096774193548,26.25483870967742,23.24516129032258,13.8,84.83870967741936
BALI,2009-09-01,24.38,26.41,22.85666666666667,107.9,88.93333333333334
BALI,2009-10-01,25.23225806451613,27.274193548387096,23.561290322580643,74.0,86.96774193548387
BALI,2009-11-01,26.493333333333332,28.433333333333334,24.813333333333333,98.2,85.4
BALI,2009-12-01,26.77741935483871,28.838709677419356,25.23548387096774,129.6,82.7741935483871
BALI,2010-01-01,26.37741935483871,28.293548387096774,24.919354838709676,313.4,86.41935483870968
BALI,2010-02-01,26.63214285714286,28.435714285714287,25.067857142857143,343.2,87.71428571428571
BALI,2010-03-01,26.97741935483871,28.919354838709676,25.348387096774193,229.3,85.70967741935483
BALI,2010-04-01,26.61,28.46333333333333,25.003333333333334,348.4,88.43333333333334
BALI,2010-05-01,26.54516129032258,28.193548387096776,25.270967741935483,358.7,89.54838709677419
BALI,2010-06-01,26.023333333333333,27.483333333333334,24.90666666666667,128.3,86.43333333333334
BALI,2010-07-01,25.33225806451613,26.990322580645163,24.12258064516129,167.5,88.16129032258064
BALI,2010-08-01,25.177419354838708,26.94193548387097,24.0258064516129,92.5,87.19354838709677
BALI,2010-09-01,25.59,27.446666666666665,24.136666666666667,330.9,88.83333333333333
BALI,2010-10-01,26.006451612903227,27.75483870967742,24.612903225806452,237.3,87.38709677419355
BALI,2010-11-01,26.373333333333335,28.383333333333333,24.653333333333332,261.7,86.7
BALI,2010-12-01,26.174193548387095,28.15806451612903,24.606451612903225,357.4,86.51612903225806
BALI,2011-01-01,26.0,28.080645161290324,24.37741935483871,379.5,86.64516129032258
BALI,2011-02-01,26.325,28.517857142857142,24.642857142857142,320.7,85.07142857142857
BALI,2011-03-01,25.938709677419357,27.58709677419355,24.612903225806452,295.9,87.12903225806451
BALI,2011-04-01,25.720000000000002,27.39,24.363333333333333,268.8,88.66666666666667
BALI,2011-05-01,25.700000000000003,27.374193548387098,24.43548387096774,244.5,86.45161290322581
BALI,2011-06-01,24.503333333333334,26.1,23.55,44.0,82.66666666666667
BALI,2011-07-01,24.112903225806452,25.88064516129032,22.938709677419357,34.5,85.58064516129032
BALI,2011-08-01,24.05806451612903,26.03548387096774,22.81935483870968,8.8,82.48387096774194
BALI,2011-09-01,24.19,26.376666666666665,22.6,27.9,86.36666666666666
BALI,2011-10-01,24.98709677419355,27.006451612903227,23.351612903225806,68.3,88.03225806451613
BALI,2011-11-01,25.926666666666666,27.743333333333332,24.39333333333333,266.9,88.2
BALI,2011-12-01,26.032258064516128,27.69677419354839,24.648387096774194,320.2,88.38709677419355
BALI,2012-01-01,25.838709677419356,27.812903225806455,24.351612903225806,584.3,88.09677419354838
BALI,2012-02-01,25.917241379310347,28.02758620689655,24.320689655172412,317.0,87.65517241379311
BALI,2012-03-01,25.748387096774195,27.606451612903225,24.280645161290323,472.3,87.54838709677419
BALI,2012-04-01,26.206666666666667,28.076666666666664,24.69,118.7,85.46666666666667
BALI,2012-05-01,25.532258064516128,27.14516129032258,24.335483870967742,111.6,85.35483870967742
BALI,2012-06-01,24.68,26.386666666666667,23.503333333333334,24.3,84.23333333333333
BALI,2012-07-01,23.616129032258065,25.270967741935483,22.570967741935487,44.5,84.38709677419355
BALI,2012-08-01,23.66774193548387,25.61935483870968,22.432258064516127,10.3,83.0
BALI,2012-09-01,24.2,26.529999999999998,22.346666666666668,16.7,86.33333333333333
BALI,2012-10-01,25.496774193548386,27.780645161290323,23.693548387096776,39.2,86.6774193548387
BALI,2012-11-01,26.34,28.373333333333335,24.576666666666664,146.7,86.3
BALI,2012-12-01,26.23225806451613,28.641935483870967,24.583870967741937,506.40000000000003,88.54838709677419
BALI,2013-01-01,26.103225806451615,27.80322580645161,24.858064516129033,396.9,88.0
BALI,2013-02-01,26.55,28.525000000000002,24.97142857142857,264.0,85.92857142857143
BALI,2013-03-01,26.393548387096775,28.141935483870967,24.938709677419357,281.7,87.51612903225806
BALI,2013-04-01,26.586666666666666,28.38,25.066666666666666,229.7,86.6
BALI,2013-05-01,26.358064516129033,28.274193548387096,24.86774193548387,295.0,87.64516129032258
BALI,2013-06-01,26.076666666666664,27.959999999999997,24.45,311.4,88.53333333333333
BALI,2013-07-01,24.932258064516127,26.419354838709676,23.967741935483872,82.5,83.87096774193549
BALI,2013-08-01,24.51290322580645,26.406451612903226,23.306451612903224,19.2,82.12903225806451
BALI,2013-09-01,24.34,26.503333333333334,22.75,32.4,84.9
BALI,2013-10-01,25.41290322580645,27.677419354838708,23.541935483870965,33.8,85.87096774193549
BALI,2013-11-01,25.82,27.779999999999998,24.086666666666666,288.7,87.8
BALI,2013-12-01,25.83225806451613,27.57741935483871,24.406451612903226,555.2,87.7741935483871
BALI,2014-01-01,25.85483870967742,27.580645161290324,24.451612903225808,350.7,87.61290322580645
BALI,2014-02-01,26.017857142857142,27.646428571428572,24.739285714285717,309.9,86.67857142857143
BALI,2014-03-01,26.36774193548387,28.274193548387096,24.570967741935487,209.7,85.35483870967742
BALI,2014-04-01,26.353333333333335,28.17,24.86,174.5,86.7
BALI,2014-05-01,26.77741935483871,28.55806451612903,25.39032258064516,41.1,84.6774193548387
BALI,2014-06-01,25.823333333333334,27.596666666666668,24.666666666666668,25.2,84.93333333333334
BALI,2014-07-01,24.61935483870968,26.274193548387096,23.470967741935485,66.7,84.90322580645162
BALI,2014-08-01,24.403225806451612,26.283870967741933,23.27741935483871,28.8,84.2258064516129
BALI,2014-09-01,24.509999999999998,26.883333333333333,22.823333333333334,2.6,83.5
BALI,2014-10-01,25.425806451612903,27.90967741935484,23.370967741935484,7.4,85.3225806451613
BALI,2014-11-01,26.39,28.66,24.45,147.0,85.93333333333334
BALI,2014-12-01,25.896774193548385,27.490322580645163,24.53548387096774,622.9,89.54838709677419
BALI,2015-01-01,26.051612903225806,27.690322580645162,24.85483870967742,284.5,85.54838709677419
BALI,2015-02-01,26.00714285714286,27.79642857142857,24.457142857142856,297.2,87.28571428571429
BALI,2015-03-01,26.335483870967742,28.29032258064516,24.687096774193545,266.7,86.0
BALI,2015-04-01,26.266666666666666,28.246666666666666,24.566666666666666,368.1,88.83333333333333
BALI,2015-05-01,25.883870967741935,27.606451612903225,24.583870967741937,47.9,84.51612903225806
BALI,2015-06-01,25.209999999999997,26.91,24.18,23.2,84.46666666666667
BALI,2015-07-01,24.458064516129035,26.480645161290322,23.074193548387097,9.5,85.16129032258064
BALI,2015-08-01,24.261290322580646,26.383870967741935,22.874193548387098,5.800000000000001,84.29032258064517
BALI,2015-09-01,24.503333333333334,26.87,22.88,13.9,85.26666666666667
BALI,2015-10-01,25.606451612903225,28.29032258064516,23.61935483870968,5.2,86.6774193548387
BALI,2015-11-01,26.476666666666667,28.766666666666666,24.583333333333332,65.2,85.53333333333333
BALI,2015-12-01,26.490322580645163,28.309677419354838,25.083870967741937,308.6,87.51612903225806
BALI,2016-01-01,27.006451612903227,28.903225806451612,25.322580645161292,291.3,86.06451612903226
BALI,2016-02-01,26.227586206896554,28.055172413793105,24.7448275862069,694.5,90.34482758620689
BALI,2016-03-01,27.24516129032258,29.009677419354837,25.60967741935484,225.0,86.16129032258064
BALI,2016-04-01,27.41,29.279999999999998,25.84,174.5,84.86666666666666
BALI,2016-05-01,27.03548387096774,28.799999999999997,25.725806451612904,135.1,87.06451612903226
BALI,2016-06-01,26.526666666666664,28.256666666666668,25.11,110.39999999999999,85.73333333333333
BALI,2016-07-01,25.903225806451612,27.519354838709678,24.583870967741937,153.9,86.38709677419355
BALI,2016-08-01,25.25483870967742,27.080645161290324,23.870967741935484,68.0,85.70967741935483
BALI,2016-09-01,25.93,27.913333333333334,24.483333333333334,182.2,88.06666666666666
BALI,2016-10-01,26.425806451612903,28.364516129032257,24.693548387096776,305.1,87.45161290322581
BALI,2016-11-01,26.446666666666665,28.253333333333334,24.94,283.0,88.16666666666667
BALI,2016-12-01,26.24516129032258,28.02258064516129,24.94193548387097,536.0,88.12903225806451
BALI,2017-01-01,26.080645161290324,28.651612903225807,24.316129032258065,481.79999999999995,88.48387096774194
BALI,2017-02-01,26.02857142857143,28.435714285714287,24.099999999999998,457.9,87.10714285714286
BALI,2017-03-01,26.345161290322583,29.02258064516129,24.348387096774193,254.29999999999998,87.96774193548387
BALI,2017-04-01,26.30666666666667,28.85,23.996666666666666,226.8,87.4
BALI,2017-05-01,26.429032258064513,28.370967741935484,24.690322580645162,157.4,83.16129032258064
BALI,2017-06-01,25.723333333333336,27.533333333333335,24.196666666666665,152.1,84.66666666666667
BALI,2017-07-01,25.258064516129032,26.809677419354838,23.958064516129035,124.3,81.90322580645162
BALI,2017-08-01,24.97741935483871,26.816129032258065,23.396774193548385,59.1,81.0
BALI,2017-09-01,25.496666666666666,27.85666666666667,23.426666666666666,68.9,81.8
BALI,2017-10-01,25.970967741935485,28.570967741935487,23.85483870967742,106.7,85.90322580645162
BALI,2017-11-01,26.06,28.823333333333334,24.073333333333334,462.7,90.43333333333334
BALI,2017-12-01,26.041935483870965,28.52258064516129,24.241935483870968,367.4,89.16129032258064
BALI,2018-01-01,25.89032258064516,28.496774193548386,24.15806451612903,423.8,88.70967741935483
BALI,2018-02-01,25.724999999999998,28.24285714285714,23.900000000000002,424.2,88.92857142857143
BALI,2018-03-01,26.070967741935487,28.94193548387097,23.796774193548387,168.3,87.6774193548387
BALI,2018-04-01,26.85,29.676666666666666,24.183333333333334,51.7,84.03333333333333
BALI,2018-05-01,26.55806451612903,29.019354838709678,24.493548387096773,72.0,79.61290322580645
BALI,2018-06-01,25.623333333333335,27.673333333333336,23.75,82.7,82.36666666666666
BALI,2018-07-01,24.748387096774195,26.73548387096774,22.76451612903226,45.9,80.70967741935483
BALI,2018-08-01,24.24516129032258,26.39032258064516,22.261290322580646,71.3,82.09677419354838
BALI,2018-09-01,25.016666666666666,27.85,22.296666666666667,35.6,81.8
BALI,2018-10-01,25.993548387096773,29.241935483870968,22.948387096774194,39.4,81.64516129032258
BALI,2018-11-01,26.43,29.35666666666667,24.05666666666667,205.5,86.5
BALI,2018-12-01,26.519354838709678,28.83225806451613,24.403225806451612,187.4,85.54838709677419
BALI,2019-01-01,26.39032258064516,29.074193548387097,24.416129032258063,290.3,88.38709677419355
BALI,2019-02-01,26.52857142857143,29.235714285714288,24.282142857142855,158.1,88.07142857142857
BALI,2019-03-01,26.06451612903226,28.929032258064513,23.870967741935484,356.8,90.06451612903226
BALI,2019-04-01,26.493333333333332,29.003333333333334,24.36,210.9,88.2
BALI,2019-05-01,26.04516129032258,27.961290322580645,24.216129032258067,71.3,85.0
BALI,2019-06-01,24.993333333333332,27.043333333333333,23.043333333333333,54.3,84.43333333333334
BALI,2019-07-01,24.280645161290323,26.32903225806452,22.429032258064513,58.4,84.38709677419355
BALI,2019-08-01,24.06451612903226,26.383870967741935,21.938709677419357,45.1,84.45161290322581
BALI,2019-09-01,24.446666666666665,26.94,22.290000000000003,39.2,85.06666666666666
BALI,2019-10-01,25.76774193548387,28.94193548387097,22.848387096774193,35.8,84.48387096774194
BALI,2019-11-01,26.796666666666667,30.0,23.89,46.6,82.86666666666666
BALI,2019-12-01,27.470967741935485,31.06451612903226,24.65806451612903,151.3,84.09677419354838
BALI,2020-01-01,27.138709677419353,30.251612903225805,24.625806451612902,162.5,84.06451612903226
BALI,2020-02-01,26.941379310344825,30.07586206896552,24.558620689655175,182.7,86.34482758620689
BALI,2020-03-01,26.751612903225805,29.693548387096776,24.5,215.3,88.58064516129032
BALI,2020-04-01,26.92,29.69333333333333,24.416666666666668,166.1,86.2
BALI,2020-05-01,26.848387096774193,29.36774193548387,24.64516129032258,212.7,84.74193548387096
BALI,2020-06-01,25.95,27.9,24.09,110.1,82.76666666666667
BALI,2020-07-01,25.10967741935484,26.929032258064513,23.425806451612903,65.8,82.41935483870968
BALI,2020-08-01,24.970967741935485,27.07741935483871,22.961290322580645,73.5,85.09677419354838
BALI,2020-09-01,25.55,28.023333333333333,23.21333333333333,79.0,85.53333333333333
BALI,2020-10-01,25.948387096774194,28.325806451612905,23.780645161290323,130.1,86.58064516129032
BALI,2020-11-01,26.58,29.253333333333334,24.30666666666667,168.1,87.8
BALI,2020-12-01,26.05806451612903,28.480645161290322,24.18064516129032,259.5,87.93548387096774
BALI,2021-01-01,25.629032258064516,28.032258064516128,23.96451612903226,517.0,90.61290322580645
BALI,2021-02-01,25.942857142857143,28.50714285714286,24.089285714285715,266.3,88.89285714285714
BALI,2021-03-01,26.003225806451614,28.84193548387097,23.812903225806455,286.8,88.96774193548387
BALI,2021-04-01,26.27,28.936666666666667,23.586666666666666,46.2,83.2
BALI,2021-05-01,26.58709677419355,29.074193548387097,24.25483870967742,46.8,82.51612903225806
BALI,2021-06-01,26.1,28.763333333333332,23.69333333333333,127.5,86.0
BALI,2021-07-01,25.55806451612903,27.596774193548388,23.73225806451613,53.4,81.03225806451613
BALI,2021-08-01,25.251612903225805,27.258064516129032,23.361290322580647,104.3,85.41935483870968
BALI,2021-09-01,25.5,27.673333333333336,23.57,112.1,85.23333333333333
BALI,2021-10-01,25.887096774193548,28.677419354838708,23.22258064516129,92.2,83.48387096774194
BALI,2021-11-01,25.973333333333336,28.84333333333333,23.69333333333333,268.2,88.7
BALI,2021-12-01,26.274193548387096,29.05483870967742,24.05806451612903,276.7,88.0
BALI,2022-01-01,25.967741935483872,28.638709677419353,23.948387096774194,295.1,86.48387096774194
BALI,2022-02-01,26.0,28.960714285714285,23.67142857142857,227.5,87.75
BALI,2022-03-01,26.42258064516129,29.35483870967742,24.032258064516128,217.6,87.64516129032258
BALI,2022-04-01,26.513333333333332,29.436666666666667,23.81,125.7,84.46666666666667
BALI,2022-05-01,26.932258064516127,29.89032258064516,24.161290322580644,131.7,83.06451612903226
BALI,2022-06-01,26.2,28.73,23.923333333333336,150.6,82.4
BALI,2022-07-01,25.306451612903224,27.458064516129035,23.316129032258065,123.4,80.48387096774194
BALI,2022-08-01,25.387096774193548,27.796774193548387,23.083870967741937,68.5,81.51612903225806
BALI,2022-09-01,25.486666666666668,28.12,22.92,100.8,84.0
BALI,2022-10-01,25.538709677419355,28.283870967741933,23.10967741935484,220.6,86.7741935483871
BALI,2022-11-01,25.83,28.666666666666668,23.55,251.2,89.06666666666666
BALI,2022-12-01,25.76774193548387,28.58709677419355,23.374193548387098,359.7,86.29032258064517
BALI,2023-01-01,26.01290322580645,28.5258064516129,23.84193548387097,195.0,84.41935483870968
BALI,2023-02-01,25.589285714285715,28.307142857142857,23.75714285714286,428.2,88.57142857142857
BALI,2023-03-01,26.148387096774194,29.164516129032258,23.496774193548386,109.5,85.45161290322581
BALI,2023-04-01,26.07,28.69333333333333,23.756666666666668,210.3,87.33333333333333
BALI,2023-05-01,26.187096774193545,28.56451612903226,23.96451612903226,96.89999999999999,80.58064516129032
BALI,2023-06-01,25.77,28.376666666666665,23.233333333333334,51.3,81.66666666666667
BALI,2023-07-01,24.825806451612905,26.961290322580645,22.73225806451613,108.89999999999999,81.87096774193549
BALI,2023-08-01,24.348387096774193,27.26451612903226,21.529032258064515,35.3,84.06451612903226
BALI,2023-09-01,24.853333333333335,28.073333333333334,21.80666666666667,33.8,82.26666666666667
BALI,2023-10-01,26.638709677419353,30.416129032258063,23.11935483870968,36.6,82.06451612903226
BALI,2023-11-01,27.1,30.86,23.9,91.7,81.36666666666666
BALI,2023-12-01,27.270967741935483,30.951612903225808,24.032258064516128,102.7,79.12903225806451
BALI,2024-01-01,27.54516129032258,30.99032258064516,24.9,152.7,80.16129032258064
BALI,2024-02-01,26.93103448275862,30.682758620689654,24.344827586206897,246.0,85.34482758620689
BALI,2024-03-01,27.241935483870968,30.516129032258064,24.703225806451613,285.7,83.51612903225806
BALI,2024-04-01,26.779999999999998,29.486666666666668,24.516666666666666,230.3,87.36666666666666
BALI,2024-05-01,26.425806451612903,28.948387096774194,24.229032258064517,90.3,85.48387096774194
BALI,2024-06-01,25.763333333333332,28.113333333333333,23.596666666666668,80.8,83.7
BALI,2024-07-01,25.13225806451613,27.612903225806452,22.97741935483871,80.8,81.41935483870968
DI YOGYAKARTA,2004-01-01,25.154838709677417,28.416129032258063,22.738709677419354,326.9,89.58064516129032
DI YOGYAKARTA,2004-02-01,25.017241379310345,28.548275862068966,22.57241379310345,249.2,89.93103448275862
DI YOGYAKARTA,2004-03-01,25.048387096774192,28.593548387096774,22.638709677419353,286.0,89.96774193548387
DI YOGYAKARTA,2004-04-01,25.896666666666665,29.8,22.506666666666668,137.3,85.63333333333334
DI YOGYAKARTA,2004-05-01,25.248387096774195,28.812903225806455,22.496774193548386,179.6,87.70967741935483
DI YOGYAKARTA,2004-06-01,24.62333333333333,29.02,20.413333333333334,26.3,80.16666666666667
DI YOGYAKARTA,2004-07-01,24.82903225806452,29.07741935483871,21.17096774193548,107.5,81.54838709677419
DI YOGYAKARTA,2004-08-01,23.96451612903226,28.83225806451613,19.76451612903226,7.2,77.90322580645162
DI YOGYAKARTA,2004-09-01,25.17,29.993333333333332,21.75,28.9,79.2
DI YOGYAKARTA,2004-10-01,25.322580645161292,30.067741935483873,21.961290322580645,81.2,80.0
DI YOGYAKARTA,2004-11-01,25.32,28.976666666666667,22.916666666666668,507.4,88.6
DI YOGYAKARTA,2004-12-01,24.84193548387097,27.958064516129035,22.583870967741937,459.8,90.03225806451613
DI YOGYAKARTA,2005-01-01,25.096774193548388,28.393548387096775,22.596774193548388,275.9,89.35483870967742
DI YOGYAKARTA,2005-02-01,25.478571428571428,29.17142857142857,22.810714285714287,290.6,89.07142857142857
DI YOGYAKARTA,2005-03-01,25.67096774193548,29.287096774193547,22.887096774193548,219.1,88.58064516129032
DI YOGYAKARTA,2005-04-01,25.470000000000002,29.23,22.41,226.7,87.83333333333333
DI YOGYAKARTA,2005-05-01,25.95483870967742,30.129032258064516,22.067741935483873,57.5,82.25806451612904
DI YOGYAKARTA,2005-06-01,25.543333333333333,29.490000000000002,22.353333333333335,307.8,85.6
DI YOGYAKARTA,2005-07-01,24.293548387096774,28.25483870967742,20.812903225806455,139.2,84.61290322580645
DI YOGYAKARTA,2005-08-01,24.283870967741933,28.30322580645161,20.76451612903226,48.4,81.58064516129032
DI YOGYAKARTA,2005-09-01,24.990000000000002,29.16,21.7,83.4,82.0
DI YOGYAKARTA,2005-10-01,25.187096774193545,28.835483870967742,22.62258064516129,206.8,85.06451612903226
DI YOGYAKARTA,2005-11-01,25.39333333333333,28.953333333333333,22.720000000000002,207.2,83.66666666666667
DI YOGYAKARTA,2005-12-01,24.509677419354837,27.651612903225807,22.519354838709678,488.7,91.38709677419355
DI YOGYAKARTA,2006-01-01,24.687096774193545,27.93548387096774,22.31935483870968,344.0,89.83870967741936
DI YOGYAKARTA,2006-02-01,24.932142857142857,28.353571428571428,22.510714285714283,268.0,90.5
DI YOGYAKARTA,2006-03-01,25.258064516129032,28.887096774193548,22.59032258064516,339.9,88.87096774193549
DI YOGYAKARTA,2006-04-01,24.87,28.34333333333333,22.266666666666666,320.0,89.7
DI YOGYAKARTA,2006-05-01,24.90967741935484,28.851612903225806,21.861290322580647,242.8,88.61290322580645
DI YOGYAKARTA,2006-06-01,24.006666666666668,27.87,20.573333333333334,31.9,84.83333333333333
DI YOGYAKARTA,2006-07-01,23.664516129032258,28.15806451612903,20.148387096774194,17.400000000000002,82.51612903225806
DI YOGYAKARTA,2006-08-01,23.82903225806452,28.83225806451613,19.94193548387097,4.6,77.41935483870968
DI YOGYAKARTA,2006-09-01,23.686666666666667,29.029999999999998,19.77,7.4,78.13333333333334
DI YOGYAKARTA,2006-10-01,25.225806451612904,30.40967741935484,21.48709677419355,15.5,79.25806451612904
DI YOGYAKARTA,2006-11-01,26.386666666666667,30.743333333333336,23.17,166.2,81.9
DI YOGYAKARTA,2006-12-01,25.53548387096774,28.970967741935485,23.17096774193548,461.6,88.74193548387096
DI YOGYAKARTA,2007-01-01,25.06451612903226,28.641935483870967,22.23548387096774,182.6,86.51612903225806
DI YOGYAKARTA,2007-02-01,25.11785714285714,28.642857142857142,22.710714285714285,403.7,89.85714285714286
DI YOGYAKARTA,2007-03-01,24.970967741935485,28.43548387096774,22.596774193548388,318.1,90.0
DI YOGYAKARTA,2007-04-01,25.27,28.783333333333335,22.68,386.9,90.46666666666667
DI YOGYAKARTA,2007-05-01,25.52258064516129,29.4,22.383870967741935,167.5,86.87096774193549
DI YOGYAKARTA,2007-06-01,24.540000000000003,28.323333333333334,21.28666666666667,106.5,86.63333333333334
DI YOGYAKARTA,2007-07-01,24.351612903225806,28.40967741935484,21.135483870967743,19.9,83.09677419354838
DI YOGYAKARTA,2007-08-01,23.893548387096775,28.37741935483871,20.280645161290323,18.7,79.93548387096774
DI YOGYAKARTA,2007-09-01,24.040000000000003,28.80666666666667,20.4,22.0,80.16666666666667
DI YOGYAKARTA,2007-10-01,25.05483870967742,29.283870967741933,22.135483870967743,146.8,83.06451612903226
DI YOGYAKARTA,2007-11-01,24.853333333333335,28.253333333333334,22.246666666666666,269.8,86.76666666666667
DI YOGYAKARTA,2007-12-01,25.067741935483873,28.561290322580643,22.822580645161292,545.2,89.70967741935483
DI YOGYAKARTA,2008-01-01,24.896774193548385,28.212903225806453,22.416129032258063,304.0,89.09677419354838
DI YOGYAKARTA,2008-02-01,25.02758620689655,28.717241379310344,22.658620689655173,255.9,89.13793103448276
DI YOGYAKARTA,2008-03-01,24.858064516129033,28.583870967741937,22.270967741935483,420.09999999999997,89.93548387096774
DI YOGYAKARTA,2008-04-01,25.34,29.203333333333333,22.196666666666665,224.4,86.73333333333333
DI YOGYAKARTA,2008-05-01,24.641935483870967,28.60967741935484,20.993548387096773,78.7,84.19354838709677
DI YOGYAKARTA,2008-06-01,24.8,29.243333333333332,21.073333333333334,41.6,82.03333333333333
DI YOGYAKARTA,2008-07-01,23.55806451612903,28.596774193548388,19.309677419354838,4.5,79.41935483870968
DI YOGYAKARTA,2008-08-01,24.66774193548387,29.32903225806452,21.34193548387097,24.0,79.45161290322581
DI YOGYAKARTA,2008-09-01,25.16,30.02,21.91,24.0,79.8
DI YOGYAKARTA,2008-10-01,25.706451612903226,29.870967741935484,22.845161290322583,252.7,84.58064516129032
DI YOGYAKARTA,2008-11-01,25.19333333333333,28.740000000000002,22.776666666666664,443.4,89.03333333333333
DI YOGYAKARTA,2008-12-01,24.674193548387095,27.429032258064513,22.551612903225806,253.4,89.06451612903226
DI YOGYAKARTA,2009-01-01,24.80322580645161,28.148387096774194,22.338709677419356,296.8,89.09677419354838
DI YOGYAKARTA,2009-02-01,24.646428571428572,28.064285714285713,22.375,356.90000000000003,90.17857142857143
DI YOGYAKARTA,2009-03-01,25.216129032258067,28.874193548387098,22.238709677419354,268.9,88.19354838709677
DI YOGYAKARTA,2009-04-01,25.53666666666667,29.436666666666667,22.503333333333334,238.1,88.43333333333334
DI YOGYAKARTA,2009-05-01,25.383870967741935,29.219354838709677,22.358064516129033,224.3,88.09677419354838
DI YOGYAKARTA,2009-06-01,25.206666666666667,29.326666666666664,21.55666666666667,78.1,84.63333333333334
DI YOGYAKARTA,2009-07-01,24.345161290322583,28.967741935483872,20.070967741935487,37.3,80.90322580645162
DI YOGYAKARTA,2009-08-01,24.45483870967742,29.570967741935487,20.20967741935484,4.699999999999999,79.2258064516129
DI YOGYAKARTA,2009-09-01,24.69,28.990000000000002,21.7,38.3,81.43333333333334
DI YOGYAKARTA,2009-10-01,25.529032258064515,29.77741935483871,22.54516129032258,137.3,82.2258064516129
DI YOGYAKARTA,2009-11-01,25.783333333333335,29.486666666666668,22.883333333333333,274.4,85.43333333333334
DI YOGYAKARTA,2009-12-01,25.580645161290324,29.02258064516129,22.938709677419357,287.6,86.54838709677419
DI YOGYAKARTA,2010-01-01,25.11935483870968,28.47741935483871,22.84193548387097,280.4,90.09677419354838
DI YOGYAKARTA,2010-02-01,25.692857142857143,29.24642857142857,23.157142857142855,374.2,89.96428571428571
DI YOGYAKARTA,2010-03-01,25.712903225806453,29.29032258064516,23.299999999999997,464.2,89.87096774193549
DI YOGYAKARTA,2010-04-01,25.746666666666666,29.256666666666668,23.32,280.2,90.2
DI YOGYAKARTA,2010-05-01,25.858064516129033,29.23225806451613,23.529032258064515,509.5,90.45161290322581
DI YOGYAKARTA,2010-06-01,25.403333333333332,28.983333333333334,22.563333333333333,178.2,87.56666666666666
DI YOGYAKARTA,2010-07-01,24.85483870967742,28.45483870967742,21.938709677419357,203.7,87.51612903225806
DI YOGYAKARTA,2010-08-01,25.516129032258064,29.36774193548387,22.248387096774195,99.10000000000001,83.51612903225806
DI YOGYAKARTA,2010-09-01,25.34,29.133333333333333,22.60666666666667,402.3,87.06666666666666
DI YOGYAKARTA,2010-10-01,25.23225806451613,28.81935483870968,22.516129032258064,309.4,87.25806451612904
DI YOGYAKARTA,2010-11-01,25.37,28.826666666666664,22.823333333333334,401.9,89.26666666666667
DI YOGYAKARTA,2010-12-01,24.89032258064516,28.22258064516129,22.6,418.1,89.35483870967742
DI YOGYAKARTA,2011-01-01,25.032258064516128,28.82903225806452,22.448387096774194,268.2,88.61290322580645
DI YOGYAKARTA,2011-02-01,25.103571428571428,28.857142857142858,22.375,203.7,87.82142857142857
DI YOGYAKARTA,2011-03-01,24.812903225806455,28.16774193548387,22.4741935483871,217.7,89.0
DI YOGYAKARTA,2011-04-01,24.83,28.206666666666667,22.31,300.1,90.13333333333334
DI YOGYAKARTA,2011-05-01,25.041935483870965,28.370967741935484,22.212903225806453,162.3,88.41935483870968
DI YOGYAKARTA,2011-06-01,24.523333333333333,28.483333333333334,20.903333333333332,30.8,82.8
DI YOGYAKARTA,2011-07-01,24.503225806451614,29.16774193548387,20.693548387096776,28.5,80.38709677419355
DI YOGYAKARTA,2011-08-01,23.96451612903226,29.032258064516128,20.070967741935487,4.5,78.29032258064517
DI YOGYAKARTA,2011-09-01,24.386666666666667,29.2,21.253333333333334,21.7,79.96666666666667
DI YOGYAKARTA,2011-10-01,25.25483870967742,29.81935483870968,22.093548387096774,124.8,82.03225806451613
DI YOGYAKARTA,2011-11-01,25.09333333333333,28.44333333333333,22.779999999999998,533.9,89.53333333333333
DI YOGYAKARTA,2011-12-01,25.26774193548387,28.65806451612903,22.951612903225808,271.2,89.35483870967742
DI YOGYAKARTA,2012-01-01,25.029032258064515,28.42258064516129,22.664516129032258,290.6,89.2258064516129
DI YOGYAKARTA,2012-02-01,25.06896551724138,28.627586206896552,22.386206896551727,326.2,89.20689655172414
DI YOGYAKARTA,2012-03-01,24.94516129032258,28.203225806451613,22.41290322580645,297.7,88.58064516129032
DI YOGYAKARTA,2012-04-01,25.35666666666667,29.23,22.27,330.2,87.3
DI YOGYAKARTA,2012-05-01,25.13225806451613,28.94516129032258,21.706451612903226,184.3,85.74193548387096
DI YOGYAKARTA,2012-06-01,24.65666666666667,28.7,21.103333333333335,78.8,83.66666666666667
DI YOGYAKARTA,2012-07-01,23.738709677419354,28.093548387096774,20.270967741935483,12.1,80.35483870967742
DI YOGYAKARTA,2012-08-01,23.583870967741937,28.470967741935485,19.719354838709677,6.9,78.29032258064517
DI YOGYAKARTA,2012-09-01,24.509999999999998,29.413333333333334,21.066666666666666,18.6,79.53333333333333
DI YOGYAKARTA,2012-10-01,25.73225806451613,30.4,22.467741935483872,122.2,81.3225806451613
DI YOGYAKARTA,2012-11-01,25.64,29.32,23.103333333333335,354.5,86.8
DI YOGYAKARTA,2012-12-01,25.04516129032258,28.44516129032258,22.861290322580647,502.7,90.83870967741936
DI YOGYAKARTA,2013-01-01,24.996774193548386,28.074193548387097,22.919354838709676,340.6,90.45161290322581
DI YOGYAKARTA,2013-02-01,25.460714285714285,29.146428571428572,22.817857142857143,385.9,89.39285714285714
DI YOGYAKARTA,2013-03-01,25.429032258064513,28.932258064516127,22.787096774193547,191.0,89.6774193548387
DI YOGYAKARTA,2013-04-01,25.813333333333333,29.453333333333333,23.103333333333335,301.3,88.36666666666666
DI YOGYAKARTA,2013-05-01,25.570967741935487,29.20967741935484,22.83225806451613,271.40000000000003,88.83870967741936
DI YOGYAKARTA,2013-06-01,25.256666666666668,28.740000000000002,22.75,225.9,89.0
DI YOGYAKARTA,2013-07-01,24.270967741935483,27.77741935483871,21.33225806451613,155.4,86.45161290322581
DI YOGYAKARTA,2013-08-01,24.338709677419356,28.84193548387097,20.403225806451612,10.8,80.45161290322581
DI YOGYAKARTA,2013-09-01,24.83,29.9,21.053333333333335,7.6,78.23333333333333
DI YOGYAKARTA,2013-10-01,25.6,30.238709677419354,22.1,129.7,80.38709677419355
DI YOGYAKARTA,2013-11-01,25.173333333333336,28.67,22.65666666666667,256.6,87.23333333333333
DI YOGYAKARTA,2013-12-01,24.780645161290323,27.629032258064516,22.596774193548388,434.2,89.90322580645162
DI YOGYAKARTA,2014-01-01,24.59032258064516,27.838709677419356,22.361290322580647,389.0,90.09677419354838
DI YOGYAKARTA,2014-02-01,25.178571428571427,28.760714285714283,22.489285714285717,339.7,88.14285714285714
DI YOGYAKARTA,2014-03-01,25.616129032258065,29.34193548387097,22.64516129032258,271.6,87.80645161290323
DI YOGYAKARTA,2014-04-01,25.353333333333335,28.92,22.576666666666664,201.2,89.23333333333333
DI YOGYAKARTA,2014-05-01,26.041935483870965,29.95483870967742,22.648387096774194,115.2,85.58064516129032
DI YOGYAKARTA,2014-06-01,25.88,29.863333333333333,22.416666666666668,153.5,84.0
DI YOGYAKARTA,2014-07-01,24.72258064516129,28.177419354838708,21.432258064516127,88.8,82.61290322580645
DI YOGYAKARTA,2014-08-01,24.929032258064513,29.654838709677417,21.1,12.8,78.3225806451613
DI YOGYAKARTA,2014-09-01,24.709999999999997,30.203333333333333,20.756666666666668,3.8,77.76666666666667
DI YOGYAKARTA,2014-10-01,25.787096774193547,30.864516129032257,22.251612903225805,41.3,78.96774193548387
DI YOGYAKARTA,2014-11-01,25.616666666666667,29.48,22.853333333333335,298.59999999999997,86.86666666666666
DI YOGYAKARTA,2014-12-01,24.967741935483872,27.92258064516129,22.906451612903226,393.4,90.29032258064517
DI YOGYAKARTA,2015-01-01,24.94193548387097,28.183870967741935,22.55806451612903,267.5,88.35483870967742
DI YOGYAKARTA,2015-02-01,25.114285714285717,28.74285714285714,22.485714285714288,323.2,88.92857142857143
DI YOGYAKARTA,2015-03-01,25.270967741935483,29.09032258064516,22.661290322580644,331.8,88.7741935483871
DI YOGYAKARTA,2015-04-01,25.433333333333334,29.003333333333334,22.990000000000002,476.0,89.26666666666667
DI YOGYAKARTA,2015-05-01,25.12258064516129,29.074193548387097,21.532258064516128,96.3,85.64516129032258
DI YOGYAKARTA,2015-06-01,24.876666666666665,29.3,20.863333333333333,48.099999999999994,82.76666666666667
DI YOGYAKARTA,2015-07-01,24.896774193548385,29.88064516129032,20.77741935483871,13.4,79.09677419354838
DI YOGYAKARTA,2015-08-01,24.567741935483873,30.02258064516129,20.309677419354838,9.3,77.93548387096774
DI YOGYAKARTA,2015-09-01,24.923333333333336,30.626666666666665,21.203333333333333,1.7,77.0
DI YOGYAKARTA,2015-10-01,26.403225806451612,32.37096774193548,22.241935483870968,14.6,76.2258064516129
DI YOGYAKARTA,2015-11-01,26.21333333333333,30.353333333333335,23.203333333333333,275.7,84.4
DI YOGYAKARTA,2015-12-01,25.56451612903226,28.967741935483872,23.26451612903226,446.1,89.35483870967742
DI YOGYAKARTA,2016-01-01,26.27741935483871,30.009677419354837,23.603225806451615,317.9,87.74193548387096
DI YOGYAKARTA,2016-02-01,25.400000000000002,28.47241379310345,23.21379310344828,387.7,90.89655172413794
DI YOGYAKARTA,2016-03-01,26.187096774193545,29.651612903225807,23.6,348.0,89.03225806451613
DI YOGYAKARTA,2016-04-01,26.263333333333332,29.983333333333334,23.490000000000002,326.8,88.0
DI YOGYAKARTA,2016-05-01,26.23225806451613,29.90967741935484,23.41290322580645,232.5,88.25806451612904
DI YOGYAKARTA,2016-06-01,25.486666666666668,29.103333333333335,22.64,389.5,87.9
DI YOGYAKARTA,2016-07-01,25.393548387096775,29.148387096774194,22.30322580645161,161.79999999999998,86.6774193548387
DI YOGYAKARTA,2016-08-01,25.206451612903226,29.006451612903227,21.925806451612903,121.9,84.16129032258064
DI YOGYAKARTA,2016-09-01,25.540000000000003,29.3,22.773333333333333,341.9,86.5
DI YOGYAKARTA,2016-10-01,25.364516129032257,28.796774193548387,23.067741935483873,492.3,89.35483870967742
DI YOGYAKARTA,2016-11-01,25.31,28.746666666666666,23.009999999999998,417.5,90.5
DI YOGYAKARTA,2016-12-01,25.15806451612903,28.274193548387096,23.0,350.3,87.80645161290323
DI YOGYAKARTA,2017-01-01,25.470967741935485,29.16774193548387,23.032258064516128,265.8,85.83870967741936
DI YOGYAKARTA,2017-02-01,25.282142857142855,29.125,22.77857142857143,378.0,86.5
DI YOGYAKARTA,2017-03-01,25.758064516129032,29.629032258064516,23.041935483870965,191.3,85.64516129032258
DI YOGYAKARTA,2017-04-01,25.83,29.540000000000003,23.313333333333333,279.0,86.2
DI YOGYAKARTA,2017-05-01,25.990322580645163,29.980645161290322,22.887096774193548,122.4,82.80645161290323
DI YOGYAKARTA,2017-06-01,25.873333333333335,30.35666666666667,22.626666666666665,105.2,81.46666666666667
DI YOGYAKARTA,2017-07-01,25.241935483870968,29.929032258064517,21.654838709677417,35.4,77.70967741935483
DI YOGYAKARTA,2017-08-01,25.287096774193547,30.9741935483871,21.106451612903225,9.6,73.58064516129032
DI YOGYAKARTA,2017-09-01,25.959999999999997,31.610000000000003,22.21333333333333,87.5,74.33333333333333
DI YOGYAKARTA,2017-10-01,25.66774193548387,29.270967741935483,23.09032258064516,192.5,84.09677419354838
DI YOGYAKARTA,2017-11-01,25.206666666666667,28.553333333333335,23.033333333333335,551.2,87.53333333333333
DI YOGYAKARTA,2017-12-01,25.551612903225806,29.116129032258065,22.990322580645163,166.8,84.2258064516129
DI YOGYAKARTA,2018-01-01,25.20967741935484,28.635483870967743,22.864516129032257,434.6,86.25806451612904
DI YOGYAKARTA,2018-02-01,25.25714285714286,28.97142857142857,22.72142857142857,271.1,86.5
DI YOGYAKARTA,2018-03-01,25.612903225806452,29.56451612903226,22.851612903225806,182.0,85.2258064516129
DI YOGYAKARTA,2018-04-01,26.363333333333333,30.576666666666664,23.209999999999997,110.3,82.8
DI YOGYAKARTA,2018-05-01,26.967741935483872,32.67741935483871,22.60967741935484,54.8,73.93548387096774
DI YOGYAKARTA,2018-06-01,26.373333333333335,32.36333333333333,21.946666666666665,31.0,73.23333333333333
DI YOGYAKARTA,2018-07-01,24.870967741935484,31.37741935483871,19.864516129032257,8.4,70.90322580645162
DI YOGYAKARTA,2018-08-01,24.690322580645162,30.461290322580645,20.212903225806453,17.9,72.03225806451613
DI YOGYAKARTA,2018-09-01,25.59,31.063333333333333,21.603333333333335,39.8,73.86666666666666
DI YOGYAKARTA,2018-10-01,26.796774193548387,32.561290322580646,22.493548387096773,36.9,72.58064516129032
DI YOGYAKARTA,2018-11-01,26.153333333333332,29.84,23.476666666666667,457.5,84.06666666666666
DI YOGYAKARTA,2018-12-01,25.65806451612903,28.648387096774194,23.616129032258065,271.0,86.45161290322581
DI YOGYAKARTA,2019-01-01,25.654838709677417,29.38064516129032,23.27741935483871,447.3,88.0
DI YOGYAKARTA,2019-02-01,25.92142857142857,29.832142857142856,23.178571428571427,343.5,87.32142857142857
DI YOGYAKARTA,2019-03-01,25.57741935483871,29.161290322580644,23.070967741935487,423.4,87.64516129032258
DI YOGYAKARTA,2019-04-01,26.433333333333334,30.4,23.636666666666667,214.7,85.63333333333334
DI YOGYAKARTA,2019-05-01,26.73225806451613,31.561290322580643,22.76774193548387,47.3,76.83870967741936
DI YOGYAKARTA,2019-06-01,25.846666666666668,32.43333333333333,20.75,6.4,70.43333333333334
DI YOGYAKARTA,2019-07-01,25.45483870967742,32.354838709677416,20.41290322580645,7.4,70.29032258064517
DI YOGYAKARTA,2019-08-01,25.296774193548387,32.167741935483875,20.177419354838708,5.0,69.35483870967742
DI YOGYAKARTA,2019-09-01,26.14333333333333,33.78333333333333,21.023333333333333,3.3,67.46666666666667
DI YOGYAKARTA,2019-10-01,27.129032258064516,33.76774193548387,22.703225806451613,35.0,71.2258064516129
DI YOGYAKARTA,2019-11-01,26.956666666666667,32.11333333333333,23.23,123.1,76.43333333333334
DI YOGYAKARTA,2019-12-01,26.451612903225808,30.635483870967743,23.725806451612904,311.3,85.96774193548387
DI YOGYAKARTA,2020-01-01,26.129032258064516,29.82903225806452,23.425806451612903,239.7,86.12903225806451
DI YOGYAKARTA,2020-02-01,25.975862068965515,29.75172413793103,23.56551724137931,302.1,88.86206896551724
DI YOGYAKARTA,2020-03-01,26.103225806451615,29.958064516129035,23.438709677419357,548.1,88.12903225806451
DI YOGYAKARTA,2020-04-01,26.456666666666667,30.326666666666664,23.529999999999998,210.8,86.73333333333333
DI YOGYAKARTA,2020-05-01,26.783870967741933,30.703225806451613,23.751612903225805,187.3,83.80645161290323
DI YOGYAKARTA,2020-06-01,25.836666666666666,30.063333333333333,22.42,72.9,82.3
DI YOGYAKARTA,2020-07-01,25.57741935483871,30.88064516129032,21.393548387096775,23.0,76.45161290322581
DI YOGYAKARTA,2020-08-01,25.9,31.993548387096773,21.46451612903226,43.4,75.38709677419355
DI YOGYAKARTA,2020-09-01,26.676666666666666,32.24333333333333,22.64333333333333,68.2,73.7
DI YOGYAKARTA,2020-10-01,26.125806451612902,30.561290322580643,23.26774193548387,248.5,82.03225806451613
DI YOGYAKARTA,2020-11-01,25.883333333333333,29.576666666666664,23.31,452.0,87.16666666666667
DI YOGYAKARTA,2020-12-01,25.27741935483871,28.76451612903226,22.970967741935485,399.8,88.25806451612904
DI YOGYAKARTA,2021-01-01,25.348387096774193,29.032258064516128,22.961290322580645,358.5,87.58064516129032
DI YOGYAKARTA,2021-02-01,25.285714285714285,28.960714285714285,22.87142857142857,486.3,88.64285714285714
DI YOGYAKARTA,2021-03-01,25.716129032258067,29.700000000000003,22.864516129032257,206.6,85.96774193548387
DI YOGYAKARTA,2021-04-01,26.146666666666665,30.493333333333332,22.87,168.0,83.8
DI YOGYAKARTA,2021-05-01,26.96451612903226,31.674193548387095,23.219354838709677,74.4,79.09677419354838
DI YOGYAKARTA,2021-06-01,26.25,30.94,22.946666666666665,327.79999999999995,83.26666666666667
DI YOGYAKARTA,2021-07-01,25.322580645161292,30.296774193548387,21.270967741935483,30.7,79.80645161290323
DI YOGYAKARTA,2021-08-01,25.85483870967742,30.79032258064516,21.98709677419355,50.199999999999996,77.3225806451613
DI YOGYAKARTA,2021-09-01,25.87,30.653333333333332,22.573333333333334,125.3,79.86666666666666
DI YOGYAKARTA,2021-10-01,25.864516129032257,30.493548387096773,22.654838709677417,173.6,80.83870967741936
DI YOGYAKARTA,2021-11-01,25.336666666666666,29.173333333333336,22.88,509.0,88.33333333333333
DI YOGYAKARTA,2021-12-01,25.55806451612903,29.43548387096774,22.92258064516129,314.2,87.70967741935483
DI YOGYAKARTA,2022-01-01,25.335483870967742,29.47741935483871,22.43548387096774,279.3,85.70967741935483
DI YOGYAKARTA,2022-02-01,25.45,29.460714285714285,22.714285714285715,280.1,86.96428571428571
DI YOGYAKARTA,2022-03-01,25.448387096774194,29.677419354838708,22.687096774193545,345.4,87.90322580645162
DI YOGYAKARTA,2022-04-01,25.540000000000003,29.926666666666666,22.7,357.5,87.5
DI YOGYAKARTA,2022-05-01,26.074193548387097,30.322580645161292,23.164516129032258,252.4,86.25806451612904
DI YOGYAKARTA,2022-06-01,25.216666666666665,29.293333333333333,22.226666666666667,231.3,85.43333333333334
DI YOGYAKARTA,2022-07-01,25.219354838709677,30.003225806451614,21.448387096774194,65.4,81.48387096774194
DI YOGYAKARTA,2022-08-01,25.27741935483871,30.03548387096774,21.64516129032258,115.7,80.12903225806451
DI YOGYAKARTA,2022-09-01,25.516666666666666,30.126666666666665,22.290000000000003,198.4,82.2
DI YOGYAKARTA,2022-10-01,24.97741935483871,28.529032258064515,22.648387096774194,403.9,86.41935483870968
DI YOGYAKARTA,2022-11-01,25.026666666666664,28.813333333333333,22.596666666666668,505.6,88.9
DI YOGYAKARTA,2022-12-01,25.15806451612903,29.029032258064515,22.361290322580647,359.9,87.0
DI YOGYAKARTA,2023-01-01,25.258064516129032,28.96451612903226,22.47741935483871,215.3,86.48387096774194
DI YOGYAKARTA,2023-02-01,25.05,28.932142857142857,22.667857142857144,459.6,88.10714285714286
DI YOGYAKARTA,2023-03-01,25.612903225806452,29.906451612903226,22.616129032258065,321.8,86.16129032258064
DI YOGYAKARTA,2023-04-01,25.836666666666666,30.03666666666667,22.86,236.3,85.06666666666666
DI YOGYAKARTA,2023-05-01,26.106451612903225,30.993548387096773,22.274193548387096,110.2,79.6774193548387
DI YOGYAKARTA,2023-06-01,26.033333333333335,31.173333333333336,22.256666666666668,62.1,79.4
DI YOGYAKARTA,2023-07-01,24.70967741935484,29.738709677419354,20.748387096774195,63.8,78.35483870967742
DI YOGYAKARTA,2023-08-01,24.94193548387097,31.716129032258067,20.009677419354837,6.2,73.64516129032258
DI YOGYAKARTA,2023-09-01,25.39333333333333,32.25,20.85666666666667,13.7,71.93333333333334
DI YOGYAKARTA,2023-10-01,27.23548387096774,33.83870967741935,22.793548387096774,40.8,73.58064516129032
DI YOGYAKARTA,2023-11-01,26.89333333333333,32.00333333333334,23.38,165.3,80.56666666666666
DI YOGYAKARTA,2023-12-01,26.493548387096773,31.141935483870967,23.112903225806452,154.5,78.7741935483871
DI YOGYAKARTA,2024-01-01,25.79032258064516,29.53548387096774,23.30322580645161,391.9,87.45161290322581
DI YOGYAKARTA,2024-02-01,26.26206896551724,30.217241379310344,23.379310344827587,287.7,86.44827586206897
DI YOGYAKARTA,2024-03-01,26.43548387096774,30.48709677419355,23.664516129032258,303.9,85.87096774193549
DI YOGYAKARTA,2024-04-01,26.60666666666667,30.69,23.923333333333336,312.8,87.06666666666666
DI YOGYAKARTA,2024-05-01,26.361290322580647,30.932258064516127,22.822580645161292,135.5,83.6774193548387
DI YOGYAKARTA,2024-06-01,26.186666666666667,31.103333333333335,22.496666666666666,53.9,81.23333333333333
DI YOGYAKARTA,2024-07-01,25.16774193548387,30.903225806451612,20.616129032258065,44.0,76.87096774193549
